{
    "info": {
        "description": "AIHub Bus Passenger Dataset",
        "year": 2020,
        "version": "1.0",
        "img_path": "",
        "width": 1920,
        "height": 1080,
        "G-Sensor": "-35,55,945",
        "Gyro": "0,0,0"
    },
    "annotations": [
        {
            "id": 0,
            "bbox": [
                568,
                475,
                1516,
                1079
            ],
            "occluded": true,
            "num_keypoints": 16,
            "keypoints": [
                857,
                982,
                0,
                726,
                1042,
                2,
                936,
                981,
                1,
                1453,
                833,
                0,
                1453,
                908,
                0,
                1453,
                982,
                0,
                946,
                1064,
                1,
                1116,
                901,
                2,
                1269,
                799,
                2,
                1317,
                681,
                2,
                737,
                879,
                2,
                960,
                824,
                2,
                1112,
                702,
                1,
                1440,
                1004,
                2,
                1554,
                717,
                0,
                899,
                971,
                0
            ],
            "action": "sit down",
            "age": "adult",
            "disabled": false,
            "mask": false,
            "get_on": false,
            "get_off": false
        }
    ]
}