{
    "info": {
        "description": "AIHub Bus Passenger Dataset",
        "year": 2020,
        "version": "1.0",
        "img_path": "",
        "width": 1920,
        "height": 1080,
        "G-Sensor": "-35,57,949",
        "Gyro": "0,0,0"
    },
    "annotations": [
        {
            "id": 0,
            "bbox": [
                486,
                674,
                1481,
                1079
            ],
            "occluded": true,
            "num_keypoints": 16,
            "keypoints": [
                813,
                1073,
                0,
                730,
                1006,
                2,
                934,
                997,
                2,
                1409,
                919,
                0,
                1409,
                996,
                0,
                1409,
                1073,
                0,
                944,
                1069,
                2,
                1035,
                1063,
                2,
                1080,
                1067,
                2,
                1186,
                961,
                2,
                667,
                891,
                2,
                887,
                847,
                2,
                1033,
                790,
                2,
                1343,
                1066,
                0,
                1510,
                799,
                0,
                855,
                1061,
                0
            ],
            "action": "sit down",
            "age": "adult",
            "disabled": false,
            "mask": false,
            "get_on": false,
            "get_off": false
        }
    ]
}