{
    "info": {
        "description": "AIHub Bus Passenger Dataset",
        "year": 2020,
        "version": "1.0",
        "img_path": "",
        "width": 1920,
        "height": 1080,
        "G-Sensor": "-27,51,947",
        "Gyro": "0,0,0"
    },
    "annotations": [
        {
            "id": 0,
            "bbox": [
                373,
                628,
                1510,
                1079
            ],
            "occluded": true,
            "num_keypoints": 16,
            "keypoints": [
                813,
                1073,
                0,
                730,
                1006,
                2,
                919,
                985,
                2,
                1409,
                919,
                0,
                1409,
                996,
                0,
                1409,
                1073,
                0,
                944,
                1069,
                2,
                1026,
                1045,
                2,
                1131,
                1005,
                2,
                1205,
                868,
                2,
                540,
                1009,
                2,
                819,
                863,
                2,
                1033,
                790,
                2,
                1343,
                1066,
                0,
                1510,
                799,
                0,
                855,
                1061,
                0
            ],
            "action": "sit down",
            "age": "adult",
            "disabled": false,
            "mask": false,
            "get_on": false,
            "get_off": false
        }
    ]
}