{
    "info": {
        "description": "AIHub Bus Passenger Dataset",
        "year": 2020,
        "version": "1.0",
        "img_path": "",
        "width": 1920,
        "height": 1080,
        "G-Sensor": "-41,55,953",
        "Gyro": "0,0,0"
    },
    "annotations": [
        {
            "id": 1,
            "bbox": [
                1067,
                195,
                1483,
                1079
            ],
            "occluded": true,
            "num_keypoints": 16,
            "keypoints": [
                1206,
                1047,
                1,
                1204,
                862,
                1,
                1199,
                675,
                2,
                1296,
                693,
                1,
                1324,
                860,
                1,
                1330,
                1048,
                1,
                1249,
                678,
                2,
                1259,
                499,
                2,
                1231,
                410,
                2,
                1183,
                318,
                2,
                1160,
                603,
                2,
                1189,
                509,
                2,
                1192,
                386,
                1,
                1369,
                403,
                1,
                1442,
                568,
                1,
                1433,
                666,
                1
            ],
            "action": "walk",
            "age": "adult",
            "disabled": false,
            "mask": false,
            "get_on": false,
            "get_off": false
        },
        {
            "id": 0,
            "bbox": [
                581,
                774,
                1361,
                1079
            ],
            "occluded": true,
            "num_keypoints": 16,
            "keypoints": [
                861,
                981,
                0,
                735,
                1008,
                2,
                886,
                988,
                1,
                1457,
                829,
                0,
                1457,
                905,
                0,
                1457,
                981,
                0,
                931,
                1068,
                1,
                1035,
                1069,
                0,
                1053,
                1069,
                0,
                1101,
                1052,
                0,
                750,
                892,
                2,
                911,
                849,
                1,
                1040,
                805,
                2,
                1260,
                1052,
                0,
                1558,
                710,
                0,
                903,
                969,
                0
            ],
            "action": "sit down",
            "age": "adult",
            "disabled": false,
            "mask": false,
            "get_on": false,
            "get_off": false
        }
    ]
}