{
    "info": {
        "description": "AIHub Bus Passenger Dataset",
        "year": 2020,
        "version": "1.0",
        "img_path": "",
        "width": 1920,
        "height": 1080,
        "G-Sensor": "-35,55,947",
        "Gyro": "0,0,0"
    },
    "annotations": [
        {
            "id": 0,
            "bbox": [
                575,
                480,
                1549,
                1079
            ],
            "occluded": true,
            "num_keypoints": 16,
            "keypoints": [
                932,
                985,
                0,
                736,
                1012,
                2,
                938,
                987,
                1,
                1528,
                840,
                0,
                1528,
                913,
                0,
                1528,
                985,
                0,
                953,
                1068,
                1,
                1083,
                897,
                2,
                1294,
                809,
                2,
                1414,
                687,
                2,
                752,
                889,
                2,
                966,
                837,
                2,
                1127,
                734,
                1,
                1382,
                1030,
                2,
                1629,
                727,
                0,
                1279,
                922,
                2
            ],
            "action": "sit down",
            "age": "adult",
            "disabled": false,
            "mask": false,
            "get_on": false,
            "get_off": false
        },
        {
            "id": 1,
            "bbox": [
                877,
                130,
                1013,
                553
            ],
            "occluded": true,
            "num_keypoints": 16,
            "keypoints": [
                931,
                515,
                2,
                974,
                438,
                1,
                980,
                354,
                2,
                929,
                350,
                2,
                939,
                442,
                2,
                953,
                515,
                2,
                947,
                333,
                2,
                953,
                227,
                2,
                960,
                188,
                2,
                964,
                147,
                2,
                980,
                266,
                1,
                1003,
                258,
                1,
                994,
                206,
                2,
                926,
                201,
                2,
                886,
                265,
                2,
                926,
                257,
                1
            ],
            "action": "walk",
            "age": "adult",
            "disabled": false,
            "mask": false,
            "get_on": false,
            "get_off": false
        }
    ]
}