{
    "info": {
        "description": "AIHub Bus Passenger Dataset",
        "year": 2020,
        "version": "1.0",
        "img_path": "",
        "width": 1920,
        "height": 1080,
        "G-Sensor": "-35,53,945",
        "Gyro": "0,0,0"
    },
    "annotations": [
        {
            "id": 0,
            "bbox": [
                581,
                469,
                1364,
                1079
            ],
            "occluded": true,
            "num_keypoints": 16,
            "keypoints": [
                861,
                981,
                0,
                743,
                1002,
                2,
                898,
                982,
                1,
                1457,
                829,
                0,
                1457,
                905,
                0,
                1457,
                981,
                0,
                941,
                1065,
                1,
                1019,
                941,
                2,
                1105,
                822,
                2,
                1170,
                695,
                2,
                744,
                896,
                2,
                898,
                854,
                2,
                979,
                755,
                1,
                1285,
                1060,
                2,
                1558,
                710,
                0,
                903,
                969,
                0
            ],
            "action": "sit down",
            "age": "adult",
            "disabled": false,
            "mask": false,
            "get_on": false,
            "get_off": false
        }
    ]
}