{
    "info": {
        "description": "AIHub Bus Passenger Dataset",
        "year": 2020,
        "version": "1.0",
        "img_path": "",
        "width": 1920,
        "height": 1080,
        "G-Sensor": "-39,57,947",
        "Gyro": "0,0,0"
    },
    "annotations": [
        {
            "id": 1,
            "bbox": [
                840,
                130,
                1001,
                580
            ],
            "occluded": true,
            "num_keypoints": 16,
            "keypoints": [
                898,
                542,
                2,
                927,
                436,
                2,
                910,
                392,
                2,
                901,
                344,
                2,
                912,
                433,
                2,
                940,
                508,
                2,
                924,
                344,
                2,
                929,
                233,
                2,
                934,
                194,
                2,
                939,
                158,
                2,
                951,
                273,
                1,
                986,
                260,
                1,
                974,
                211,
                2,
                892,
                203,
                2,
                856,
                244,
                2,
                900,
                260,
                1
            ],
            "action": "walk",
            "age": "adult",
            "disabled": false,
            "mask": false,
            "get_on": false,
            "get_off": false
        },
        {
            "id": 0,
            "bbox": [
                575,
                480,
                1549,
                1079
            ],
            "occluded": true,
            "num_keypoints": 16,
            "keypoints": [
                932,
                985,
                0,
                736,
                1012,
                2,
                938,
                987,
                1,
                1528,
                840,
                0,
                1528,
                913,
                0,
                1528,
                985,
                0,
                953,
                1068,
                1,
                1083,
                897,
                2,
                1294,
                809,
                1,
                1414,
                687,
                2,
                752,
                889,
                2,
                966,
                837,
                2,
                1127,
                734,
                1,
                1382,
                1030,
                2,
                1629,
                727,
                0,
                1260,
                868,
                2
            ],
            "action": "sit down",
            "age": "adult",
            "disabled": false,
            "mask": false,
            "get_on": false,
            "get_off": false
        }
    ]
}