{
    "info": {
        "description": "AIHub Bus Passenger Dataset",
        "year": 2020,
        "version": "1.0",
        "img_path": "",
        "width": 1920,
        "height": 1080,
        "G-Sensor": "-31,55,947",
        "Gyro": "0,0,0"
    },
    "annotations": [
        {
            "id": 0,
            "bbox": [
                536,
                626,
                1569,
                1079
            ],
            "occluded": true,
            "num_keypoints": 16,
            "keypoints": [
                752,
                1071,
                0,
                727,
                1004,
                0,
                957,
                998,
                0,
                1348,
                829,
                0,
                1348,
                950,
                0,
                1348,
                1071,
                0,
                998,
                1068,
                0,
                1116,
                1050,
                2,
                1214,
                994,
                1,
                1360,
                894,
                2,
                586,
                1079,
                1,
                850,
                886,
                2,
                1090,
                753,
                2,
                1415,
                1063,
                0,
                1449,
                641,
                0,
                1449,
                762,
                0
            ],
            "action": "sit down",
            "age": "adult",
            "disabled": false,
            "mask": false,
            "get_on": false,
            "get_off": false
        }
    ]
}