{
    "info": {
        "description": "AIHub Bus Passenger Dataset",
        "year": 2020,
        "version": "1.0",
        "img_path": "",
        "width": 1920,
        "height": 1080,
        "G-Sensor": "-37,55,945",
        "Gyro": "0,0,0"
    },
    "annotations": [
        {
            "id": 0,
            "bbox": [
                573,
                489,
                1506,
                1079
            ],
            "occluded": true,
            "num_keypoints": 16,
            "keypoints": [
                930,
                985,
                0,
                734,
                1012,
                2,
                945,
                969,
                1,
                1526,
                840,
                0,
                1526,
                913,
                0,
                1526,
                985,
                0,
                1029,
                1060,
                2,
                1125,
                940,
                2,
                1291,
                802,
                2,
                1331,
                654,
                2,
                750,
                889,
                2,
                964,
                837,
                2,
                1125,
                734,
                1,
                1336,
                1044,
                2,
                1627,
                727,
                0,
                1049,
                867,
                2
            ],
            "action": "sit down",
            "age": "adult",
            "disabled": false,
            "mask": false,
            "get_on": false,
            "get_off": false
        },
        {
            "id": 1,
            "bbox": [
                664,
                141,
                936,
                902
            ],
            "occluded": true,
            "num_keypoints": 16,
            "keypoints": [
                765,
                880,
                1,
                759,
                739,
                1,
                756,
                559,
                2,
                893,
                549,
                2,
                893,
                745,
                1,
                906,
                888,
                1,
                826,
                550,
                2,
                815,
                305,
                2,
                764,
                202,
                2,
                744,
                165,
                2,
                725,
                489,
                1,
                695,
                400,
                2,
                716,
                258,
                2,
                869,
                238,
                2,
                912,
                358,
                2,
                893,
                453,
                1
            ],
            "action": "walk",
            "age": "adult",
            "disabled": false,
            "mask": false,
            "get_on": false,
            "get_off": false
        }
    ]
}