{
    "info": {
        "description": "AIHub Bus Passenger Dataset",
        "year": 2020,
        "version": "1.0",
        "img_path": "",
        "width": 1920,
        "height": 1080,
        "G-Sensor": "-31,55,947",
        "Gyro": "0,0,0"
    },
    "annotations": [
        {
            "id": 0,
            "bbox": [
                538,
                466,
                1505,
                1079
            ],
            "occluded": true,
            "num_keypoints": 16,
            "keypoints": [
                753,
                1071,
                0,
                728,
                1004,
                2,
                958,
                998,
                2,
                1349,
                829,
                0,
                1349,
                950,
                0,
                1349,
                1071,
                0,
                999,
                1068,
                2,
                1146,
                918,
                2,
                1271,
                818,
                2,
                1276,
                678,
                2,
                741,
                901,
                2,
                953,
                836,
                2,
                1094,
                747,
                2,
                1398,
                1037,
                2,
                1450,
                641,
                0,
                1450,
                762,
                0
            ],
            "action": "sit down",
            "age": "adult",
            "disabled": false,
            "mask": false,
            "get_on": false,
            "get_off": false
        },
        {
            "id": 1,
            "bbox": [
                773,
                79,
                1169,
                1079
            ],
            "occluded": true,
            "num_keypoints": 16,
            "keypoints": [
                871,
                1064,
                1,
                863,
                890,
                1,
                863,
                731,
                1,
                909,
                669,
                1,
                953,
                853,
                1,
                969,
                1060,
                1,
                890,
                703,
                1,
                944,
                388,
                2,
                956,
                280,
                2,
                970,
                197,
                2,
                1136,
                601,
                2,
                934,
                564,
                2,
                820,
                364,
                2,
                957,
                308,
                1,
                977,
                437,
                2,
                1004,
                477,
                2
            ],
            "action": "walk",
            "age": "adult",
            "disabled": false,
            "mask": false,
            "get_on": false,
            "get_off": false
        }
    ]
}