{
    "info": {
        "description": "AIHub Bus Passenger Dataset",
        "year": 2020,
        "version": "1.0",
        "img_path": "",
        "width": 1920,
        "height": 1080,
        "G-Sensor": "-27,51,947",
        "Gyro": "0,0,0"
    },
    "annotations": [
        {
            "id": 0,
            "bbox": [
                403,
                531,
                1558,
                1079
            ],
            "occluded": true,
            "num_keypoints": 16,
            "keypoints": [
                861,
                976,
                0,
                721,
                1014,
                2,
                963,
                968,
                2,
                1457,
                822,
                0,
                1457,
                899,
                0,
                1457,
                976,
                0,
                987,
                1055,
                2,
                1104,
                965,
                2,
                1261,
                877,
                2,
                1339,
                752,
                2,
                613,
                929,
                2,
                884,
                832,
                2,
                1099,
                729,
                2,
                1405,
                1034,
                2,
                1558,
                702,
                0,
                903,
                964,
                0
            ],
            "action": "sit down",
            "age": "adult",
            "disabled": false,
            "mask": false,
            "get_on": false,
            "get_off": false
        }
    ]
}