{
    "info": {
        "description": "AIHub Bus Passenger Dataset",
        "year": 2020,
        "version": "1.0",
        "img_path": "",
        "width": 1920,
        "height": 1080,
        "G-Sensor": "-33,55,949",
        "Gyro": "0,0,0"
    },
    "annotations": [
        {
            "id": 1,
            "bbox": [
                818,
                114,
                959,
                520
            ],
            "occluded": true,
            "num_keypoints": 16,
            "keypoints": [
                926,
                470,
                2,
                927,
                406,
                2,
                924,
                337,
                2,
                879,
                337,
                2,
                880,
                406,
                2,
                880,
                486,
                2,
                904,
                318,
                2,
                900,
                213,
                2,
                899,
                179,
                2,
                901,
                149,
                2,
                920,
                254,
                1,
                949,
                253,
                1,
                948,
                197,
                2,
                856,
                197,
                2,
                833,
                253,
                2,
                871,
                259,
                1
            ],
            "action": "stand",
            "age": "adult",
            "disabled": false,
            "mask": false,
            "get_on": false,
            "get_off": false
        },
        {
            "id": 0,
            "bbox": [
                575,
                480,
                1549,
                1079
            ],
            "occluded": true,
            "num_keypoints": 16,
            "keypoints": [
                932,
                985,
                0,
                736,
                1012,
                2,
                938,
                987,
                1,
                1528,
                840,
                0,
                1528,
                913,
                0,
                1528,
                985,
                0,
                953,
                1068,
                1,
                1083,
                897,
                2,
                1294,
                809,
                2,
                1414,
                687,
                2,
                752,
                889,
                2,
                966,
                837,
                2,
                1127,
                734,
                1,
                1382,
                1030,
                2,
                1629,
                727,
                0,
                1209,
                862,
                2
            ],
            "action": "sit down",
            "age": "adult",
            "disabled": false,
            "mask": false,
            "get_on": false,
            "get_off": false
        }
    ]
}