{
    "info": {
        "description": "AIHub Bus Passenger Dataset",
        "year": 2020,
        "version": "1.0",
        "img_path": "",
        "width": 1920,
        "height": 1080,
        "G-Sensor": "-27,51,947",
        "Gyro": "0,0,0"
    },
    "annotations": [
        {
            "id": 0,
            "bbox": [
                371,
                698,
                1483,
                1079
            ],
            "occluded": true,
            "num_keypoints": 16,
            "keypoints": [
                813,
                1073,
                0,
                739,
                1013,
                2,
                934,
                997,
                2,
                1409,
                919,
                0,
                1409,
                996,
                0,
                1409,
                1073,
                0,
                951,
                1072,
                2,
                1023,
                1079,
                0,
                1130,
                1070,
                0,
                1266,
                932,
                2,
                495,
                1017,
                2,
                771,
                905,
                2,
                1019,
                818,
                2,
                1343,
                1066,
                0,
                1510,
                799,
                0,
                855,
                1061,
                0
            ],
            "action": "sit down",
            "age": "adult",
            "disabled": false,
            "mask": false,
            "get_on": false,
            "get_off": false
        }
    ]
}