{
    "info": {
        "description": "AIHub Bus Passenger Dataset",
        "year": 2020,
        "version": "1.0",
        "img_path": "",
        "width": 1920,
        "height": 1080,
        "G-Sensor": "-31,55,947",
        "Gyro": "0,0,0"
    },
    "annotations": [
        {
            "id": 0,
            "bbox": [
                691,
                519,
                1481,
                1079
            ],
            "occluded": true,
            "num_keypoints": 16,
            "keypoints": [
                813,
                1073,
                0,
                730,
                1006,
                2,
                908,
                999,
                1,
                1409,
                919,
                0,
                1409,
                996,
                0,
                1409,
                1073,
                0,
                960,
                1055,
                1,
                1113,
                954,
                2,
                1170,
                863,
                2,
                1253,
                707,
                2,
                652,
                1075,
                0,
                884,
                861,
                2,
                1077,
                733,
                2,
                1367,
                1061,
                2,
                1510,
                799,
                0,
                855,
                1061,
                2
            ],
            "action": "sit down",
            "age": "adult",
            "disabled": false,
            "mask": false,
            "get_on": false,
            "get_off": false
        }
    ]
}