{
    "info": {
        "description": "AIHub Bus Passenger Dataset",
        "year": 2020,
        "version": "1.0",
        "img_path": "",
        "width": 1920,
        "height": 1080,
        "G-Sensor": "-33,55,949",
        "Gyro": "0,0,0"
    },
    "annotations": [
        {
            "id": 1,
            "bbox": [
                834,
                114,
                987,
                513
            ],
            "occluded": true,
            "num_keypoints": 16,
            "keypoints": [
                965,
                480,
                1,
                953,
                400,
                2,
                948,
                318,
                2,
                886,
                318,
                2,
                883,
                406,
                2,
                880,
                486,
                2,
                921,
                318,
                2,
                924,
                210,
                2,
                922,
                175,
                2,
                919,
                143,
                2,
                945,
                266,
                1,
                986,
                257,
                1,
                966,
                197,
                2,
                880,
                197,
                2,
                856,
                253,
                2,
                885,
                264,
                1
            ],
            "action": "stand",
            "age": "adult",
            "disabled": false,
            "mask": false,
            "get_on": false,
            "get_off": false
        },
        {
            "id": 0,
            "bbox": [
                575,
                480,
                1549,
                1079
            ],
            "occluded": true,
            "num_keypoints": 16,
            "keypoints": [
                932,
                985,
                0,
                736,
                1012,
                2,
                938,
                987,
                1,
                1528,
                840,
                0,
                1528,
                913,
                0,
                1528,
                985,
                0,
                953,
                1068,
                1,
                1083,
                897,
                2,
                1294,
                809,
                2,
                1414,
                687,
                2,
                752,
                889,
                2,
                966,
                837,
                2,
                1127,
                734,
                1,
                1382,
                1030,
                2,
                1629,
                727,
                0,
                1355,
                949,
                2
            ],
            "action": "sit down",
            "age": "adult",
            "disabled": false,
            "mask": false,
            "get_on": false,
            "get_off": false
        }
    ]
}