{
    "info": {
        "description": "AIHub Bus Passenger Dataset",
        "year": 2020,
        "version": "1.0",
        "img_path": "",
        "width": 1920,
        "height": 1080,
        "G-Sensor": "-35,53,949",
        "Gyro": "0,0,0"
    },
    "annotations": [
        {
            "id": 0,
            "bbox": [
                578,
                432,
                1538,
                1079
            ],
            "occluded": true,
            "num_keypoints": 16,
            "keypoints": [
                861,
                976,
                0,
                743,
                997,
                2,
                948,
                974,
                1,
                1457,
                822,
                0,
                1457,
                899,
                0,
                1457,
                976,
                0,
                978,
                1060,
                1,
                1103,
                875,
                2,
                1283,
                737,
                2,
                1380,
                623,
                2,
                744,
                890,
                2,
                971,
                823,
                2,
                1099,
                729,
                2,
                1360,
                1058,
                2,
                1558,
                702,
                0,
                903,
                964,
                0
            ],
            "action": "sit down",
            "age": "adult",
            "disabled": false,
            "mask": false,
            "get_on": false,
            "get_off": false
        }
    ]
}