{
    "info": {
        "description": "AIHub Bus Passenger Dataset",
        "year": 2020,
        "version": "1.0",
        "img_path": "",
        "width": 1920,
        "height": 1080,
        "G-Sensor": "-35,55,947",
        "Gyro": "0,0,0"
    },
    "annotations": [
        {
            "id": 0,
            "bbox": [
                535,
                465,
                1502,
                1078
            ],
            "occluded": true,
            "num_keypoints": 16,
            "keypoints": [
                750,
                1070,
                0,
                725,
                1003,
                2,
                955,
                997,
                2,
                1346,
                828,
                0,
                1346,
                949,
                0,
                1346,
                1070,
                0,
                996,
                1067,
                2,
                1143,
                917,
                2,
                1229,
                825,
                2,
                1226,
                655,
                2,
                742,
                889,
                2,
                956,
                815,
                2,
                1091,
                746,
                2,
                1395,
                1036,
                2,
                1447,
                640,
                0,
                1447,
                761,
                0
            ],
            "action": "sit down",
            "age": "adult",
            "disabled": false,
            "mask": false,
            "get_on": false,
            "get_off": false
        }
    ]
}