{
    "info": {
        "description": "AIHub Bus Passenger Dataset",
        "year": 2020,
        "version": "1.0",
        "img_path": "",
        "width": 1920,
        "height": 1080,
        "G-Sensor": "-25,49,932",
        "Gyro": "0,0,0"
    },
    "annotations": [
        {
            "id": 0,
            "bbox": [
                568,
                478,
                1483,
                1079
            ],
            "occluded": true,
            "num_keypoints": 16,
            "keypoints": [
                861,
                981,
                0,
                730,
                1027,
                2,
                938,
                979,
                1,
                1457,
                829,
                0,
                1457,
                905,
                0,
                1457,
                981,
                0,
                950,
                1064,
                1,
                1068,
                899,
                2,
                1218,
                808,
                2,
                1154,
                684,
                2,
                741,
                875,
                2,
                964,
                819,
                2,
                1029,
                769,
                1,
                1418,
                974,
                2,
                1558,
                710,
                0,
                903,
                969,
                0
            ],
            "action": "sit down",
            "age": "adult",
            "disabled": false,
            "mask": false,
            "get_on": false,
            "get_off": false
        }
    ]
}