{
    "info": {
        "description": "AIHub Bus Passenger Dataset",
        "year": 2020,
        "version": "1.0",
        "img_path": "",
        "width": 1920,
        "height": 1080,
        "G-Sensor": "-35,57,949",
        "Gyro": "0,0,0"
    },
    "annotations": [
        {
            "id": 0,
            "bbox": [
                539,
                466,
                1506,
                1079
            ],
            "occluded": true,
            "num_keypoints": 16,
            "keypoints": [
                754,
                1071,
                0,
                729,
                1004,
                2,
                959,
                998,
                2,
                1350,
                829,
                0,
                1350,
                950,
                0,
                1350,
                1071,
                0,
                1000,
                1068,
                2,
                1147,
                918,
                2,
                1266,
                830,
                2,
                1247,
                664,
                2,
                746,
                890,
                2,
                960,
                816,
                2,
                1095,
                747,
                2,
                1399,
                1037,
                2,
                1451,
                641,
                0,
                1451,
                762,
                0
            ],
            "action": "sit down",
            "age": "adult",
            "disabled": false,
            "mask": false,
            "get_on": false,
            "get_off": false
        }
    ]
}