{
    "info": {
        "description": "AIHub Bus Passenger Dataset",
        "year": 2020,
        "version": "1.0",
        "img_path": "",
        "width": 1920,
        "height": 1080,
        "G-Sensor": "-31,55,947",
        "Gyro": "0,0,0"
    },
    "annotations": [
        {
            "id": 0,
            "bbox": [
                536,
                466,
                1503,
                1079
            ],
            "occluded": true,
            "num_keypoints": 16,
            "keypoints": [
                751,
                1071,
                0,
                726,
                1004,
                2,
                956,
                998,
                2,
                1347,
                829,
                0,
                1347,
                950,
                0,
                1347,
                1071,
                0,
                997,
                1068,
                2,
                1144,
                918,
                2,
                1264,
                828,
                2,
                1301,
                693,
                2,
                739,
                901,
                2,
                951,
                836,
                2,
                1092,
                747,
                2,
                1396,
                1037,
                2,
                1448,
                641,
                0,
                1448,
                762,
                0
            ],
            "action": "sit down",
            "age": "adult",
            "disabled": false,
            "mask": false,
            "get_on": false,
            "get_off": false
        },
        {
            "id": 1,
            "bbox": [
                801,
                79,
                1169,
                1079
            ],
            "occluded": true,
            "num_keypoints": 16,
            "keypoints": [
                871,
                1064,
                1,
                863,
                890,
                1,
                890,
                715,
                1,
                947,
                658,
                1,
                969,
                838,
                1,
                969,
                1060,
                1,
                923,
                689,
                1,
                980,
                375,
                2,
                965,
                270,
                2,
                991,
                200,
                2,
                1166,
                600,
                1,
                979,
                626,
                2,
                899,
                333,
                2,
                957,
                308,
                1,
                974,
                457,
                1,
                1014,
                497,
                1
            ],
            "action": "walk",
            "age": "adult",
            "disabled": false,
            "mask": false,
            "get_on": false,
            "get_off": false
        }
    ]
}