{
    "info": {
        "description": "AIHub Bus Passenger Dataset",
        "year": 2020,
        "version": "1.0",
        "img_path": "",
        "width": 1920,
        "height": 1080,
        "G-Sensor": "-39,57,947",
        "Gyro": "0,0,0"
    },
    "annotations": [
        {
            "id": 1,
            "bbox": [
                758,
                120,
                925,
                635
            ],
            "occluded": true,
            "num_keypoints": 16,
            "keypoints": [
                883,
                556,
                2,
                880,
                468,
                2,
                865,
                385,
                2,
                799,
                390,
                2,
                806,
                486,
                2,
                806,
                597,
                2,
                833,
                380,
                2,
                833,
                272,
                2,
                839,
                198,
                2,
                844,
                160,
                2,
                870,
                323,
                1,
                907,
                318,
                2,
                880,
                238,
                2,
                789,
                224,
                2,
                779,
                278,
                2,
                806,
                292,
                1
            ],
            "action": "walk",
            "age": "adult",
            "disabled": false,
            "mask": false,
            "get_on": false,
            "get_off": false
        },
        {
            "id": 0,
            "bbox": [
                575,
                480,
                1549,
                1079
            ],
            "occluded": true,
            "num_keypoints": 16,
            "keypoints": [
                932,
                985,
                0,
                736,
                1012,
                2,
                975,
                958,
                1,
                1528,
                840,
                0,
                1528,
                913,
                0,
                1528,
                985,
                0,
                1012,
                1063,
                1,
                1135,
                935,
                2,
                1277,
                802,
                1,
                1422,
                665,
                2,
                752,
                889,
                2,
                966,
                837,
                2,
                1127,
                734,
                1,
                1382,
                1030,
                2,
                1629,
                727,
                0,
                1265,
                923,
                2
            ],
            "action": "sit down",
            "age": "adult",
            "disabled": false,
            "mask": false,
            "get_on": false,
            "get_off": false
        }
    ]
}