{
    "info": {
        "description": "AIHub Bus Passenger Dataset",
        "year": 2020,
        "version": "1.0",
        "img_path": "",
        "width": 1920,
        "height": 1080,
        "G-Sensor": "-35,55,949",
        "Gyro": "0,0,0"
    },
    "annotations": [
        {
            "id": 0,
            "bbox": [
                536,
                466,
                1503,
                1079
            ],
            "occluded": true,
            "num_keypoints": 16,
            "keypoints": [
                751,
                1071,
                0,
                726,
                1004,
                2,
                956,
                998,
                2,
                1347,
                829,
                0,
                1347,
                950,
                0,
                1347,
                1071,
                0,
                997,
                1068,
                2,
                1144,
                918,
                2,
                1323,
                797,
                2,
                1396,
                672,
                2,
                739,
                901,
                2,
                951,
                836,
                2,
                1092,
                747,
                2,
                1396,
                1037,
                2,
                1448,
                641,
                0,
                1448,
                762,
                0
            ],
            "action": "sit down",
            "age": "adult",
            "disabled": false,
            "mask": false,
            "get_on": false,
            "get_off": false
        },
        {
            "id": 1,
            "bbox": [
                1011,
                106,
                1316,
                1077
            ],
            "occluded": true,
            "num_keypoints": 16,
            "keypoints": [
                1096,
                968,
                1,
                1085,
                816,
                1,
                1095,
                682,
                1,
                1153,
                616,
                1,
                1156,
                806,
                1,
                1177,
                963,
                1,
                1120,
                642,
                1,
                1190,
                383,
                2,
                1222,
                286,
                2,
                1264,
                198,
                2,
                1233,
                591,
                1,
                1058,
                551,
                2,
                1113,
                330,
                2,
                1195,
                328,
                1,
                1201,
                493,
                1,
                1248,
                523,
                1
            ],
            "action": "walk",
            "age": "adult",
            "disabled": false,
            "mask": false,
            "get_on": false,
            "get_off": false
        }
    ]
}