{
    "info": {
        "description": "AIHub Bus Passenger Dataset",
        "year": 2020,
        "version": "1.0",
        "img_path": "",
        "width": 1920,
        "height": 1080,
        "G-Sensor": "-35,57,949",
        "Gyro": "0,0,0"
    },
    "annotations": [
        {
            "id": 0,
            "bbox": [
                690,
                477,
                1481,
                1079
            ],
            "occluded": true,
            "num_keypoints": 16,
            "keypoints": [
                813,
                1073,
                0,
                730,
                1006,
                2,
                914,
                1004,
                1,
                1409,
                919,
                0,
                1409,
                996,
                0,
                1409,
                1073,
                0,
                981,
                1071,
                1,
                1080,
                978,
                2,
                1183,
                816,
                2,
                1207,
                678,
                2,
                906,
                990,
                2,
                930,
                826,
                2,
                1056,
                735,
                2,
                1367,
                1061,
                2,
                1510,
                799,
                0,
                855,
                1061,
                0
            ],
            "action": "sit down",
            "age": "adult",
            "disabled": false,
            "mask": false,
            "get_on": false,
            "get_off": false
        }
    ]
}