{
    "info": {
        "description": "AIHub Bus Passenger Dataset",
        "year": 2020,
        "version": "1.0",
        "img_path": "",
        "width": 1920,
        "height": 1080,
        "G-Sensor": "-37,55,938",
        "Gyro": "0,0,0"
    },
    "annotations": [
        {
            "id": 0,
            "bbox": [
                530,
                467,
                1504,
                1079
            ],
            "occluded": true,
            "num_keypoints": 16,
            "keypoints": [
                752,
                1071,
                0,
                727,
                1004,
                2,
                957,
                998,
                2,
                1348,
                829,
                0,
                1348,
                950,
                0,
                1348,
                1071,
                0,
                998,
                1068,
                2,
                1145,
                918,
                2,
                1278,
                816,
                2,
                1342,
                731,
                2,
                735,
                893,
                2,
                952,
                830,
                2,
                1093,
                748,
                2,
                1397,
                1037,
                2,
                1449,
                642,
                0,
                1449,
                763,
                0
            ],
            "action": "sit down",
            "age": "adult",
            "disabled": false,
            "mask": false,
            "get_on": false,
            "get_off": false
        }
    ]
}