{
    "info": {
        "description": "AIHub Bus Passenger Dataset",
        "year": 2020,
        "version": "1.0",
        "img_path": "",
        "width": 1920,
        "height": 1080,
        "G-Sensor": "-41,55,953",
        "Gyro": "0,0,0"
    },
    "annotations": [
        {
            "id": 0,
            "bbox": [
                581,
                753,
                1355,
                1079
            ],
            "occluded": true,
            "num_keypoints": 16,
            "keypoints": [
                861,
                981,
                0,
                735,
                1008,
                2,
                886,
                988,
                1,
                1457,
                829,
                0,
                1457,
                905,
                0,
                1457,
                981,
                0,
                931,
                1068,
                1,
                1035,
                1069,
                0,
                1053,
                1069,
                0,
                1101,
                1052,
                0,
                750,
                892,
                2,
                911,
                849,
                1,
                1040,
                805,
                2,
                1260,
                1052,
                0,
                1558,
                710,
                0,
                903,
                969,
                0
            ],
            "action": "sit down",
            "age": "adult",
            "disabled": false,
            "mask": false,
            "get_on": false,
            "get_off": false
        },
        {
            "id": 1,
            "bbox": [
                899,
                184,
                1290,
                1079
            ],
            "occluded": true,
            "num_keypoints": 16,
            "keypoints": [
                1038,
                1030,
                1,
                1048,
                835,
                1,
                1045,
                648,
                2,
                1099,
                695,
                2,
                1125,
                840,
                1,
                1118,
                1010,
                1,
                1070,
                676,
                2,
                1080,
                459,
                2,
                1049,
                355,
                2,
                991,
                297,
                2,
                985,
                602,
                2,
                1039,
                505,
                1,
                1030,
                370,
                1,
                1175,
                350,
                2,
                1275,
                523,
                1,
                1251,
                685,
                1
            ],
            "action": "walk",
            "age": "adult",
            "disabled": false,
            "mask": false,
            "get_on": false,
            "get_off": false
        }
    ]
}