{
    "info": {
        "description": "AIHub Bus Passenger Dataset",
        "year": 2020,
        "version": "1.0",
        "img_path": "",
        "width": 1920,
        "height": 1080,
        "G-Sensor": "-37,55,945",
        "Gyro": "0,0,0"
    },
    "annotations": [
        {
            "id": 1,
            "bbox": [
                794,
                168,
                1135,
                1010
            ],
            "occluded": true,
            "num_keypoints": 16,
            "keypoints": [
                933,
                920,
                1,
                936,
                775,
                1,
                946,
                596,
                2,
                993,
                648,
                2,
                1027,
                796,
                1,
                1017,
                923,
                1,
                971,
                623,
                2,
                989,
                370,
                2,
                914,
                279,
                2,
                853,
                249,
                2,
                927,
                569,
                1,
                953,
                479,
                1,
                943,
                326,
                1,
                1007,
                315,
                1,
                1078,
                442,
                1,
                1013,
                595,
                1
            ],
            "action": "walk",
            "age": "adult",
            "disabled": false,
            "mask": false,
            "get_on": false,
            "get_off": false
        },
        {
            "id": 0,
            "bbox": [
                573,
                677,
                1399,
                1079
            ],
            "occluded": true,
            "num_keypoints": 16,
            "keypoints": [
                930,
                985,
                0,
                734,
                1012,
                2,
                920,
                990,
                1,
                1526,
                840,
                0,
                1526,
                913,
                0,
                1526,
                985,
                0,
                951,
                1068,
                1,
                1000,
                1055,
                1,
                1180,
                1048,
                2,
                1191,
                878,
                2,
                750,
                889,
                2,
                949,
                863,
                1,
                1086,
                737,
                1,
                1329,
                1053,
                0,
                1627,
                727,
                0,
                972,
                974,
                0
            ],
            "action": "sit down",
            "age": "adult",
            "disabled": false,
            "mask": false,
            "get_on": false,
            "get_off": false
        }
    ]
}