{
    "info": {
        "description": "AIHub Bus Passenger Dataset",
        "year": 2020,
        "version": "1.0",
        "img_path": "",
        "width": 1920,
        "height": 1080,
        "G-Sensor": "-35,55,947",
        "Gyro": "0,0,0"
    },
    "annotations": [
        {
            "id": 0,
            "bbox": [
                575,
                480,
                1549,
                1079
            ],
            "occluded": true,
            "num_keypoints": 16,
            "keypoints": [
                932,
                985,
                0,
                736,
                1012,
                2,
                938,
                987,
                1,
                1528,
                840,
                0,
                1528,
                913,
                0,
                1528,
                985,
                0,
                953,
                1068,
                1,
                1083,
                897,
                2,
                1294,
                809,
                2,
                1414,
                687,
                2,
                752,
                889,
                2,
                966,
                837,
                2,
                1127,
                734,
                1,
                1382,
                1030,
                2,
                1629,
                727,
                0,
                1364,
                954,
                2
            ],
            "action": "sit down",
            "age": "adult",
            "disabled": false,
            "mask": false,
            "get_on": false,
            "get_off": false
        },
        {
            "id": 1,
            "bbox": [
                867,
                130,
                1016,
                520
            ],
            "occluded": true,
            "num_keypoints": 16,
            "keypoints": [
                993,
                490,
                1,
                983,
                421,
                1,
                977,
                344,
                1,
                926,
                351,
                2,
                909,
                416,
                2,
                885,
                494,
                2,
                949,
                324,
                2,
                951,
                210,
                2,
                954,
                178,
                2,
                958,
                146,
                2,
                963,
                275,
                1,
                999,
                271,
                1,
                994,
                204,
                1,
                910,
                210,
                2,
                893,
                277,
                2,
                930,
                275,
                1
            ],
            "action": "stand",
            "age": "adult",
            "disabled": false,
            "mask": false,
            "get_on": false,
            "get_off": false
        }
    ]
}