{
    "info": {
        "description": "AIHub Bus Passenger Dataset",
        "year": 2020,
        "version": "1.0",
        "img_path": "",
        "width": 1920,
        "height": 1080,
        "G-Sensor": "-35,55,949",
        "Gyro": "0,0,0"
    },
    "annotations": [
        {
            "id": 1,
            "bbox": [
                674,
                172,
                927,
                801
            ],
            "occluded": true,
            "num_keypoints": 16,
            "keypoints": [
                750,
                766,
                1,
                776,
                634,
                2,
                764,
                503,
                2,
                837,
                494,
                2,
                837,
                631,
                2,
                834,
                753,
                1,
                804,
                496,
                2,
                793,
                358,
                2,
                790,
                306,
                2,
                790,
                237,
                2,
                747,
                450,
                2,
                701,
                422,
                2,
                718,
                322,
                2,
                859,
                300,
                2,
                904,
                394,
                2,
                846,
                444,
                2
            ],
            "action": "walk",
            "age": "adult",
            "disabled": false,
            "mask": false,
            "get_on": false,
            "get_off": false
        },
        {
            "id": 0,
            "bbox": [
                536,
                466,
                1503,
                1079
            ],
            "occluded": true,
            "num_keypoints": 16,
            "keypoints": [
                751,
                1071,
                0,
                726,
                1004,
                2,
                956,
                998,
                2,
                1347,
                829,
                0,
                1347,
                950,
                0,
                1347,
                1071,
                0,
                997,
                1068,
                2,
                1144,
                918,
                2,
                1270,
                813,
                2,
                1274,
                678,
                2,
                739,
                901,
                2,
                951,
                836,
                2,
                1092,
                747,
                2,
                1396,
                1037,
                2,
                1448,
                641,
                0,
                1448,
                762,
                0
            ],
            "action": "sit down",
            "age": "adult",
            "disabled": false,
            "mask": false,
            "get_on": false,
            "get_off": false
        }
    ]
}