{
    "info": {
        "description": "AIHub Bus Passenger Dataset",
        "year": 2020,
        "version": "1.0",
        "img_path": "",
        "width": 1920,
        "height": 1080,
        "G-Sensor": "-39,55,939",
        "Gyro": "0,0,0"
    },
    "annotations": [
        {
            "id": 0,
            "bbox": [
                536,
                466,
                1503,
                1079
            ],
            "occluded": true,
            "num_keypoints": 16,
            "keypoints": [
                751,
                1071,
                0,
                726,
                1004,
                2,
                956,
                998,
                2,
                1347,
                829,
                0,
                1347,
                950,
                0,
                1347,
                1071,
                0,
                997,
                1068,
                2,
                1144,
                918,
                2,
                1263,
                813,
                2,
                1254,
                698,
                2,
                739,
                901,
                2,
                973,
                863,
                2,
                1106,
                751,
                1,
                1396,
                1037,
                2,
                1448,
                641,
                0,
                1448,
                762,
                0
            ],
            "action": "sit down",
            "age": "adult",
            "disabled": false,
            "mask": false,
            "get_on": false,
            "get_off": false
        },
        {
            "id": 1,
            "bbox": [
                717,
                89,
                1022,
                1014
            ],
            "occluded": true,
            "num_keypoints": 16,
            "keypoints": [
                824,
                947,
                1,
                826,
                748,
                1,
                814,
                610,
                2,
                939,
                618,
                2,
                936,
                750,
                1,
                937,
                941,
                1,
                891,
                597,
                2,
                894,
                366,
                2,
                916,
                278,
                2,
                930,
                196,
                2,
                863,
                547,
                2,
                743,
                480,
                2,
                767,
                296,
                2,
                984,
                278,
                2,
                999,
                393,
                2,
                993,
                466,
                2
            ],
            "action": "walk",
            "age": "adult",
            "disabled": false,
            "mask": false,
            "get_on": false,
            "get_off": false
        }
    ]
}