{
    "info": {
        "description": "AIHub Bus Passenger Dataset",
        "year": 2020,
        "version": "1.0",
        "img_path": "",
        "width": 1920,
        "height": 1080,
        "G-Sensor": "-37,59,959",
        "Gyro": "0,0,0"
    },
    "annotations": [
        {
            "id": 0,
            "bbox": [
                584,
                563,
                1393,
                1079
            ],
            "occluded": true,
            "num_keypoints": 16,
            "keypoints": [
                861,
                981,
                0,
                735,
                1008,
                2,
                899,
                987,
                1,
                1457,
                829,
                0,
                1457,
                905,
                0,
                1457,
                981,
                0,
                929,
                1062,
                1,
                980,
                975,
                2,
                1108,
                864,
                2,
                1010,
                758,
                2,
                750,
                892,
                2,
                916,
                874,
                1,
                955,
                827,
                1,
                1260,
                1052,
                2,
                1558,
                710,
                0,
                903,
                969,
                0
            ],
            "action": "sit down",
            "age": "adult",
            "disabled": false,
            "mask": false,
            "get_on": false,
            "get_off": false
        }
    ]
}