{
    "info": {
        "description": "AIHub Bus Passenger Dataset",
        "year": 2020,
        "version": "1.0",
        "img_path": "",
        "width": 1920,
        "height": 1080,
        "G-Sensor": "-35,55,945",
        "Gyro": "0,0,0"
    },
    "annotations": [
        {
            "id": 0,
            "bbox": [
                568,
                463,
                1520,
                1079
            ],
            "occluded": false,
            "num_keypoints": 16,
            "keypoints": [
                861,
                981,
                0,
                716,
                1045,
                2,
                940,
                980,
                1,
                1457,
                829,
                0,
                1457,
                905,
                0,
                1457,
                981,
                0,
                950,
                1064,
                1,
                1099,
                892,
                2,
                1279,
                804,
                2,
                1300,
                668,
                2,
                741,
                875,
                2,
                983,
                819,
                2,
                1131,
                710,
                1,
                1444,
                1003,
                2,
                1558,
                710,
                0,
                903,
                969,
                0
            ],
            "action": "stand",
            "age": "adult",
            "disabled": false,
            "mask": false,
            "get_on": false,
            "get_off": false
        }
    ]
}