{
    "info": {
        "description": "AIHub Bus Passenger Dataset",
        "year": 2020,
        "version": "1.0",
        "img_path": "",
        "width": 1920,
        "height": 1080,
        "G-Sensor": "-35,55,949",
        "Gyro": "0,0,0"
    },
    "annotations": [
        {
            "id": 1,
            "bbox": [
                724,
                162,
                940,
                694
            ],
            "occluded": true,
            "num_keypoints": 16,
            "keypoints": [
                767,
                657,
                2,
                779,
                536,
                2,
                774,
                443,
                2,
                863,
                443,
                2,
                849,
                570,
                2,
                847,
                677,
                2,
                819,
                436,
                2,
                829,
                329,
                2,
                827,
                269,
                2,
                830,
                218,
                2,
                771,
                379,
                2,
                742,
                351,
                2,
                767,
                262,
                2,
                893,
                273,
                2,
                920,
                349,
                2,
                862,
                387,
                2
            ],
            "action": "walk",
            "age": "adult",
            "disabled": false,
            "mask": false,
            "get_on": false,
            "get_off": false
        },
        {
            "id": 0,
            "bbox": [
                536,
                466,
                1503,
                1079
            ],
            "occluded": true,
            "num_keypoints": 16,
            "keypoints": [
                751,
                1071,
                0,
                726,
                1004,
                2,
                956,
                998,
                2,
                1347,
                829,
                0,
                1347,
                950,
                0,
                1347,
                1071,
                0,
                997,
                1068,
                2,
                1144,
                918,
                2,
                1233,
                834,
                2,
                1273,
                698,
                2,
                749,
                891,
                2,
                961,
                857,
                2,
                1092,
                747,
                2,
                1396,
                1037,
                2,
                1448,
                641,
                0,
                1448,
                762,
                0
            ],
            "action": "sit down",
            "age": "adult",
            "disabled": false,
            "mask": false,
            "get_on": false,
            "get_off": false
        }
    ]
}