{
    "info": {
        "description": "AIHub Bus Passenger Dataset",
        "year": 2020,
        "version": "1.0",
        "img_path": "",
        "width": 1920,
        "height": 1080,
        "G-Sensor": "-37,53,947",
        "Gyro": "0,0,0"
    },
    "annotations": [
        {
            "id": 0,
            "bbox": [
                536,
                464,
                1503,
                1077
            ],
            "occluded": true,
            "num_keypoints": 16,
            "keypoints": [
                751,
                1069,
                0,
                726,
                1002,
                2,
                956,
                996,
                2,
                1347,
                827,
                0,
                1347,
                948,
                0,
                1347,
                1069,
                0,
                997,
                1066,
                2,
                1144,
                916,
                2,
                1271,
                786,
                2,
                1386,
                666,
                2,
                739,
                899,
                2,
                951,
                834,
                2,
                1092,
                745,
                2,
                1396,
                1035,
                2,
                1448,
                639,
                0,
                1448,
                760,
                0
            ],
            "action": "sit down",
            "age": "adult",
            "disabled": false,
            "mask": false,
            "get_on": false,
            "get_off": false
        }
    ]
}