{
    "info": {
        "description": "AIHub Bus Passenger Dataset",
        "year": 2020,
        "version": "1.0",
        "img_path": "",
        "width": 1920,
        "height": 1080,
        "G-Sensor": "-33,55,949",
        "Gyro": "0,0,0"
    },
    "annotations": [
        {
            "id": 1,
            "bbox": [
                820,
                116,
                976,
                513
            ],
            "occluded": true,
            "num_keypoints": 16,
            "keypoints": [
                930,
                486,
                2,
                929,
                403,
                2,
                929,
                333,
                2,
                874,
                337,
                2,
                879,
                410,
                2,
                880,
                486,
                2,
                901,
                315,
                2,
                899,
                208,
                2,
                894,
                164,
                2,
                896,
                131,
                2,
                930,
                258,
                1,
                964,
                253,
                2,
                942,
                194,
                2,
                857,
                188,
                2,
                836,
                253,
                2,
                861,
                263,
                1
            ],
            "action": "stand",
            "age": "adult",
            "disabled": false,
            "mask": false,
            "get_on": false,
            "get_off": false
        },
        {
            "id": 0,
            "bbox": [
                575,
                480,
                1549,
                1079
            ],
            "occluded": true,
            "num_keypoints": 16,
            "keypoints": [
                932,
                985,
                0,
                736,
                1012,
                2,
                938,
                987,
                1,
                1528,
                840,
                0,
                1528,
                913,
                0,
                1528,
                985,
                0,
                953,
                1068,
                1,
                1108,
                908,
                2,
                1294,
                809,
                2,
                1414,
                687,
                2,
                752,
                889,
                2,
                966,
                837,
                2,
                1127,
                734,
                1,
                1382,
                1030,
                2,
                1629,
                727,
                0,
                1143,
                1079,
                0
            ],
            "action": "sit down",
            "age": "adult",
            "disabled": false,
            "mask": false,
            "get_on": false,
            "get_off": false
        }
    ]
}