{
    "info": {
        "description": "AIHub Bus Passenger Dataset",
        "year": 2020,
        "version": "1.0",
        "img_path": "",
        "width": 1920,
        "height": 1080,
        "G-Sensor": "-35,53,947",
        "Gyro": "0,0,0"
    },
    "annotations": [
        {
            "id": 0,
            "bbox": [
                370,
                564,
                1541,
                1079
            ],
            "occluded": true,
            "num_keypoints": 16,
            "keypoints": [
                751,
                1071,
                0,
                726,
                1004,
                2,
                956,
                998,
                2,
                1347,
                829,
                0,
                1347,
                950,
                0,
                1347,
                1071,
                0,
                997,
                1068,
                2,
                1130,
                980,
                2,
                1206,
                931,
                2,
                1329,
                796,
                2,
                577,
                911,
                2,
                870,
                816,
                2,
                1089,
                753,
                2,
                1414,
                1063,
                2,
                1448,
                641,
                0,
                1448,
                762,
                0
            ],
            "action": "sit down",
            "age": "adult",
            "disabled": false,
            "mask": false,
            "get_on": false,
            "get_off": false
        }
    ]
}