{
    "info": {
        "description": "AIHub Bus Passenger Dataset",
        "year": 2020,
        "version": "1.0",
        "img_path": "",
        "width": 1920,
        "height": 1080,
        "G-Sensor": "-39,63,959",
        "Gyro": "0,0,0"
    },
    "annotations": [
        {
            "id": 0,
            "bbox": [
                564,
                506,
                1558,
                1079
            ],
            "occluded": true,
            "num_keypoints": 16,
            "keypoints": [
                861,
                976,
                0,
                743,
                997,
                2,
                963,
                968,
                2,
                1457,
                822,
                0,
                1457,
                899,
                0,
                1457,
                976,
                0,
                987,
                1055,
                2,
                1156,
                938,
                2,
                1305,
                837,
                2,
                1374,
                739,
                2,
                726,
                898,
                2,
                960,
                838,
                2,
                1099,
                729,
                2,
                1400,
                1054,
                2,
                1558,
                702,
                0,
                903,
                964,
                0
            ],
            "action": "sit down",
            "age": "adult",
            "disabled": false,
            "mask": false,
            "get_on": false,
            "get_off": false
        }
    ]
}