{
    "info": {
        "description": "AIHub Bus Passenger Dataset",
        "year": 2020,
        "version": "1.0",
        "img_path": "",
        "width": 1920,
        "height": 1080,
        "G-Sensor": "-35,57,949",
        "Gyro": "0,0,0"
    },
    "annotations": [
        {
            "id": 0,
            "bbox": [
                693,
                551,
                1481,
                1079
            ],
            "occluded": true,
            "num_keypoints": 16,
            "keypoints": [
                813,
                1073,
                0,
                730,
                1006,
                2,
                932,
                998,
                2,
                1409,
                919,
                0,
                1409,
                996,
                0,
                1409,
                1073,
                0,
                981,
                1071,
                2,
                1047,
                988,
                2,
                1102,
                926,
                2,
                1144,
                798,
                2,
                860,
                943,
                2,
                956,
                858,
                2,
                1045,
                769,
                2,
                1340,
                1060,
                2,
                1510,
                799,
                0,
                855,
                1061,
                0
            ],
            "action": "sit down",
            "age": "adult",
            "disabled": false,
            "mask": false,
            "get_on": false,
            "get_off": false
        }
    ]
}