{
    "info": {
        "description": "AIHub Bus Passenger Dataset",
        "year": 2020,
        "version": "1.0",
        "img_path": "",
        "width": 1920,
        "height": 1080,
        "G-Sensor": "-37,55,945",
        "Gyro": "0,0,0"
    },
    "annotations": [
        {
            "id": 0,
            "bbox": [
                573,
                489,
                1511,
                1079
            ],
            "occluded": true,
            "num_keypoints": 16,
            "keypoints": [
                930,
                985,
                0,
                734,
                1012,
                2,
                936,
                987,
                1,
                1526,
                840,
                0,
                1526,
                913,
                0,
                1526,
                985,
                0,
                951,
                1068,
                1,
                1120,
                959,
                2,
                1264,
                819,
                2,
                1331,
                654,
                2,
                750,
                889,
                2,
                959,
                858,
                2,
                1103,
                762,
                2,
                1329,
                1053,
                0,
                1627,
                727,
                0,
                972,
                974,
                0
            ],
            "action": "sit down",
            "age": "adult",
            "disabled": false,
            "mask": false,
            "get_on": false,
            "get_off": false
        },
        {
            "id": 1,
            "bbox": [
                714,
                175,
                1028,
                942
            ],
            "occluded": true,
            "num_keypoints": 16,
            "keypoints": [
                970,
                919,
                1,
                959,
                798,
                1,
                995,
                582,
                1,
                875,
                595,
                1,
                829,
                784,
                1,
                845,
                921,
                1,
                939,
                585,
                2,
                890,
                325,
                2,
                811,
                247,
                2,
                768,
                224,
                2,
                968,
                457,
                1,
                975,
                362,
                1,
                922,
                265,
                1,
                809,
                286,
                2,
                859,
                408,
                2,
                835,
                530,
                2
            ],
            "action": "walk",
            "age": "adult",
            "disabled": false,
            "mask": false,
            "get_on": false,
            "get_off": false
        }
    ]
}