{
    "info": {
        "description": "AIHub Bus Passenger Dataset",
        "year": 2020,
        "version": "1.0",
        "img_path": "",
        "width": 1920,
        "height": 1080,
        "G-Sensor": "-37,59,959",
        "Gyro": "0,0,0"
    },
    "annotations": [
        {
            "id": 0,
            "bbox": [
                581,
                723,
                1429,
                1079
            ],
            "occluded": true,
            "num_keypoints": 16,
            "keypoints": [
                861,
                981,
                0,
                735,
                1008,
                2,
                886,
                988,
                1,
                1457,
                829,
                0,
                1457,
                905,
                0,
                1457,
                981,
                0,
                931,
                1068,
                1,
                1035,
                1069,
                1,
                1053,
                1069,
                1,
                1101,
                1052,
                2,
                750,
                892,
                2,
                924,
                853,
                1,
                1040,
                765,
                2,
                1260,
                1052,
                0,
                1558,
                710,
                0,
                903,
                969,
                0
            ],
            "action": "sit down",
            "age": "adult",
            "disabled": false,
            "mask": false,
            "get_on": false,
            "get_off": false
        }
    ]
}