{
    "info": {
        "description": "AIHub Bus Passenger Dataset",
        "year": 2020,
        "version": "1.0",
        "img_path": "",
        "width": 1920,
        "height": 1080,
        "G-Sensor": "-39,55,939",
        "Gyro": "0,0,0"
    },
    "annotations": [
        {
            "id": 1,
            "bbox": [
                661,
                176,
                977,
                910
            ],
            "occluded": true,
            "num_keypoints": 16,
            "keypoints": [
                764,
                857,
                1,
                756,
                739,
                1,
                756,
                587,
                2,
                871,
                596,
                2,
                873,
                730,
                1,
                880,
                847,
                1,
                823,
                583,
                2,
                836,
                387,
                2,
                851,
                343,
                2,
                887,
                271,
                2,
                789,
                486,
                2,
                692,
                433,
                2,
                739,
                297,
                2,
                939,
                306,
                2,
                945,
                386,
                2,
                901,
                458,
                2
            ],
            "action": "walk",
            "age": "adult",
            "disabled": false,
            "mask": false,
            "get_on": false,
            "get_off": false
        },
        {
            "id": 0,
            "bbox": [
                549,
                477,
                1506,
                1079
            ],
            "occluded": true,
            "num_keypoints": 16,
            "keypoints": [
                751,
                1071,
                0,
                726,
                1004,
                2,
                956,
                998,
                2,
                1347,
                829,
                0,
                1347,
                950,
                0,
                1347,
                1071,
                0,
                997,
                1068,
                2,
                1144,
                918,
                2,
                1267,
                804,
                2,
                1274,
                678,
                2,
                739,
                901,
                2,
                951,
                836,
                2,
                1092,
                747,
                2,
                1396,
                1037,
                2,
                1448,
                641,
                0,
                1448,
                762,
                0
            ],
            "action": "sit down",
            "age": "adult",
            "disabled": false,
            "mask": false,
            "get_on": false,
            "get_off": false
        }
    ]
}