{
    "info": {
        "description": "AIHub Bus Passenger Dataset",
        "year": 2020,
        "version": "1.0",
        "img_path": "",
        "width": 1920,
        "height": 1080,
        "G-Sensor": "-39,55,941",
        "Gyro": "0,0,0"
    },
    "annotations": [
        {
            "id": 1,
            "bbox": [
                676,
                148,
                920,
                684
            ],
            "occluded": true,
            "num_keypoints": 16,
            "keypoints": [
                809,
                633,
                2,
                836,
                527,
                2,
                853,
                418,
                2,
                779,
                429,
                2,
                789,
                515,
                2,
                804,
                597,
                2,
                813,
                418,
                2,
                810,
                309,
                2,
                806,
                218,
                2,
                806,
                185,
                2,
                859,
                362,
                1,
                903,
                339,
                2,
                862,
                262,
                2,
                759,
                268,
                2,
                695,
                338,
                2,
                733,
                336,
                1
            ],
            "action": "walk",
            "age": "adult",
            "disabled": false,
            "mask": false,
            "get_on": false,
            "get_off": false
        },
        {
            "id": 0,
            "bbox": [
                574,
                480,
                1534,
                1079
            ],
            "occluded": true,
            "num_keypoints": 16,
            "keypoints": [
                931,
                985,
                0,
                735,
                1012,
                2,
                996,
                966,
                1,
                1527,
                840,
                0,
                1527,
                913,
                0,
                1527,
                985,
                0,
                1052,
                1068,
                1,
                1112,
                933,
                2,
                1273,
                788,
                1,
                1376,
                625,
                2,
                751,
                889,
                2,
                965,
                837,
                2,
                1147,
                726,
                1,
                1381,
                1030,
                2,
                1628,
                727,
                0,
                1264,
                923,
                2
            ],
            "action": "sit down",
            "age": "adult",
            "disabled": false,
            "mask": false,
            "get_on": false,
            "get_off": false
        }
    ]
}