{
    "info": {
        "description": "AIHub Bus Passenger Dataset",
        "year": 2020,
        "version": "1.0",
        "img_path": "",
        "width": 1920,
        "height": 1080,
        "G-Sensor": "-31,55,953",
        "Gyro": "0,0,0"
    },
    "annotations": [
        {
            "id": 0,
            "bbox": [
                568,
                463,
                1520,
                1079
            ],
            "occluded": true,
            "num_keypoints": 16,
            "keypoints": [
                861,
                981,
                0,
                740,
                985,
                2,
                940,
                980,
                1,
                1457,
                829,
                0,
                1457,
                905,
                0,
                1457,
                981,
                0,
                950,
                1064,
                1,
                1120,
                898,
                2,
                1308,
                800,
                2,
                1321,
                673,
                2,
                741,
                875,
                2,
                964,
                819,
                2,
                1116,
                695,
                1,
                1444,
                1003,
                2,
                1558,
                710,
                0,
                903,
                969,
                0
            ],
            "action": "sit down",
            "age": "adult",
            "disabled": false,
            "mask": false,
            "get_on": false,
            "get_off": false
        }
    ]
}