{
    "info": {
        "description": "AIHub Bus Passenger Dataset",
        "year": 2020,
        "version": "1.0",
        "img_path": "",
        "width": 1920,
        "height": 1080,
        "G-Sensor": "-35,55,949",
        "Gyro": "0,0,0"
    },
    "annotations": [
        {
            "id": 0,
            "bbox": [
                536,
                466,
                1503,
                1079
            ],
            "occluded": true,
            "num_keypoints": 16,
            "keypoints": [
                751,
                1071,
                0,
                726,
                1004,
                2,
                956,
                998,
                2,
                1347,
                829,
                0,
                1347,
                950,
                0,
                1347,
                1071,
                0,
                997,
                1068,
                2,
                1144,
                918,
                2,
                1269,
                818,
                2,
                1274,
                678,
                2,
                739,
                901,
                2,
                951,
                836,
                2,
                1092,
                747,
                2,
                1396,
                1037,
                2,
                1448,
                641,
                0,
                1448,
                762,
                0
            ],
            "action": "sit down",
            "age": "adult",
            "disabled": false,
            "mask": false,
            "get_on": false,
            "get_off": false
        },
        {
            "id": 1,
            "bbox": [
                740,
                168,
                938,
                696
            ],
            "occluded": true,
            "num_keypoints": 16,
            "keypoints": [
                824,
                569,
                2,
                808,
                503,
                2,
                794,
                411,
                2,
                863,
                417,
                2,
                853,
                545,
                2,
                847,
                660,
                2,
                832,
                400,
                2,
                843,
                285,
                2,
                844,
                264,
                2,
                846,
                222,
                2,
                800,
                347,
                2,
                761,
                321,
                2,
                791,
                250,
                2,
                903,
                268,
                2,
                920,
                339,
                2,
                879,
                362,
                2
            ],
            "action": "walk",
            "age": "adult",
            "disabled": false,
            "mask": false,
            "get_on": false,
            "get_off": false
        }
    ]
}