{
    "info": {
        "description": "AIHub Bus Passenger Dataset",
        "year": 2020,
        "version": "1.0",
        "img_path": "",
        "width": 1920,
        "height": 1080,
        "G-Sensor": "-35,55,949",
        "Gyro": "0,0,0"
    },
    "annotations": [
        {
            "id": 0,
            "bbox": [
                580,
                463,
                1374,
                1079
            ],
            "occluded": true,
            "num_keypoints": 16,
            "keypoints": [
                862,
                976,
                0,
                744,
                997,
                2,
                899,
                977,
                1,
                1458,
                822,
                0,
                1458,
                899,
                0,
                1458,
                976,
                0,
                942,
                1060,
                1,
                1020,
                935,
                2,
                1106,
                815,
                2,
                1226,
                693,
                2,
                745,
                890,
                2,
                921,
                845,
                2,
                980,
                748,
                1,
                1295,
                1049,
                2,
                1559,
                702,
                0,
                904,
                964,
                0
            ],
            "action": "sit down",
            "age": "adult",
            "disabled": false,
            "mask": false,
            "get_on": false,
            "get_off": false
        }
    ]
}