{
    "info": {
        "description": "AIHub Bus Passenger Dataset",
        "year": 2020,
        "version": "1.0",
        "img_path": "",
        "width": 1920,
        "height": 1080,
        "G-Sensor": "-39,55,941",
        "Gyro": "0,0,0"
    },
    "annotations": [
        {
            "id": 1,
            "bbox": [
                650,
                170,
                904,
                707
            ],
            "occluded": true,
            "num_keypoints": 16,
            "keypoints": [
                810,
                697,
                1,
                798,
                591,
                2,
                821,
                494,
                2,
                748,
                485,
                2,
                739,
                573,
                2,
                745,
                670,
                2,
                786,
                479,
                2,
                793,
                343,
                2,
                788,
                254,
                2,
                785,
                212,
                2,
                845,
                432,
                1,
                889,
                387,
                2,
                859,
                291,
                2,
                736,
                293,
                2,
                671,
                385,
                2,
                721,
                393,
                1
            ],
            "action": "walk",
            "age": "adult",
            "disabled": false,
            "mask": false,
            "get_on": false,
            "get_off": false
        },
        {
            "id": 0,
            "bbox": [
                573,
                489,
                1506,
                1079
            ],
            "occluded": true,
            "num_keypoints": 16,
            "keypoints": [
                930,
                985,
                0,
                734,
                1012,
                2,
                985,
                965,
                1,
                1526,
                840,
                0,
                1526,
                913,
                0,
                1526,
                985,
                0,
                1070,
                1049,
                1,
                1116,
                894,
                2,
                1275,
                802,
                1,
                1420,
                665,
                2,
                750,
                889,
                2,
                964,
                837,
                2,
                1125,
                734,
                1,
                1380,
                1030,
                2,
                1627,
                727,
                0,
                1263,
                923,
                2
            ],
            "action": "sit down",
            "age": "adult",
            "disabled": false,
            "mask": false,
            "get_on": false,
            "get_off": false
        }
    ]
}