{
    "info": {
        "description": "AIHub Bus Passenger Dataset",
        "year": 2020,
        "version": "1.0",
        "img_path": "",
        "width": 1920,
        "height": 1080,
        "G-Sensor": "-35,55,953",
        "Gyro": "0,0,0"
    },
    "annotations": [
        {
            "id": 0,
            "bbox": [
                573,
                409,
                1480,
                1079
            ],
            "occluded": true,
            "num_keypoints": 16,
            "keypoints": [
                861,
                976,
                0,
                743,
                997,
                2,
                921,
                970,
                1,
                1457,
                822,
                0,
                1457,
                899,
                0,
                1457,
                976,
                0,
                941,
                1060,
                1,
                1064,
                873,
                2,
                1226,
                727,
                2,
                1323,
                600,
                2,
                744,
                890,
                2,
                955,
                822,
                2,
                1066,
                724,
                1,
                1294,
                1049,
                2,
                1558,
                702,
                0,
                903,
                964,
                0
            ],
            "action": "sit down",
            "age": "adult",
            "disabled": false,
            "mask": false,
            "get_on": false,
            "get_off": false
        }
    ]
}