{
    "info": {
        "description": "AIHub Bus Passenger Dataset",
        "year": 2020,
        "version": "1.0",
        "img_path": "",
        "width": 1920,
        "height": 1080,
        "G-Sensor": "-39,55,939",
        "Gyro": "0,0,0"
    },
    "annotations": [
        {
            "id": 1,
            "bbox": [
                644,
                113,
                919,
                841
            ],
            "occluded": true,
            "num_keypoints": 16,
            "keypoints": [
                757,
                813,
                1,
                756,
                663,
                2,
                746,
                515,
                2,
                842,
                497,
                2,
                851,
                627,
                2,
                804,
                716,
                1,
                799,
                485,
                2,
                793,
                329,
                2,
                782,
                248,
                2,
                789,
                189,
                2,
                751,
                428,
                2,
                670,
                384,
                2,
                694,
                278,
                2,
                859,
                250,
                2,
                903,
                360,
                2,
                854,
                400,
                2
            ],
            "action": "walk",
            "age": "adult",
            "disabled": false,
            "mask": false,
            "get_on": false,
            "get_off": false
        },
        {
            "id": 0,
            "bbox": [
                541,
                486,
                1504,
                1078
            ],
            "occluded": true,
            "num_keypoints": 16,
            "keypoints": [
                751,
                1071,
                0,
                726,
                1004,
                2,
                956,
                998,
                2,
                1347,
                829,
                0,
                1347,
                950,
                0,
                1347,
                1071,
                0,
                997,
                1068,
                2,
                1144,
                918,
                2,
                1269,
                818,
                2,
                1274,
                678,
                2,
                739,
                901,
                2,
                951,
                836,
                2,
                1092,
                747,
                2,
                1396,
                1037,
                2,
                1448,
                641,
                0,
                1448,
                762,
                0
            ],
            "action": "sit down",
            "age": "adult",
            "disabled": false,
            "mask": false,
            "get_on": false,
            "get_off": false
        }
    ]
}