{
    "info": {
        "description": "AIHub Bus Passenger Dataset",
        "year": 2020,
        "version": "1.0",
        "img_path": "",
        "width": 1920,
        "height": 1080,
        "G-Sensor": "-31,55,947",
        "Gyro": "0,0,0"
    },
    "annotations": [
        {
            "id": 0,
            "bbox": [
                646,
                587,
                1599,
                1079
            ],
            "occluded": true,
            "num_keypoints": 16,
            "keypoints": [
                809,
                1073,
                0,
                704,
                1000,
                1,
                931,
                996,
                1,
                1405,
                913,
                0,
                1405,
                993,
                0,
                1405,
                1073,
                0,
                971,
                1047,
                1,
                1089,
                1003,
                2,
                1259,
                922,
                2,
                1339,
                848,
                2,
                648,
                1075,
                0,
                886,
                902,
                2,
                1121,
                806,
                2,
                1423,
                1066,
                2,
                1506,
                788,
                0,
                910,
                1057,
                2
            ],
            "action": "sit down",
            "age": "adult",
            "disabled": false,
            "mask": false,
            "get_on": false,
            "get_off": false
        }
    ]
}