{
    "info": {
        "description": "AIHub Bus Passenger Dataset",
        "year": 2020,
        "version": "1.0",
        "img_path": "",
        "width": 1920,
        "height": 1080,
        "G-Sensor": "-33,55,947",
        "Gyro": "0,0,0"
    },
    "annotations": [
        {
            "id": 0,
            "bbox": [
                538,
                466,
                1505,
                1079
            ],
            "occluded": true,
            "num_keypoints": 16,
            "keypoints": [
                753,
                1071,
                0,
                728,
                1004,
                2,
                958,
                998,
                2,
                1349,
                829,
                0,
                1349,
                950,
                0,
                1349,
                1071,
                0,
                999,
                1068,
                2,
                1146,
                918,
                2,
                1248,
                791,
                2,
                1293,
                608,
                2,
                745,
                890,
                2,
                959,
                816,
                2,
                1094,
                747,
                2,
                1398,
                1037,
                2,
                1450,
                641,
                0,
                1450,
                762,
                0
            ],
            "action": "sit down",
            "age": "adult",
            "disabled": false,
            "mask": false,
            "get_on": false,
            "get_off": false
        }
    ]
}