{
    "info": {
        "description": "AIHub Bus Passenger Dataset",
        "year": 2020,
        "version": "1.0",
        "img_path": "",
        "width": 1920,
        "height": 1080,
        "G-Sensor": "-39,57,947",
        "Gyro": "0,0,0"
    },
    "annotations": [
        {
            "id": 1,
            "bbox": [
                796,
                124,
                969,
                584
            ],
            "occluded": true,
            "num_keypoints": 16,
            "keypoints": [
                898,
                549,
                2,
                914,
                464,
                2,
                916,
                384,
                2,
                843,
                379,
                2,
                841,
                469,
                2,
                825,
                535,
                2,
                880,
                370,
                2,
                879,
                250,
                2,
                896,
                193,
                2,
                909,
                163,
                2,
                921,
                307,
                1,
                962,
                300,
                1,
                933,
                238,
                2,
                842,
                224,
                2,
                820,
                250,
                2,
                850,
                287,
                1
            ],
            "action": "walk",
            "age": "adult",
            "disabled": false,
            "mask": false,
            "get_on": false,
            "get_off": false
        },
        {
            "id": 0,
            "bbox": [
                575,
                480,
                1549,
                1079
            ],
            "occluded": true,
            "num_keypoints": 16,
            "keypoints": [
                932,
                985,
                0,
                736,
                1012,
                2,
                987,
                960,
                1,
                1528,
                840,
                0,
                1528,
                913,
                0,
                1528,
                985,
                0,
                1029,
                1052,
                1,
                1125,
                946,
                2,
                1294,
                809,
                2,
                1414,
                687,
                2,
                752,
                889,
                2,
                966,
                837,
                2,
                1135,
                732,
                1,
                1382,
                1030,
                2,
                1629,
                727,
                0,
                1209,
                862,
                2
            ],
            "action": "sit down",
            "age": "adult",
            "disabled": false,
            "mask": false,
            "get_on": false,
            "get_off": false
        }
    ]
}