{
    "info": {
        "description": "AIHub Bus Passenger Dataset",
        "year": 2020,
        "version": "1.0",
        "img_path": "",
        "width": 1920,
        "height": 1080,
        "G-Sensor": "-39,55,941",
        "Gyro": "0,0,0"
    },
    "annotations": [
        {
            "id": 1,
            "bbox": [
                631,
                97,
                921,
                800
            ],
            "occluded": true,
            "num_keypoints": 16,
            "keypoints": [
                811,
                749,
                1,
                806,
                634,
                2,
                818,
                482,
                2,
                724,
                482,
                2,
                726,
                642,
                2,
                743,
                753,
                1,
                775,
                468,
                2,
                771,
                265,
                2,
                763,
                183,
                2,
                763,
                128,
                2,
                857,
                406,
                1,
                892,
                335,
                2,
                848,
                221,
                2,
                695,
                224,
                2,
                650,
                342,
                2,
                695,
                409,
                1
            ],
            "action": "walk",
            "age": "adult",
            "disabled": false,
            "mask": false,
            "get_on": false,
            "get_off": false
        },
        {
            "id": 0,
            "bbox": [
                573,
                489,
                1506,
                1079
            ],
            "occluded": true,
            "num_keypoints": 16,
            "keypoints": [
                930,
                985,
                0,
                734,
                1012,
                2,
                980,
                949,
                1,
                1526,
                840,
                0,
                1526,
                913,
                0,
                1526,
                985,
                0,
                1010,
                1059,
                1,
                1138,
                914,
                2,
                1271,
                805,
                1,
                1373,
                672,
                2,
                750,
                889,
                2,
                964,
                837,
                2,
                1125,
                734,
                1,
                1380,
                1030,
                2,
                1627,
                727,
                0,
                1219,
                874,
                2
            ],
            "action": "sit down",
            "age": "adult",
            "disabled": false,
            "mask": false,
            "get_on": false,
            "get_off": false
        }
    ]
}