{
    "info": {
        "description": "AIHub Bus Passenger Dataset",
        "year": 2020,
        "version": "1.0",
        "img_path": "",
        "width": 1920,
        "height": 1080,
        "G-Sensor": "-86,-154,914",
        "Gyro": "0,0,0"
    },
    "annotations": [
        {
            "id": 3,
            "bbox": [
                559,
                195,
                881,
                742
            ],
            "occluded": true,
            "num_keypoints": 16,
            "keypoints": [
                602,
                628,
                1,
                618,
                477,
                2,
                749,
                425,
                1,
                807,
                447,
                1,
                691,
                549,
                2,
                684,
                686,
                1,
                776,
                437,
                1,
                797,
                358,
                1,
                791,
                280,
                1,
                783,
                239,
                2,
                728,
                361,
                2,
                708,
                370,
                2,
                765,
                289,
                1,
                860,
                302,
                2,
                871,
                399,
                2,
                820,
                363,
                2
            ],
            "action": "sit down",
            "age": "adult",
            "disabled": false,
            "mask": true,
            "get_on": false,
            "get_off": false
        }
    ]
}