{
    "info": {
        "description": "AIHub Bus Passenger Dataset",
        "year": 2020,
        "version": "1.0",
        "img_path": "",
        "width": 1920,
        "height": 1080,
        "G-Sensor": "-27,-53,945",
        "Gyro": "0,0,0"
    },
    "annotations": [
        {
            "id": 3,
            "bbox": [
                558,
                193,
                878,
                728
            ],
            "occluded": true,
            "num_keypoints": 16,
            "keypoints": [
                600,
                613,
                1,
                610,
                475,
                2,
                715,
                428,
                1,
                778,
                449,
                1,
                662,
                511,
                2,
                667,
                667,
                1,
                747,
                440,
                1,
                783,
                359,
                2,
                819,
                282,
                2,
                827,
                231,
                2,
                688,
                392,
                2,
                714,
                349,
                2,
                754,
                296,
                2,
                860,
                311,
                2,
                856,
                404,
                2,
                761,
                426,
                1
            ],
            "action": "sit down",
            "age": "adult",
            "disabled": false,
            "mask": true,
            "get_on": false,
            "get_off": false
        },
        {
            "id": 8,
            "bbox": [
                139,
                415,
                300,
                829
            ],
            "occluded": true,
            "num_keypoints": 16,
            "keypoints": [
                227,
                777,
                1,
                239,
                756,
                2,
                209,
                645,
                2,
                263,
                626,
                1,
                274,
                719,
                1,
                281,
                798,
                1,
                235,
                638,
                2,
                217,
                557,
                2,
                200,
                486,
                2,
                191,
                453,
                2,
                194,
                608,
                2,
                154,
                615,
                1,
                165,
                510,
                1,
                228,
                487,
                1,
                247,
                539,
                1,
                255,
                576,
                1
            ],
            "action": "walk",
            "age": "adult",
            "disabled": false,
            "mask": true,
            "get_on": true,
            "get_off": false
        },
        {
            "id": 7,
            "bbox": [
                282,
                445,
                468,
                944
            ],
            "occluded": true,
            "num_keypoints": 16,
            "keypoints": [
                392,
                919,
                1,
                383,
                831,
                1,
                354,
                727,
                1,
                417,
                715,
                1,
                428,
                834,
                1,
                409,
                905,
                1,
                384,
                723,
                1,
                373,
                620,
                2,
                368,
                550,
                2,
                370,
                506,
                2,
                339,
                706,
                1,
                303,
                655,
                1,
                310,
                556,
                2,
                421,
                549,
                2,
                449,
                630,
                2,
                422,
                669,
                1
            ],
            "action": "walk",
            "age": "adult",
            "disabled": false,
            "mask": true,
            "get_on": true,
            "get_off": false
        }
    ]
}