{
    "info": {
        "description": "AIHub Bus Passenger Dataset",
        "year": 2020,
        "version": "1.0",
        "img_path": "",
        "width": 1920,
        "height": 1080,
        "G-Sensor": "-39,-64,957",
        "Gyro": "0,0,0"
    },
    "annotations": [
        {
            "id": 3,
            "bbox": [
                558,
                193,
                878,
                728
            ],
            "occluded": true,
            "num_keypoints": 16,
            "keypoints": [
                600,
                613,
                1,
                610,
                475,
                2,
                723,
                433,
                1,
                793,
                460,
                1,
                662,
                511,
                2,
                667,
                667,
                1,
                751,
                444,
                1,
                780,
                362,
                2,
                813,
                287,
                2,
                818,
                241,
                2,
                696,
                386,
                2,
                714,
                349,
                2,
                754,
                296,
                2,
                860,
                311,
                2,
                851,
                411,
                2,
                761,
                426,
                1
            ],
            "action": "sit down",
            "age": "adult",
            "disabled": false,
            "mask": true,
            "get_on": false,
            "get_off": false
        }
    ]
}