{
    "info": {
        "description": "AIHub Bus Passenger Dataset",
        "year": 2020,
        "version": "1.0",
        "img_path": "",
        "width": 1920,
        "height": 1080,
        "G-Sensor": "-86,-154,914",
        "Gyro": "0,0,0"
    },
    "annotations": [
        {
            "id": 3,
            "bbox": [
                559,
                195,
                881,
                742
            ],
            "occluded": true,
            "num_keypoints": 16,
            "keypoints": [
                602,
                628,
                1,
                618,
                477,
                2,
                745,
                422,
                1,
                806,
                445,
                1,
                691,
                549,
                2,
                684,
                686,
                1,
                776,
                434,
                1,
                792,
                355,
                1,
                793,
                277,
                1,
                782,
                234,
                2,
                730,
                360,
                2,
                708,
                370,
                2,
                766,
                290,
                1,
                857,
                302,
                2,
                871,
                399,
                2,
                820,
                363,
                2
            ],
            "action": "sit down",
            "age": "adult",
            "disabled": false,
            "mask": true,
            "get_on": false,
            "get_off": false
        }
    ]
}