{
    "info": {
        "description": "AIHub Bus Passenger Dataset",
        "year": 2020,
        "version": "1.0",
        "img_path": "",
        "width": 1920,
        "height": 1080,
        "G-Sensor": "-119,-88,971",
        "Gyro": "0,0,0"
    },
    "annotations": [
        {
            "id": 3,
            "bbox": [
                559,
                195,
                881,
                742
            ],
            "occluded": true,
            "num_keypoints": 16,
            "keypoints": [
                602,
                628,
                1,
                618,
                477,
                2,
                740,
                437,
                1,
                818,
                466,
                1,
                691,
                549,
                2,
                684,
                686,
                1,
                776,
                457,
                1,
                789,
                366,
                1,
                791,
                286,
                1,
                782,
                240,
                2,
                728,
                361,
                2,
                708,
                370,
                2,
                763,
                292,
                1,
                857,
                304,
                2,
                869,
                398,
                2,
                819,
                367,
                2
            ],
            "action": "sit down",
            "age": "adult",
            "disabled": false,
            "mask": true,
            "get_on": false,
            "get_off": false
        }
    ]
}