{
    "info": {
        "description": "AIHub Bus Passenger Dataset",
        "year": 2020,
        "version": "1.0",
        "img_path": "",
        "width": 1920,
        "height": 1080,
        "G-Sensor": "-35,-59,941",
        "Gyro": "0,0,0"
    },
    "annotations": [
        {
            "id": 3,
            "bbox": [
                558,
                193,
                878,
                728
            ],
            "occluded": true,
            "num_keypoints": 16,
            "keypoints": [
                600,
                613,
                1,
                625,
                464,
                1,
                729,
                426,
                1,
                798,
                447,
                1,
                662,
                511,
                1,
                667,
                667,
                1,
                756,
                437,
                1,
                796,
                359,
                1,
                822,
                276,
                2,
                827,
                231,
                2,
                690,
                393,
                1,
                714,
                349,
                1,
                754,
                296,
                1,
                860,
                311,
                1,
                853,
                397,
                1,
                761,
                426,
                1
            ],
            "action": "sit down",
            "age": "adult",
            "disabled": false,
            "mask": true,
            "get_on": false,
            "get_off": false
        },
        {
            "id": 7,
            "bbox": [
                585,
                47,
                931,
                912
            ],
            "occluded": true,
            "num_keypoints": 16,
            "keypoints": [
                630,
                823,
                2,
                757,
                712,
                2,
                746,
                531,
                1,
                775,
                514,
                1,
                789,
                689,
                2,
                775,
                784,
                1,
                764,
                520,
                1,
                780,
                330,
                2,
                777,
                175,
                2,
                827,
                114,
                2,
                758,
                420,
                1,
                611,
                388,
                2,
                674,
                215,
                2,
                808,
                208,
                1,
                803,
                340,
                1,
                855,
                394,
                2
            ],
            "action": "stand",
            "age": "adult",
            "disabled": false,
            "mask": true,
            "get_on": true,
            "get_off": false
        },
        {
            "id": 8,
            "bbox": [
                273,
                358,
                477,
                974
            ],
            "occluded": true,
            "num_keypoints": 16,
            "keypoints": [
                415,
                926,
                1,
                412,
                854,
                1,
                383,
                713,
                1,
                431,
                692,
                1,
                446,
                805,
                1,
                457,
                898,
                1,
                404,
                700,
                1,
                389,
                585,
                2,
                375,
                483,
                2,
                370,
                428,
                2,
                362,
                641,
                1,
                307,
                654,
                2,
                309,
                526,
                2,
                418,
                481,
                2,
                433,
                587,
                2,
                422,
                653,
                1
            ],
            "action": "walk",
            "age": "adult",
            "disabled": false,
            "mask": true,
            "get_on": true,
            "get_off": false
        }
    ]
}