{
    "info": {
        "description": "AIHub Bus Passenger Dataset",
        "year": 2020,
        "version": "1.0",
        "img_path": "",
        "width": 1920,
        "height": 1080,
        "G-Sensor": "-20,-47,900",
        "Gyro": "0,0,0"
    },
    "annotations": [
        {
            "id": 3,
            "bbox": [
                559,
                194,
                882,
                736
            ],
            "occluded": true,
            "num_keypoints": 16,
            "keypoints": [
                602,
                621,
                1,
                609,
                481,
                2,
                728,
                427,
                1,
                783,
                447,
                1,
                650,
                506,
                2,
                659,
                675,
                1,
                754,
                437,
                1,
                778,
                368,
                2,
                811,
                276,
                1,
                820,
                232,
                2,
                687,
                386,
                2,
                703,
                362,
                2,
                752,
                298,
                2,
                864,
                308,
                2,
                858,
                398,
                2,
                777,
                422,
                1
            ],
            "action": "sit down",
            "age": "adult",
            "disabled": false,
            "mask": true,
            "get_on": false,
            "get_off": false
        }
    ]
}