{
    "info": {
        "description": "AIHub Bus Passenger Dataset",
        "year": 2020,
        "version": "1.0",
        "img_path": "",
        "width": 1920,
        "height": 1080,
        "G-Sensor": "-119,-88,971",
        "Gyro": "0,0,0"
    },
    "annotations": [
        {
            "id": 3,
            "bbox": [
                559,
                191,
                881,
                742
            ],
            "occluded": true,
            "num_keypoints": 16,
            "keypoints": [
                606,
                627,
                1,
                619,
                482,
                2,
                753,
                424,
                1,
                819,
                446,
                1,
                691,
                547,
                2,
                691,
                683,
                1,
                788,
                435,
                1,
                792,
                348,
                1,
                807,
                283,
                1,
                815,
                232,
                2,
                709,
                371,
                2,
                712,
                352,
                2,
                767,
                297,
                2,
                864,
                309,
                2,
                864,
                394,
                2,
                781,
                399,
                2
            ],
            "action": "sit down",
            "age": "adult",
            "disabled": false,
            "mask": true,
            "get_on": false,
            "get_off": false
        }
    ]
}