{
    "info": {
        "description": "AIHub Bus Passenger Dataset",
        "year": 2020,
        "version": "1.0",
        "img_path": "",
        "width": 1920,
        "height": 1080,
        "G-Sensor": "-20,-47,900",
        "Gyro": "0,0,0"
    },
    "annotations": [
        {
            "id": 3,
            "bbox": [
                559,
                196,
                882,
                738
            ],
            "occluded": true,
            "num_keypoints": 16,
            "keypoints": [
                602,
                623,
                1,
                611,
                482,
                2,
                710,
                412,
                1,
                780,
                433,
                1,
                663,
                508,
                2,
                672,
                676,
                1,
                740,
                424,
                1,
                776,
                355,
                2,
                822,
                281,
                2,
                839,
                237,
                2,
                699,
                374,
                2,
                709,
                358,
                2,
                758,
                297,
                2,
                866,
                313,
                2,
                858,
                400,
                2,
                774,
                409,
                2
            ],
            "action": "sit down",
            "age": "adult",
            "disabled": false,
            "mask": true,
            "get_on": false,
            "get_off": false
        }
    ]
}