{
    "info": {
        "description": "AIHub Bus Passenger Dataset",
        "year": 2020,
        "version": "1.0",
        "img_path": "",
        "width": 1920,
        "height": 1080,
        "G-Sensor": "-27,-53,945",
        "Gyro": "0,0,0"
    },
    "annotations": [
        {
            "id": 3,
            "bbox": [
                558,
                193,
                878,
                728
            ],
            "occluded": true,
            "num_keypoints": 16,
            "keypoints": [
                600,
                613,
                1,
                610,
                475,
                2,
                722,
                426,
                1,
                780,
                461,
                1,
                662,
                511,
                2,
                667,
                667,
                1,
                745,
                441,
                1,
                783,
                359,
                2,
                819,
                282,
                2,
                824,
                239,
                2,
                688,
                392,
                2,
                714,
                349,
                2,
                754,
                296,
                2,
                860,
                311,
                2,
                858,
                412,
                2,
                761,
                426,
                1
            ],
            "action": "sit down",
            "age": "adult",
            "disabled": false,
            "mask": true,
            "get_on": false,
            "get_off": false
        },
        {
            "id": 7,
            "bbox": [
                270,
                338,
                543,
                927
            ],
            "occluded": true,
            "num_keypoints": 16,
            "keypoints": [
                478,
                903,
                1,
                465,
                824,
                1,
                367,
                665,
                1,
                457,
                651,
                1,
                504,
                785,
                2,
                535,
                873,
                1,
                418,
                657,
                1,
                401,
                580,
                2,
                381,
                466,
                2,
                378,
                403,
                2,
                354,
                652,
                1,
                297,
                621,
                2,
                298,
                487,
                2,
                454,
                476,
                2,
                495,
                583,
                2,
                490,
                634,
                2
            ],
            "action": "walk",
            "age": "adult",
            "disabled": false,
            "mask": true,
            "get_on": true,
            "get_off": false
        },
        {
            "id": 8,
            "bbox": [
                163,
                449,
                381,
                915
            ],
            "occluded": true,
            "num_keypoints": 16,
            "keypoints": [
                270,
                881,
                1,
                288,
                815,
                1,
                274,
                703,
                1,
                322,
                676,
                1,
                338,
                792,
                1,
                356,
                881,
                1,
                299,
                685,
                1,
                272,
                605,
                2,
                239,
                535,
                2,
                225,
                495,
                2,
                241,
                673,
                1,
                189,
                668,
                1,
                196,
                570,
                1,
                286,
                520,
                1,
                333,
                591,
                1,
                348,
                655,
                1
            ],
            "action": "walk",
            "age": "adult",
            "disabled": false,
            "mask": true,
            "get_on": true,
            "get_off": false
        }
    ]
}