{
    "info": {
        "description": "AIHub Bus Passenger Dataset",
        "year": 2020,
        "version": "1.0",
        "img_path": "",
        "width": 1920,
        "height": 1080,
        "G-Sensor": "-35,-59,941",
        "Gyro": "0,0,0"
    },
    "annotations": [
        {
            "id": 3,
            "bbox": [
                558,
                193,
                878,
                728
            ],
            "occluded": true,
            "num_keypoints": 16,
            "keypoints": [
                600,
                613,
                1,
                626,
                479,
                1,
                743,
                423,
                1,
                812,
                440,
                1,
                662,
                511,
                1,
                667,
                667,
                1,
                778,
                429,
                1,
                796,
                368,
                1,
                819,
                282,
                2,
                827,
                231,
                2,
                690,
                393,
                1,
                714,
                349,
                1,
                754,
                296,
                1,
                860,
                311,
                2,
                853,
                397,
                2,
                761,
                426,
                1
            ],
            "action": "sit down",
            "age": "adult",
            "disabled": false,
            "mask": true,
            "get_on": false,
            "get_off": false
        },
        {
            "id": 7,
            "bbox": [
                466,
                57,
                794,
                935
            ],
            "occluded": true,
            "num_keypoints": 16,
            "keypoints": [
                557,
                848,
                2,
                568,
                747,
                1,
                593,
                542,
                2,
                671,
                504,
                1,
                733,
                663,
                2,
                702,
                769,
                1,
                624,
                525,
                1,
                610,
                338,
                2,
                630,
                200,
                2,
                657,
                130,
                2,
                617,
                487,
                2,
                501,
                419,
                1,
                522,
                211,
                2,
                678,
                226,
                2,
                655,
                384,
                2,
                700,
                425,
                1
            ],
            "action": "walk",
            "age": "adult",
            "disabled": false,
            "mask": true,
            "get_on": true,
            "get_off": false
        },
        {
            "id": 8,
            "bbox": [
                254,
                364,
                510,
                974
            ],
            "occluded": true,
            "num_keypoints": 16,
            "keypoints": [
                434,
                920,
                1,
                416,
                829,
                1,
                359,
                688,
                1,
                412,
                667,
                1,
                449,
                794,
                1,
                482,
                909,
                1,
                385,
                672,
                1,
                379,
                585,
                2,
                354,
                483,
                2,
                339,
                426,
                2,
                326,
                652,
                2,
                280,
                659,
                2,
                278,
                528,
                2,
                393,
                467,
                1,
                420,
                601,
                1,
                449,
                614,
                1
            ],
            "action": "stand",
            "age": "adult",
            "disabled": false,
            "mask": true,
            "get_on": true,
            "get_off": false
        }
    ]
}