{
    "info": {
        "description": "AIHub Bus Passenger Dataset",
        "year": 2020,
        "version": "1.0",
        "img_path": "",
        "width": 1920,
        "height": 1080,
        "G-Sensor": "139,-39,1004",
        "Gyro": "0,0,0"
    },
    "annotations": [
        {
            "id": 3,
            "bbox": [
                559,
                194,
                877,
                728
            ],
            "occluded": true,
            "num_keypoints": 16,
            "keypoints": [
                601,
                613,
                1,
                611,
                476,
                2,
                713,
                425,
                1,
                776,
                448,
                1,
                663,
                507,
                2,
                665,
                667,
                1,
                744,
                437,
                1,
                781,
                366,
                2,
                814,
                281,
                2,
                823,
                234,
                2,
                692,
                386,
                2,
                715,
                350,
                2,
                751,
                297,
                2,
                860,
                310,
                2,
                853,
                398,
                2,
                761,
                427,
                1
            ],
            "action": "sit down",
            "age": "adult",
            "disabled": false,
            "mask": true,
            "get_on": false,
            "get_off": false
        }
    ]
}