{
    "info": {
        "description": "AIHub Bus Passenger Dataset",
        "year": 2020,
        "version": "1.0",
        "img_path": "",
        "width": 1920,
        "height": 1080,
        "G-Sensor": "133,49,922",
        "Gyro": "0,0,0"
    },
    "annotations": [
        {
            "id": 3,
            "bbox": [
                559,
                194,
                877,
                740
            ],
            "occluded": true,
            "num_keypoints": 16,
            "keypoints": [
                601,
                624,
                1,
                608,
                483,
                2,
                718,
                426,
                1,
                782,
                448,
                1,
                660,
                508,
                2,
                653,
                674,
                1,
                747,
                441,
                1,
                779,
                358,
                2,
                810,
                277,
                1,
                820,
                233,
                2,
                692,
                387,
                2,
                708,
                363,
                2,
                750,
                299,
                2,
                863,
                308,
                2,
                853,
                399,
                2,
                768,
                425,
                1
            ],
            "action": "sit down",
            "age": "adult",
            "disabled": false,
            "mask": true,
            "get_on": false,
            "get_off": false
        }
    ]
}