{
    "info": {
        "description": "AIHub Bus Passenger Dataset",
        "year": 2020,
        "version": "1.0",
        "img_path": "",
        "width": 1920,
        "height": 1080,
        "G-Sensor": "221,-115,973",
        "Gyro": "0,0,0"
    },
    "annotations": [
        {
            "id": 3,
            "bbox": [
                559,
                194,
                877,
                740
            ],
            "occluded": true,
            "num_keypoints": 16,
            "keypoints": [
                601,
                624,
                1,
                608,
                483,
                2,
                724,
                430,
                1,
                793,
                456,
                1,
                650,
                510,
                2,
                653,
                674,
                1,
                753,
                436,
                1,
                780,
                353,
                2,
                813,
                279,
                1,
                825,
                235,
                2,
                688,
                389,
                2,
                706,
                362,
                2,
                751,
                300,
                2,
                861,
                310,
                2,
                853,
                399,
                2,
                768,
                425,
                1
            ],
            "action": "sit down",
            "age": "adult",
            "disabled": false,
            "mask": true,
            "get_on": false,
            "get_off": false
        }
    ]
}