{
    "info": {
        "description": "AIHub Bus Passenger Dataset",
        "year": 2020,
        "version": "1.0",
        "img_path": "",
        "width": 1920,
        "height": 1080,
        "G-Sensor": "168,-41,941",
        "Gyro": "0,0,0"
    },
    "annotations": [
        {
            "id": 3,
            "bbox": [
                559,
                194,
                877,
                728
            ],
            "occluded": true,
            "num_keypoints": 16,
            "keypoints": [
                601,
                614,
                1,
                611,
                477,
                2,
                724,
                420,
                1,
                791,
                459,
                1,
                656,
                510,
                2,
                665,
                670,
                1,
                753,
                442,
                1,
                783,
                357,
                2,
                817,
                284,
                2,
                829,
                237,
                2,
                692,
                387,
                2,
                717,
                351,
                2,
                753,
                298,
                2,
                859,
                313,
                2,
                857,
                404,
                2,
                761,
                428,
                1
            ],
            "action": "sit down",
            "age": "adult",
            "disabled": false,
            "mask": true,
            "get_on": false,
            "get_off": false
        }
    ]
}