{
    "info": {
        "description": "AIHub Bus Passenger Dataset",
        "year": 2020,
        "version": "1.0",
        "img_path": "",
        "width": 1920,
        "height": 1080,
        "G-Sensor": "133,49,922",
        "Gyro": "0,0,0"
    },
    "annotations": [
        {
            "id": 3,
            "bbox": [
                559,
                194,
                880,
                736
            ],
            "occluded": true,
            "num_keypoints": 16,
            "keypoints": [
                601,
                621,
                1,
                608,
                481,
                2,
                731,
                422,
                1,
                793,
                440,
                1,
                651,
                508,
                2,
                654,
                671,
                1,
                755,
                434,
                1,
                781,
                362,
                2,
                810,
                277,
                1,
                822,
                231,
                2,
                690,
                387,
                2,
                713,
                356,
                2,
                750,
                298,
                2,
                862,
                308,
                2,
                856,
                398,
                2,
                766,
                422,
                1
            ],
            "action": "sit down",
            "age": "adult",
            "disabled": false,
            "mask": true,
            "get_on": false,
            "get_off": false
        }
    ]
}