{
    "info": {
        "description": "AIHub Bus Passenger Dataset",
        "year": 2020,
        "version": "1.0",
        "img_path": "",
        "width": 1920,
        "height": 1080,
        "G-Sensor": "-45,-63,957",
        "Gyro": "0,0,0"
    },
    "annotations": [
        {
            "id": 3,
            "bbox": [
                558,
                193,
                878,
                728
            ],
            "occluded": true,
            "num_keypoints": 16,
            "keypoints": [
                600,
                613,
                1,
                626,
                479,
                1,
                726,
                410,
                1,
                794,
                431,
                1,
                662,
                511,
                1,
                669,
                667,
                1,
                760,
                420,
                1,
                799,
                370,
                1,
                819,
                282,
                2,
                827,
                231,
                2,
                690,
                393,
                1,
                733,
                354,
                1,
                772,
                284,
                1,
                860,
                311,
                2,
                853,
                397,
                2,
                761,
                426,
                1
            ],
            "action": "sit down",
            "age": "adult",
            "disabled": false,
            "mask": true,
            "get_on": false,
            "get_off": false
        },
        {
            "id": 8,
            "bbox": [
                501,
                91,
                867,
                953
            ],
            "occluded": true,
            "num_keypoints": 16,
            "keypoints": [
                615,
                874,
                2,
                644,
                738,
                1,
                620,
                522,
                2,
                671,
                500,
                2,
                768,
                701,
                1,
                817,
                894,
                1,
                640,
                507,
                2,
                670,
                398,
                2,
                733,
                237,
                2,
                772,
                162,
                2,
                673,
                445,
                2,
                532,
                418,
                2,
                613,
                280,
                2,
                757,
                261,
                2,
                720,
                407,
                1,
                759,
                447,
                1
            ],
            "action": "walk",
            "age": "adult",
            "disabled": false,
            "mask": true,
            "get_on": true,
            "get_off": false
        }
    ]
}