{
    "info": {
        "description": "AIHub Bus Passenger Dataset",
        "year": 2020,
        "version": "1.0",
        "img_path": "",
        "width": 1920,
        "height": 1080,
        "G-Sensor": "4,-236,1109",
        "Gyro": "0,0,0"
    },
    "annotations": [
        {
            "id": 3,
            "bbox": [
                553,
                195,
                881,
                742
            ],
            "occluded": true,
            "num_keypoints": 16,
            "keypoints": [
                592,
                633,
                1,
                617,
                465,
                2,
                744,
                418,
                1,
                809,
                436,
                1,
                688,
                540,
                2,
                671,
                692,
                1,
                778,
                428,
                1,
                792,
                351,
                1,
                792,
                281,
                1,
                785,
                238,
                2,
                733,
                354,
                2,
                710,
                369,
                2,
                761,
                290,
                1,
                857,
                303,
                2,
                862,
                411,
                2,
                808,
                357,
                1
            ],
            "action": "sit down",
            "age": "adult",
            "disabled": false,
            "mask": true,
            "get_on": false,
            "get_off": false
        }
    ]
}