{
    "info": {
        "description": "AIHub Bus Passenger Dataset",
        "year": 2020,
        "version": "1.0",
        "img_path": "",
        "width": 1920,
        "height": 1080,
        "G-Sensor": "-135,-41,980",
        "Gyro": "0,0,0"
    },
    "annotations": [
        {
            "id": 3,
            "bbox": [
                558,
                194,
                878,
                728
            ],
            "occluded": true,
            "num_keypoints": 16,
            "keypoints": [
                599,
                612,
                1,
                625,
                478,
                2,
                729,
                412,
                1,
                774,
                440,
                1,
                661,
                510,
                2,
                668,
                666,
                1,
                749,
                430,
                1,
                777,
                356,
                2,
                814,
                278,
                2,
                830,
                231,
                2,
                699,
                387,
                2,
                717,
                348,
                2,
                756,
                296,
                2,
                857,
                308,
                2,
                852,
                396,
                2,
                760,
                425,
                1
            ],
            "action": "sit down",
            "age": "adult",
            "disabled": false,
            "mask": true,
            "get_on": false,
            "get_off": false
        }
    ]
}