{
    "info": {
        "description": "AIHub Bus Passenger Dataset",
        "year": 2020,
        "version": "1.0",
        "img_path": "",
        "width": 1920,
        "height": 1080,
        "G-Sensor": "-20,-47,900",
        "Gyro": "0,0,0"
    },
    "annotations": [
        {
            "id": 3,
            "bbox": [
                559,
                194,
                882,
                736
            ],
            "occluded": true,
            "num_keypoints": 16,
            "keypoints": [
                602,
                621,
                1,
                609,
                481,
                2,
                723,
                418,
                1,
                778,
                441,
                1,
                650,
                506,
                2,
                661,
                676,
                1,
                751,
                431,
                1,
                780,
                356,
                2,
                810,
                281,
                1,
                818,
                232,
                2,
                699,
                372,
                2,
                709,
                356,
                2,
                758,
                298,
                2,
                864,
                308,
                2,
                858,
                398,
                2,
                773,
                422,
                2
            ],
            "action": "sit down",
            "age": "adult",
            "disabled": false,
            "mask": true,
            "get_on": false,
            "get_off": false
        }
    ]
}