{
    "info": {
        "description": "AIHub Bus Passenger Dataset",
        "year": 2020,
        "version": "1.0",
        "img_path": "",
        "width": 1920,
        "height": 1080,
        "G-Sensor": "-45,-55,932",
        "Gyro": "0,0,0"
    },
    "annotations": [
        {
            "id": 3,
            "bbox": [
                558,
                193,
                878,
                728
            ],
            "occluded": true,
            "num_keypoints": 16,
            "keypoints": [
                600,
                613,
                1,
                624,
                473,
                2,
                716,
                424,
                1,
                788,
                455,
                1,
                662,
                511,
                2,
                669,
                667,
                1,
                741,
                434,
                1,
                783,
                359,
                2,
                819,
                285,
                2,
                820,
                242,
                2,
                690,
                393,
                2,
                714,
                349,
                2,
                754,
                296,
                2,
                860,
                311,
                1,
                853,
                397,
                1,
                761,
                426,
                1
            ],
            "action": "sit down",
            "age": "adult",
            "disabled": false,
            "mask": true,
            "get_on": false,
            "get_off": false
        },
        {
            "id": 8,
            "bbox": [
                847,
                46,
                1058,
                869
            ],
            "occluded": true,
            "num_keypoints": 16,
            "keypoints": [
                1015,
                811,
                1,
                996,
                657,
                1,
                971,
                448,
                2,
                901,
                460,
                2,
                917,
                655,
                2,
                908,
                807,
                1,
                938,
                454,
                2,
                939,
                325,
                2,
                954,
                198,
                2,
                973,
                106,
                2,
                1039,
                347,
                1,
                1039,
                401,
                2,
                1029,
                222,
                2,
                888,
                217,
                2,
                869,
                308,
                1,
                867,
                375,
                1
            ],
            "action": "walk",
            "age": "adult",
            "disabled": false,
            "mask": true,
            "get_on": true,
            "get_off": false
        }
    ]
}