{
    "info": {
        "description": "AIHub Bus Passenger Dataset",
        "year": 2020,
        "version": "1.0",
        "img_path": "",
        "width": 1920,
        "height": 1080,
        "G-Sensor": "-41,-59,947",
        "Gyro": "0,0,0"
    },
    "annotations": [
        {
            "id": 3,
            "bbox": [
                558,
                193,
                878,
                728
            ],
            "occluded": true,
            "num_keypoints": 16,
            "keypoints": [
                600,
                613,
                1,
                626,
                479,
                2,
                715,
                433,
                1,
                796,
                454,
                1,
                672,
                517,
                2,
                669,
                667,
                1,
                749,
                445,
                1,
                779,
                369,
                2,
                819,
                282,
                2,
                827,
                231,
                2,
                690,
                393,
                2,
                714,
                349,
                2,
                754,
                296,
                2,
                864,
                310,
                2,
                853,
                397,
                2,
                761,
                426,
                1
            ],
            "action": "sit down",
            "age": "adult",
            "disabled": false,
            "mask": true,
            "get_on": false,
            "get_off": false
        },
        {
            "id": 8,
            "bbox": [
                289,
                232,
                627,
                943
            ],
            "occluded": true,
            "num_keypoints": 16,
            "keypoints": [
                479,
                916,
                1,
                479,
                826,
                1,
                468,
                674,
                2,
                516,
                645,
                2,
                605,
                744,
                1,
                551,
                816,
                1,
                492,
                655,
                2,
                465,
                536,
                2,
                436,
                381,
                2,
                443,
                317,
                2,
                477,
                562,
                2,
                396,
                642,
                1,
                330,
                464,
                2,
                482,
                399,
                2,
                505,
                510,
                1,
                517,
                621,
                1
            ],
            "action": "walk",
            "age": "adult",
            "disabled": false,
            "mask": true,
            "get_on": true,
            "get_off": false
        }
    ]
}