{
    "info": {
        "description": "AIHub Bus Passenger Dataset",
        "year": 2020,
        "version": "1.0",
        "img_path": "",
        "width": 1920,
        "height": 1080,
        "G-Sensor": "-41,-74,963",
        "Gyro": "0,0,0"
    },
    "annotations": [
        {
            "id": 3,
            "bbox": [
                558,
                193,
                878,
                728
            ],
            "occluded": true,
            "num_keypoints": 16,
            "keypoints": [
                600,
                613,
                1,
                610,
                475,
                2,
                721,
                427,
                1,
                783,
                449,
                1,
                662,
                511,
                2,
                667,
                667,
                1,
                743,
                434,
                1,
                778,
                363,
                2,
                819,
                282,
                2,
                827,
                231,
                2,
                688,
                392,
                2,
                714,
                349,
                2,
                754,
                296,
                2,
                860,
                308,
                2,
                853,
                397,
                2,
                761,
                426,
                1
            ],
            "action": "sit down",
            "age": "adult",
            "disabled": false,
            "mask": true,
            "get_on": false,
            "get_off": false
        },
        {
            "id": 7,
            "bbox": [
                301,
                237,
                587,
                963
            ],
            "occluded": true,
            "num_keypoints": 16,
            "keypoints": [
                427,
                914,
                1,
                430,
                821,
                1,
                411,
                642,
                1,
                498,
                625,
                2,
                521,
                805,
                2,
                500,
                900,
                1,
                460,
                642,
                2,
                432,
                493,
                2,
                434,
                379,
                2,
                442,
                308,
                2,
                388,
                565,
                2,
                318,
                536,
                2,
                328,
                401,
                2,
                508,
                391,
                1,
                571,
                486,
                2,
                570,
                584,
                2
            ],
            "action": "walk",
            "age": "adult",
            "disabled": false,
            "mask": true,
            "get_on": true,
            "get_off": false
        },
        {
            "id": 8,
            "bbox": [
                183,
                460,
                400,
                926
            ],
            "occluded": true,
            "num_keypoints": 16,
            "keypoints": [
                341,
                888,
                1,
                315,
                806,
                1,
                280,
                717,
                1,
                319,
                706,
                1,
                352,
                806,
                1,
                378,
                870,
                1,
                302,
                713,
                1,
                278,
                620,
                2,
                256,
                554,
                2,
                240,
                505,
                2,
                251,
                693,
                2,
                205,
                688,
                2,
                212,
                588,
                1,
                286,
                539,
                1,
                336,
                614,
                1,
                321,
                658,
                1
            ],
            "action": "stand",
            "age": "adult",
            "disabled": false,
            "mask": true,
            "get_on": true,
            "get_off": false
        },
        {
            "id": 9,
            "bbox": [
                212,
                194,
                280,
                416
            ],
            "occluded": true,
            "num_keypoints": 16,
            "keypoints": [
                224,
                400,
                1,
                238,
                366,
                2,
                237,
                310,
                1,
                241,
                303,
                1,
                258,
                344,
                2,
                264,
                374,
                1,
                236,
                306,
                1,
                232,
                271,
                2,
                248,
                232,
                2,
                251,
                219,
                2,
                260,
                301,
                2,
                241,
                279,
                2,
                242,
                244,
                2,
                226,
                244,
                2,
                216,
                276,
                2,
                223,
                294,
                1
            ],
            "action": "walk",
            "age": "elder",
            "disabled": false,
            "mask": false,
            "get_on": false,
            "get_off": false
        }
    ]
}