{
    "info": {
        "description": "AIHub Bus Passenger Dataset",
        "year": 2020,
        "version": "1.0",
        "img_path": "",
        "width": 1920,
        "height": 1080,
        "G-Sensor": "12,-72,881",
        "Gyro": "0,0,0"
    },
    "annotations": [
        {
            "id": 3,
            "bbox": [
                561,
                193,
                879,
                739
            ],
            "occluded": true,
            "num_keypoints": 16,
            "keypoints": [
                603,
                623,
                1,
                610,
                482,
                2,
                721,
                423,
                1,
                787,
                452,
                1,
                652,
                509,
                2,
                650,
                672,
                1,
                755,
                438,
                1,
                781,
                354,
                2,
                811,
                278,
                1,
                829,
                231,
                2,
                691,
                385,
                2,
                712,
                358,
                2,
                753,
                298,
                2,
                862,
                315,
                2,
                855,
                398,
                2,
                770,
                424,
                1
            ],
            "action": "sit down",
            "age": "adult",
            "disabled": false,
            "mask": true,
            "get_on": false,
            "get_off": false
        }
    ]
}