{
    "info": {
        "description": "AIHub Bus Passenger Dataset",
        "year": 2020,
        "version": "1.0",
        "img_path": "",
        "width": 1920,
        "height": 1080,
        "G-Sensor": "-33,-131,998",
        "Gyro": "0,0,0"
    },
    "annotations": [
        {
            "id": 3,
            "bbox": [
                559,
                191,
                881,
                742
            ],
            "occluded": true,
            "num_keypoints": 16,
            "keypoints": [
                606,
                627,
                1,
                618,
                482,
                2,
                731,
                418,
                1,
                787,
                442,
                1,
                681,
                530,
                2,
                687,
                676,
                1,
                753,
                435,
                1,
                782,
                351,
                2,
                811,
                285,
                1,
                816,
                245,
                2,
                709,
                371,
                2,
                712,
                352,
                2,
                761,
                299,
                2,
                864,
                309,
                2,
                858,
                401,
                2,
                778,
                405,
                2
            ],
            "action": "sit down",
            "age": "adult",
            "disabled": false,
            "mask": true,
            "get_on": false,
            "get_off": false
        }
    ]
}