{
    "info": {
        "description": "AIHub Bus Passenger Dataset",
        "year": 2020,
        "version": "1.0",
        "img_path": "",
        "width": 1920,
        "height": 1080,
        "G-Sensor": "168,-41,941",
        "Gyro": "0,0,0"
    },
    "annotations": [
        {
            "id": 3,
            "bbox": [
                559,
                194,
                877,
                728
            ],
            "occluded": true,
            "num_keypoints": 16,
            "keypoints": [
                601,
                614,
                1,
                611,
                477,
                2,
                729,
                428,
                1,
                788,
                453,
                1,
                656,
                510,
                2,
                665,
                670,
                1,
                745,
                439,
                1,
                777,
                363,
                2,
                817,
                282,
                2,
                829,
                229,
                2,
                692,
                387,
                2,
                717,
                351,
                2,
                753,
                298,
                2,
                859,
                313,
                2,
                853,
                409,
                2,
                761,
                428,
                1
            ],
            "action": "sit down",
            "age": "adult",
            "disabled": false,
            "mask": true,
            "get_on": false,
            "get_off": false
        }
    ]
}