{
    "info": {
        "description": "AIHub Bus Passenger Dataset",
        "year": 2020,
        "version": "1.0",
        "img_path": "",
        "width": 1920,
        "height": 1080,
        "G-Sensor": "-33,-131,998",
        "Gyro": "0,0,0"
    },
    "annotations": [
        {
            "id": 3,
            "bbox": [
                559,
                193,
                882,
                732
            ],
            "occluded": true,
            "num_keypoints": 16,
            "keypoints": [
                606,
                619,
                1,
                618,
                477,
                2,
                727,
                413,
                1,
                806,
                447,
                1,
                674,
                522,
                2,
                678,
                670,
                1,
                758,
                434,
                1,
                779,
                353,
                2,
                817,
                285,
                1,
                824,
                233,
                2,
                702,
                369,
                2,
                717,
                353,
                2,
                758,
                297,
                2,
                864,
                308,
                2,
                858,
                398,
                2,
                775,
                400,
                2
            ],
            "action": "sit down",
            "age": "adult",
            "disabled": false,
            "mask": true,
            "get_on": false,
            "get_off": false
        }
    ]
}