{
    "info": {
        "description": "AIHub Bus Passenger Dataset",
        "year": 2020,
        "version": "1.0",
        "img_path": "",
        "width": 1920,
        "height": 1080,
        "G-Sensor": "-41,-59,947",
        "Gyro": "0,0,0"
    },
    "annotations": [
        {
            "id": 3,
            "bbox": [
                558,
                193,
                878,
                728
            ],
            "occluded": true,
            "num_keypoints": 16,
            "keypoints": [
                600,
                613,
                1,
                626,
                479,
                2,
                724,
                419,
                1,
                797,
                452,
                1,
                662,
                511,
                2,
                667,
                667,
                1,
                749,
                436,
                1,
                797,
                365,
                1,
                819,
                282,
                1,
                827,
                231,
                2,
                690,
                393,
                2,
                714,
                349,
                2,
                754,
                296,
                2,
                860,
                311,
                1,
                853,
                397,
                1,
                761,
                426,
                1
            ],
            "action": "sit down",
            "age": "adult",
            "disabled": false,
            "mask": true,
            "get_on": false,
            "get_off": false
        },
        {
            "id": 7,
            "bbox": [
                731,
                42,
                1143,
                913
            ],
            "occluded": true,
            "num_keypoints": 16,
            "keypoints": [
                1090,
                841,
                1,
                1022,
                684,
                1,
                918,
                491,
                2,
                885,
                463,
                2,
                816,
                664,
                1,
                759,
                763,
                1,
                898,
                478,
                2,
                913,
                317,
                2,
                947,
                168,
                2,
                975,
                107,
                2,
                978,
                416,
                2,
                852,
                384,
                2,
                879,
                225,
                2,
                929,
                174,
                1,
                949,
                332,
                1,
                1024,
                353,
                2
            ],
            "action": "walk",
            "age": "adult",
            "disabled": false,
            "mask": true,
            "get_on": true,
            "get_off": false
        },
        {
            "id": 8,
            "bbox": [
                283,
                286,
                517,
                969
            ],
            "occluded": true,
            "num_keypoints": 16,
            "keypoints": [
                432,
                927,
                1,
                427,
                838,
                1,
                392,
                686,
                1,
                455,
                653,
                1,
                472,
                796,
                1,
                478,
                914,
                1,
                426,
                672,
                1,
                408,
                531,
                2,
                388,
                422,
                2,
                381,
                355,
                2,
                379,
                609,
                2,
                307,
                627,
                2,
                302,
                483,
                2,
                442,
                428,
                2,
                435,
                530,
                1,
                446,
                566,
                1
            ],
            "action": "walk",
            "age": "adult",
            "disabled": false,
            "mask": true,
            "get_on": true,
            "get_off": false
        }
    ]
}