{
    "info": {
        "description": "AIHub Bus Passenger Dataset",
        "year": 2020,
        "version": "1.0",
        "img_path": "",
        "width": 1920,
        "height": 1080,
        "G-Sensor": "-39,-51,943",
        "Gyro": "0,0,0"
    },
    "annotations": [
        {
            "id": 3,
            "bbox": [
                558,
                193,
                878,
                728
            ],
            "occluded": true,
            "num_keypoints": 16,
            "keypoints": [
                600,
                613,
                1,
                610,
                475,
                2,
                721,
                420,
                1,
                776,
                452,
                1,
                662,
                511,
                2,
                667,
                667,
                1,
                747,
                439,
                1,
                783,
                359,
                2,
                819,
                282,
                2,
                827,
                231,
                2,
                688,
                392,
                2,
                714,
                349,
                2,
                754,
                296,
                2,
                860,
                311,
                2,
                853,
                397,
                2,
                761,
                426,
                1
            ],
            "action": "sit down",
            "age": "adult",
            "disabled": false,
            "mask": true,
            "get_on": false,
            "get_off": false
        },
        {
            "id": 7,
            "bbox": [
                277,
                419,
                453,
                918
            ],
            "occluded": true,
            "num_keypoints": 16,
            "keypoints": [
                357,
                870,
                1,
                378,
                803,
                1,
                353,
                697,
                1,
                409,
                695,
                1,
                419,
                789,
                1,
                423,
                877,
                1,
                374,
                696,
                1,
                363,
                593,
                2,
                358,
                526,
                2,
                358,
                474,
                2,
                323,
                654,
                1,
                298,
                595,
                1,
                313,
                526,
                2,
                405,
                520,
                2,
                430,
                585,
                2,
                410,
                643,
                1
            ],
            "action": "walk",
            "age": "adult",
            "disabled": false,
            "mask": true,
            "get_on": true,
            "get_off": false
        }
    ]
}