{
    "info": {
        "description": "AIHub Bus Passenger Dataset",
        "year": 2020,
        "version": "1.0",
        "img_path": "",
        "width": 1920,
        "height": 1080,
        "G-Sensor": "-195,-72,846",
        "Gyro": "0,0,0"
    },
    "annotations": [
        {
            "id": 3,
            "bbox": [
                558,
                195,
                882,
                728
            ],
            "occluded": true,
            "num_keypoints": 16,
            "keypoints": [
                600,
                613,
                1,
                626,
                479,
                2,
                727,
                427,
                1,
                777,
                450,
                1,
                663,
                511,
                2,
                670,
                667,
                1,
                752,
                438,
                1,
                785,
                360,
                2,
                822,
                284,
                2,
                831,
                233,
                2,
                692,
                389,
                2,
                715,
                350,
                2,
                756,
                297,
                2,
                863,
                312,
                2,
                856,
                398,
                2,
                763,
                427,
                1
            ],
            "action": "sit down",
            "age": "adult",
            "disabled": false,
            "mask": true,
            "get_on": false,
            "get_off": false
        }
    ]
}