{
    "info": {
        "description": "AIHub Bus Passenger Dataset",
        "year": 2020,
        "version": "1.0",
        "img_path": "",
        "width": 1920,
        "height": 1080,
        "G-Sensor": "-166,-37,906",
        "Gyro": "0,0,0"
    },
    "annotations": [
        {
            "id": 3,
            "bbox": [
                558,
                196,
                878,
                728
            ],
            "occluded": true,
            "num_keypoints": 16,
            "keypoints": [
                599,
                613,
                1,
                625,
                479,
                2,
                730,
                417,
                1,
                774,
                447,
                1,
                661,
                511,
                2,
                668,
                667,
                1,
                750,
                432,
                1,
                777,
                358,
                2,
                815,
                279,
                2,
                829,
                230,
                2,
                695,
                391,
                2,
                713,
                350,
                2,
                753,
                297,
                2,
                859,
                310,
                2,
                852,
                398,
                2,
                760,
                427,
                1
            ],
            "action": "sit down",
            "age": "adult",
            "disabled": false,
            "mask": true,
            "get_on": false,
            "get_off": false
        }
    ]
}