{
    "info": {
        "description": "AIHub Bus Passenger Dataset",
        "year": 2020,
        "version": "1.0",
        "img_path": "",
        "width": 1920,
        "height": 1080,
        "G-Sensor": "-45,-63,957",
        "Gyro": "0,0,0"
    },
    "annotations": [
        {
            "id": 3,
            "bbox": [
                558,
                193,
                878,
                728
            ],
            "occluded": true,
            "num_keypoints": 16,
            "keypoints": [
                600,
                613,
                1,
                626,
                479,
                1,
                722,
                430,
                1,
                788,
                457,
                1,
                669,
                516,
                1,
                669,
                667,
                1,
                750,
                438,
                1,
                783,
                363,
                2,
                819,
                282,
                2,
                827,
                231,
                2,
                690,
                393,
                2,
                714,
                349,
                2,
                754,
                296,
                2,
                860,
                311,
                2,
                855,
                410,
                2,
                761,
                426,
                1
            ],
            "action": "sit down",
            "age": "adult",
            "disabled": false,
            "mask": true,
            "get_on": false,
            "get_off": false
        },
        {
            "id": 8,
            "bbox": [
                414,
                118,
                764,
                926
            ],
            "occluded": true,
            "num_keypoints": 16,
            "keypoints": [
                452,
                830,
                1,
                559,
                763,
                1,
                534,
                563,
                1,
                595,
                540,
                2,
                633,
                766,
                2,
                610,
                886,
                1,
                567,
                559,
                2,
                612,
                412,
                2,
                652,
                258,
                2,
                689,
                190,
                2,
                645,
                491,
                2,
                502,
                487,
                1,
                563,
                305,
                2,
                695,
                291,
                1,
                662,
                434,
                1,
                694,
                456,
                2
            ],
            "action": "walk",
            "age": "adult",
            "disabled": false,
            "mask": true,
            "get_on": true,
            "get_off": false
        }
    ]
}