{
    "info": {
        "description": "AIHub Bus Passenger Dataset",
        "year": 2020,
        "version": "1.0",
        "img_path": "",
        "width": 1920,
        "height": 1080,
        "G-Sensor": "-86,-154,914",
        "Gyro": "0,0,0"
    },
    "annotations": [
        {
            "id": 3,
            "bbox": [
                553,
                195,
                881,
                742
            ],
            "occluded": true,
            "num_keypoints": 16,
            "keypoints": [
                595,
                632,
                1,
                615,
                474,
                2,
                742,
                424,
                1,
                806,
                443,
                1,
                690,
                544,
                2,
                677,
                686,
                1,
                774,
                434,
                1,
                791,
                353,
                1,
                791,
                277,
                1,
                784,
                238,
                2,
                733,
                354,
                2,
                707,
                374,
                2,
                760,
                291,
                1,
                857,
                301,
                2,
                862,
                411,
                2,
                818,
                360,
                2
            ],
            "action": "sit down",
            "age": "adult",
            "disabled": false,
            "mask": true,
            "get_on": false,
            "get_off": false
        }
    ]
}