{
    "info": {
        "description": "AIHub Bus Passenger Dataset",
        "year": 2020,
        "version": "1.0",
        "img_path": "",
        "width": 1920,
        "height": 1080,
        "G-Sensor": "168,-41,941",
        "Gyro": "0,0,0"
    },
    "annotations": [
        {
            "id": 3,
            "bbox": [
                559,
                194,
                877,
                728
            ],
            "occluded": true,
            "num_keypoints": 16,
            "keypoints": [
                601,
                614,
                1,
                611,
                477,
                2,
                718,
                424,
                1,
                784,
                446,
                1,
                656,
                510,
                2,
                658,
                670,
                1,
                748,
                437,
                1,
                779,
                358,
                2,
                810,
                282,
                1,
                819,
                233,
                2,
                692,
                387,
                2,
                714,
                353,
                2,
                751,
                297,
                2,
                860,
                312,
                2,
                854,
                406,
                2,
                761,
                428,
                1
            ],
            "action": "sit down",
            "age": "adult",
            "disabled": false,
            "mask": true,
            "get_on": false,
            "get_off": false
        }
    ]
}