{
    "info": {
        "description": "AIHub Bus Passenger Dataset",
        "year": 2020,
        "version": "1.0",
        "img_path": "",
        "width": 1920,
        "height": 1080,
        "G-Sensor": "-4,-23,879",
        "Gyro": "0,0,0"
    },
    "annotations": [
        {
            "id": 0,
            "bbox": [
                1411,
                159,
                1518,
                341
            ],
            "occluded": true,
            "num_keypoints": 16,
            "keypoints": [
                1432,
                300,
                2,
                1440,
                260,
                2,
                1464,
                244,
                1,
                1491,
                250,
                1,
                1475,
                269,
                2,
                1471,
                311,
                2,
                1476,
                247,
                1,
                1485,
                215,
                2,
                1489,
                195,
                2,
                1491,
                176,
                2,
                1469,
                225,
                2,
                1460,
                216,
                1,
                1471,
                199,
                2,
                1510,
                207,
                2,
                1503,
                229,
                2,
                1482,
                229,
                2
            ],
            "action": "sit down",
            "age": "adult",
            "disabled": false,
            "mask": true,
            "get_on": false,
            "get_off": false
        },
        {
            "id": 1,
            "bbox": [
                1284,
                178,
                1370,
                371
            ],
            "occluded": true,
            "num_keypoints": 16,
            "keypoints": [
                1299,
                330,
                2,
                1292,
                294,
                1,
                1308,
                284,
                2,
                1342,
                283,
                1,
                1346,
                296,
                2,
                1343,
                348,
                2,
                1324,
                285,
                2,
                1329,
                249,
                2,
                1336,
                217,
                2,
                1340,
                199,
                2,
                1311,
                259,
                1,
                1308,
                241,
                1,
                1314,
                221,
                1,
                1356,
                231,
                2,
                1355,
                253,
                2,
                1335,
                261,
                2
            ],
            "action": "sit down",
            "age": "adult",
            "disabled": false,
            "mask": true,
            "get_on": false,
            "get_off": false
        },
        {
            "id": 2,
            "bbox": [
                1124,
                188,
                1252,
                506
            ],
            "occluded": true,
            "num_keypoints": 16,
            "keypoints": [
                1142,
                452,
                1,
                1152,
                393,
                1,
                1169,
                373,
                1,
                1208,
                375,
                2,
                1196,
                411,
                1,
                1188,
                468,
                1,
                1188,
                376,
                1,
                1193,
                300,
                1,
                1204,
                247,
                1,
                1211,
                215,
                1,
                1159,
                315,
                1,
                1142,
                289,
                2,
                1157,
                257,
                2,
                1237,
                287,
                2,
                1234,
                339,
                2,
                1209,
                351,
                2
            ],
            "action": "sit down",
            "age": "adult",
            "disabled": false,
            "mask": true,
            "get_on": false,
            "get_off": false
        },
        {
            "id": 4,
            "bbox": [
                842,
                197,
                1094,
                618
            ],
            "occluded": true,
            "num_keypoints": 16,
            "keypoints": [
                884,
                505,
                2,
                900,
                443,
                1,
                978,
                412,
                1,
                1032,
                429,
                1,
                1006,
                498,
                1,
                1005,
                587,
                1,
                1003,
                421,
                2,
                1011,
                347,
                2,
                1021,
                274,
                2,
                1031,
                226,
                2,
                976,
                369,
                2,
                954,
                352,
                2,
                976,
                295,
                2,
                1076,
                304,
                2,
                1063,
                385,
                2,
                1032,
                435,
                2
            ],
            "action": "sit down",
            "age": "adult",
            "disabled": false,
            "mask": true,
            "get_on": false,
            "get_off": false
        },
        {
            "id": 3,
            "bbox": [
                559,
                195,
                877,
                728
            ],
            "occluded": true,
            "num_keypoints": 16,
            "keypoints": [
                601,
                614,
                1,
                611,
                477,
                2,
                718,
                423,
                1,
                780,
                458,
                1,
                663,
                508,
                2,
                665,
                668,
                1,
                746,
                437,
                1,
                783,
                357,
                2,
                814,
                283,
                2,
                823,
                235,
                2,
                692,
                387,
                2,
                715,
                351,
                2,
                751,
                298,
                2,
                859,
                313,
                2,
                853,
                399,
                2,
                761,
                428,
                1
            ],
            "action": "sit down",
            "age": "adult",
            "disabled": false,
            "mask": true,
            "get_on": false,
            "get_off": false
        },
        {
            "id": 5,
            "bbox": [
                1335,
                267,
                1717,
                997
            ],
            "occluded": true,
            "num_keypoints": 16,
            "keypoints": [
                1386,
                804,
                2,
                1487,
                634,
                2,
                1530,
                590,
                1,
                1616,
                626,
                1,
                1632,
                683,
                2,
                1542,
                874,
                2,
                1557,
                603,
                1,
                1590,
                494,
                2,
                1624,
                396,
                2,
                1643,
                321,
                2,
                1490,
                562,
                2,
                1490,
                478,
                2,
                1543,
                392,
                2,
                1695,
                448,
                2,
                1686,
                564,
                2,
                1660,
                630,
                1
            ],
            "action": "sit down",
            "age": "elder",
            "disabled": false,
            "mask": true,
            "get_on": false,
            "get_off": false
        },
        {
            "id": 6,
            "bbox": [
                701,
                434,
                1357,
                1077
            ],
            "occluded": true,
            "num_keypoints": 16,
            "keypoints": [
                844,
                1005,
                0,
                776,
                955,
                0,
                888,
                1009,
                2,
                947,
                1059,
                0,
                1092,
                949,
                0,
                1152,
                935,
                0,
                920,
                1062,
                2,
                974,
                943,
                2,
                1067,
                729,
                2,
                1117,
                550,
                2,
                805,
                893,
                2,
                894,
                805,
                2,
                970,
                643,
                2,
                1310,
                815,
                2,
                1228,
                1051,
                2,
                1018,
                1034,
                0
            ],
            "action": "sit down",
            "age": "adult",
            "disabled": false,
            "mask": true,
            "get_on": false,
            "get_off": false
        }
    ]
}