{
    "info": {
        "description": "AIHub Bus Passenger Dataset",
        "year": 2020,
        "version": "1.0",
        "img_path": "",
        "width": 1920,
        "height": 1080,
        "G-Sensor": "-119,-88,971",
        "Gyro": "0,0,0"
    },
    "annotations": [
        {
            "id": 3,
            "bbox": [
                562,
                192,
                884,
                739
            ],
            "occluded": true,
            "num_keypoints": 16,
            "keypoints": [
                605,
                625,
                1,
                621,
                474,
                2,
                756,
                422,
                1,
                810,
                461,
                1,
                694,
                546,
                2,
                691,
                684,
                1,
                783,
                444,
                1,
                788,
                350,
                1,
                791,
                283,
                1,
                784,
                237,
                2,
                729,
                358,
                2,
                709,
                372,
                2,
                758,
                295,
                2,
                864,
                305,
                2,
                862,
                402,
                2,
                810,
                361,
                1
            ],
            "action": "sit down",
            "age": "adult",
            "disabled": false,
            "mask": true,
            "get_on": false,
            "get_off": false
        }
    ]
}