{
    "info": {
        "description": "AIHub Bus Passenger Dataset",
        "year": 2020,
        "version": "1.0",
        "img_path": "",
        "width": 1920,
        "height": 1080,
        "G-Sensor": "12,-72,881",
        "Gyro": "0,0,0"
    },
    "annotations": [
        {
            "id": 3,
            "bbox": [
                559,
                193,
                877,
                739
            ],
            "occluded": true,
            "num_keypoints": 16,
            "keypoints": [
                601,
                623,
                1,
                608,
                482,
                2,
                726,
                421,
                1,
                785,
                454,
                1,
                650,
                509,
                2,
                648,
                672,
                1,
                751,
                439,
                1,
                774,
                358,
                2,
                805,
                287,
                1,
                820,
                233,
                2,
                689,
                385,
                2,
                710,
                358,
                2,
                751,
                298,
                2,
                860,
                315,
                2,
                853,
                398,
                2,
                768,
                424,
                1
            ],
            "action": "sit down",
            "age": "adult",
            "disabled": false,
            "mask": true,
            "get_on": false,
            "get_off": false
        }
    ]
}