{
    "info": {
        "description": "AIHub Bus Passenger Dataset",
        "year": 2020,
        "version": "1.0",
        "img_path": "",
        "width": 1920,
        "height": 1080,
        "G-Sensor": "133,49,922",
        "Gyro": "0,0,0"
    },
    "annotations": [
        {
            "id": 3,
            "bbox": [
                559,
                194,
                877,
                740
            ],
            "occluded": true,
            "num_keypoints": 16,
            "keypoints": [
                601,
                624,
                1,
                608,
                483,
                2,
                719,
                427,
                1,
                786,
                451,
                1,
                650,
                510,
                2,
                653,
                674,
                1,
                750,
                440,
                1,
                782,
                355,
                2,
                808,
                281,
                1,
                819,
                232,
                2,
                688,
                388,
                2,
                704,
                364,
                2,
                749,
                298,
                2,
                859,
                308,
                2,
                853,
                399,
                2,
                764,
                423,
                1
            ],
            "action": "sit down",
            "age": "adult",
            "disabled": false,
            "mask": true,
            "get_on": false,
            "get_off": false
        }
    ]
}