{
    "info": {
        "description": "AIHub Bus Passenger Dataset",
        "year": 2020,
        "version": "1.0",
        "img_path": "",
        "width": 1920,
        "height": 1080,
        "G-Sensor": "12,-72,881",
        "Gyro": "0,0,0"
    },
    "annotations": [
        {
            "id": 3,
            "bbox": [
                559,
                194,
                877,
                740
            ],
            "occluded": true,
            "num_keypoints": 16,
            "keypoints": [
                601,
                624,
                1,
                608,
                483,
                2,
                724,
                415,
                1,
                794,
                445,
                1,
                650,
                510,
                2,
                653,
                674,
                1,
                759,
                432,
                1,
                781,
                352,
                2,
                813,
                275,
                1,
                827,
                232,
                2,
                691,
                387,
                2,
                711,
                351,
                2,
                752,
                297,
                2,
                860,
                312,
                2,
                853,
                399,
                2,
                768,
                425,
                1
            ],
            "action": "sit down",
            "age": "adult",
            "disabled": false,
            "mask": true,
            "get_on": false,
            "get_off": false
        }
    ]
}