{
    "info": {
        "description": "AIHub Bus Passenger Dataset",
        "year": 2020,
        "version": "1.0",
        "img_path": "",
        "width": 1920,
        "height": 1080,
        "G-Sensor": "4,-236,1109",
        "Gyro": "0,0,0"
    },
    "annotations": [
        {
            "id": 3,
            "bbox": [
                559,
                195,
                887,
                769
            ],
            "occluded": true,
            "num_keypoints": 16,
            "keypoints": [
                589,
                642,
                1,
                623,
                479,
                2,
                758,
                426,
                1,
                822,
                448,
                1,
                694,
                558,
                2,
                673,
                687,
                1,
                790,
                437,
                1,
                797,
                352,
                1,
                797,
                286,
                1,
                782,
                240,
                2,
                733,
                362,
                2,
                711,
                373,
                2,
                760,
                292,
                1,
                864,
                308,
                2,
                866,
                393,
                2,
                813,
                356,
                1
            ],
            "action": "sit down",
            "age": "adult",
            "disabled": false,
            "mask": true,
            "get_on": false,
            "get_off": false
        }
    ]
}