{
    "info": {
        "description": "AIHub Bus Passenger Dataset",
        "year": 2020,
        "version": "1.0",
        "img_path": "",
        "width": 1920,
        "height": 1080,
        "G-Sensor": "-135,-41,980",
        "Gyro": "0,0,0"
    },
    "annotations": [
        {
            "id": 0,
            "bbox": [
                1419,
                161,
                1514,
                344
            ],
            "occluded": true,
            "num_keypoints": 16,
            "keypoints": [
                1437,
                302,
                2,
                1443,
                260,
                2,
                1469,
                241,
                1,
                1488,
                242,
                1,
                1475,
                271,
                2,
                1469,
                319,
                2,
                1478,
                242,
                1,
                1484,
                216,
                2,
                1486,
                196,
                2,
                1488,
                176,
                2,
                1474,
                225,
                2,
                1462,
                217,
                2,
                1471,
                200,
                2,
                1507,
                201,
                2,
                1505,
                228,
                2,
                1485,
                230,
                2
            ],
            "action": "sit down",
            "age": "adult",
            "disabled": false,
            "mask": true,
            "get_on": false,
            "get_off": false
        },
        {
            "id": 1,
            "bbox": [
                1288,
                179,
                1378,
                379
            ],
            "occluded": true,
            "num_keypoints": 16,
            "keypoints": [
                1302,
                336,
                2,
                1296,
                300,
                1,
                1324,
                276,
                1,
                1345,
                278,
                1,
                1342,
                304,
                2,
                1337,
                355,
                2,
                1334,
                280,
                1,
                1336,
                254,
                2,
                1348,
                217,
                2,
                1351,
                197,
                2,
                1315,
                262,
                1,
                1312,
                243,
                1,
                1320,
                222,
                1,
                1360,
                235,
                2,
                1364,
                260,
                2,
                1340,
                261,
                2
            ],
            "action": "sit down",
            "age": "adult",
            "disabled": false,
            "mask": true,
            "get_on": false,
            "get_off": false
        },
        {
            "id": 2,
            "bbox": [
                1122,
                184,
                1247,
                511
            ],
            "occluded": true,
            "num_keypoints": 16,
            "keypoints": [
                1142,
                452,
                1,
                1149,
                393,
                1,
                1168,
                359,
                1,
                1206,
                360,
                2,
                1190,
                418,
                1,
                1185,
                469,
                1,
                1185,
                362,
                1,
                1187,
                298,
                1,
                1188,
                251,
                1,
                1189,
                213,
                1,
                1147,
                334,
                1,
                1142,
                293,
                2,
                1152,
                259,
                2,
                1230,
                270,
                2,
                1232,
                340,
                2,
                1195,
                340,
                1
            ],
            "action": "sit down",
            "age": "adult",
            "disabled": false,
            "mask": true,
            "get_on": false,
            "get_off": false
        },
        {
            "id": 4,
            "bbox": [
                840,
                199,
                1097,
                623
            ],
            "occluded": true,
            "num_keypoints": 16,
            "keypoints": [
                882,
                507,
                2,
                898,
                444,
                2,
                983,
                419,
                1,
                1050,
                425,
                1,
                1014,
                498,
                2,
                1011,
                595,
                2,
                1022,
                420,
                2,
                1014,
                348,
                2,
                1023,
                277,
                2,
                1027,
                231,
                2,
                970,
                368,
                2,
                953,
                353,
                2,
                975,
                295,
                2,
                1081,
                306,
                2,
                1066,
                387,
                2,
                1036,
                441,
                2
            ],
            "action": "sit down",
            "age": "adult",
            "disabled": false,
            "mask": true,
            "get_on": false,
            "get_off": false
        },
        {
            "id": 3,
            "bbox": [
                558,
                194,
                878,
                728
            ],
            "occluded": true,
            "num_keypoints": 16,
            "keypoints": [
                599,
                612,
                1,
                625,
                478,
                2,
                729,
                417,
                1,
                776,
                445,
                1,
                661,
                510,
                2,
                668,
                666,
                1,
                747,
                437,
                1,
                777,
                356,
                2,
                814,
                278,
                2,
                830,
                231,
                2,
                699,
                387,
                2,
                717,
                348,
                2,
                756,
                296,
                2,
                857,
                308,
                2,
                852,
                396,
                2,
                760,
                425,
                1
            ],
            "action": "sit down",
            "age": "adult",
            "disabled": false,
            "mask": true,
            "get_on": false,
            "get_off": false
        },
        {
            "id": 5,
            "bbox": [
                1335,
                274,
                1716,
                997
            ],
            "occluded": true,
            "num_keypoints": 16,
            "keypoints": [
                1385,
                794,
                2,
                1481,
                626,
                2,
                1533,
                598,
                1,
                1613,
                641,
                1,
                1634,
                688,
                2,
                1540,
                893,
                2,
                1575,
                625,
                1,
                1606,
                512,
                2,
                1633,
                399,
                2,
                1659,
                332,
                2,
                1490,
                570,
                2,
                1487,
                479,
                2,
                1548,
                394,
                2,
                1692,
                448,
                2,
                1684,
                552,
                2,
                1659,
                616,
                1
            ],
            "action": "sit down",
            "age": "elder",
            "disabled": false,
            "mask": true,
            "get_on": false,
            "get_off": false
        },
        {
            "id": 6,
            "bbox": [
                735,
                471,
                1373,
                1079
            ],
            "occluded": true,
            "num_keypoints": 16,
            "keypoints": [
                861,
                994,
                0,
                794,
                949,
                0,
                887,
                989,
                2,
                961,
                1047,
                0,
                1103,
                945,
                0,
                1160,
                928,
                0,
                934,
                1072,
                2,
                1006,
                914,
                2,
                1074,
                747,
                2,
                1109,
                642,
                2,
                844,
                862,
                2,
                918,
                778,
                2,
                999,
                641,
                2,
                1319,
                780,
                2,
                1235,
                1039,
                2,
                1033,
                1025,
                0
            ],
            "action": "sit down",
            "age": "adult",
            "disabled": false,
            "mask": true,
            "get_on": false,
            "get_off": false
        },
        {
            "id": 7,
            "bbox": [
                1369,
                155,
                1427,
                332
            ],
            "occluded": true,
            "num_keypoints": 16,
            "keypoints": [
                1378,
                278,
                1,
                1378,
                260,
                1,
                1382,
                244,
                1,
                1399,
                244,
                1,
                1403,
                258,
                2,
                1400,
                296,
                2,
                1390,
                245,
                1,
                1391,
                215,
                1,
                1399,
                191,
                2,
                1403,
                174,
                2,
                1374,
                225,
                2,
                1372,
                210,
                2,
                1380,
                194,
                2,
                1414,
                204,
                2,
                1414,
                229,
                2,
                1397,
                235,
                2
            ],
            "action": "sit down",
            "age": "adult",
            "disabled": false,
            "mask": true,
            "get_on": true,
            "get_off": false
        },
        {
            "id": 8,
            "bbox": [
                1632,
                209,
                1703,
                327
            ],
            "occluded": true,
            "num_keypoints": 16,
            "keypoints": [
                1661,
                315,
                1,
                1660,
                299,
                1,
                1661,
                283,
                1,
                1679,
                284,
                1,
                1678,
                298,
                1,
                1679,
                313,
                1,
                1670,
                285,
                1,
                1673,
                262,
                2,
                1679,
                244,
                2,
                1683,
                227,
                2,
                1650,
                262,
                2,
                1638,
                262,
                2,
                1654,
                243,
                2,
                1692,
                248,
                2,
                1697,
                264,
                2,
                1682,
                265,
                2
            ],
            "action": "sit down",
            "age": "adult",
            "disabled": false,
            "mask": true,
            "get_on": true,
            "get_off": false
        }
    ]
}