{
    "info": {
        "description": "AIHub Bus Passenger Dataset",
        "year": 2020,
        "version": "1.0",
        "img_path": "",
        "width": 1920,
        "height": 1080,
        "G-Sensor": "-41,-74,963",
        "Gyro": "0,0,0"
    },
    "annotations": [
        {
            "id": 3,
            "bbox": [
                558,
                193,
                878,
                728
            ],
            "occluded": true,
            "num_keypoints": 16,
            "keypoints": [
                600,
                613,
                1,
                626,
                479,
                1,
                723,
                411,
                1,
                782,
                452,
                1,
                662,
                511,
                1,
                667,
                667,
                1,
                749,
                437,
                1,
                783,
                359,
                2,
                819,
                282,
                2,
                827,
                231,
                2,
                690,
                393,
                1,
                718,
                350,
                2,
                754,
                296,
                2,
                860,
                311,
                2,
                853,
                397,
                2,
                761,
                426,
                1
            ],
            "action": "sit down",
            "age": "adult",
            "disabled": false,
            "mask": true,
            "get_on": false,
            "get_off": false
        },
        {
            "id": 7,
            "bbox": [
                395,
                57,
                741,
                935
            ],
            "occluded": true,
            "num_keypoints": 16,
            "keypoints": [
                566,
                872,
                2,
                563,
                750,
                1,
                527,
                567,
                1,
                591,
                522,
                2,
                646,
                709,
                1,
                497,
                817,
                1,
                574,
                537,
                2,
                549,
                356,
                2,
                546,
                211,
                2,
                573,
                123,
                2,
                622,
                489,
                2,
                491,
                423,
                2,
                425,
                249,
                2,
                599,
                231,
                2,
                584,
                402,
                2,
                647,
                445,
                2
            ],
            "action": "walk",
            "age": "adult",
            "disabled": false,
            "mask": true,
            "get_on": true,
            "get_off": false
        },
        {
            "id": 8,
            "bbox": [
                243,
                474,
                474,
                980
            ],
            "occluded": true,
            "num_keypoints": 16,
            "keypoints": [
                416,
                950,
                1,
                394,
                859,
                1,
                352,
                747,
                1,
                399,
                737,
                1,
                431,
                867,
                1,
                428,
                928,
                1,
                378,
                738,
                1,
                352,
                682,
                1,
                326,
                580,
                2,
                322,
                537,
                2,
                330,
                788,
                1,
                296,
                729,
                1,
                271,
                619,
                2,
                369,
                575,
                2,
                402,
                672,
                1,
                427,
                728,
                1
            ],
            "action": "walk",
            "age": "adult",
            "disabled": false,
            "mask": true,
            "get_on": true,
            "get_off": false
        }
    ]
}