{
    "info": {
        "description": "AIHub Bus Passenger Dataset",
        "year": 2020,
        "version": "1.0",
        "img_path": "",
        "width": 1920,
        "height": 1080,
        "G-Sensor": "-45,-63,957",
        "Gyro": "0,0,0"
    },
    "annotations": [
        {
            "id": 8,
            "bbox": [
                600,
                77,
                974,
                903
            ],
            "occluded": true,
            "num_keypoints": 16,
            "keypoints": [
                651,
                835,
                2,
                757,
                702,
                2,
                794,
                531,
                1,
                838,
                502,
                1,
                857,
                704,
                2,
                859,
                873,
                1,
                817,
                513,
                1,
                831,
                377,
                2,
                841,
                207,
                2,
                872,
                135,
                2,
                895,
                442,
                2,
                770,
                451,
                1,
                799,
                266,
                1,
                868,
                235,
                1,
                880,
                370,
                1,
                911,
                384,
                2
            ],
            "action": "walk",
            "age": "adult",
            "disabled": false,
            "mask": true,
            "get_on": true,
            "get_off": false
        }
    ]
}