{
    "info": {
        "description": "AIHub Bus Passenger Dataset",
        "year": 2020,
        "version": "1.0",
        "img_path": "",
        "width": 1920,
        "height": 1080,
        "G-Sensor": "-33,-131,998",
        "Gyro": "0,0,0"
    },
    "annotations": [
        {
            "id": 3,
            "bbox": [
                559,
                191,
                881,
                742
            ],
            "occluded": true,
            "num_keypoints": 16,
            "keypoints": [
                606,
                627,
                1,
                618,
                482,
                2,
                730,
                422,
                1,
                795,
                445,
                1,
                684,
                541,
                2,
                692,
                675,
                1,
                768,
                431,
                1,
                779,
                354,
                2,
                807,
                281,
                1,
                815,
                234,
                2,
                709,
                371,
                2,
                712,
                352,
                2,
                761,
                299,
                2,
                864,
                309,
                2,
                859,
                397,
                2,
                782,
                403,
                2
            ],
            "action": "sit down",
            "age": "adult",
            "disabled": false,
            "mask": true,
            "get_on": false,
            "get_off": false
        }
    ]
}