{
    "info": {
        "description": "AIHub Bus Passenger Dataset",
        "year": 2020,
        "version": "1.0",
        "img_path": "",
        "width": 1920,
        "height": 1080,
        "G-Sensor": "123,-78,951",
        "Gyro": "0,0,0"
    },
    "annotations": [
        {
            "id": 3,
            "bbox": [
                559,
                193,
                877,
                728
            ],
            "occluded": true,
            "num_keypoints": 16,
            "keypoints": [
                601,
                613,
                1,
                611,
                476,
                2,
                709,
                424,
                1,
                785,
                446,
                1,
                663,
                507,
                2,
                665,
                667,
                1,
                745,
                439,
                1,
                773,
                367,
                2,
                814,
                280,
                2,
                823,
                233,
                2,
                694,
                387,
                2,
                715,
                349,
                2,
                751,
                296,
                2,
                860,
                309,
                2,
                853,
                397,
                2,
                761,
                426,
                1
            ],
            "action": "sit down",
            "age": "adult",
            "disabled": false,
            "mask": true,
            "get_on": false,
            "get_off": false
        }
    ]
}