{
    "info": {
        "description": "AIHub Bus Passenger Dataset",
        "year": 2020,
        "version": "1.0",
        "img_path": "",
        "width": 1920,
        "height": 1080,
        "G-Sensor": "-59,-102,963",
        "Gyro": "0,0,0"
    },
    "annotations": [
        {
            "id": 3,
            "bbox": [
                558,
                195,
                882,
                728
            ],
            "occluded": true,
            "num_keypoints": 16,
            "keypoints": [
                600,
                613,
                1,
                626,
                479,
                2,
                726,
                411,
                1,
                777,
                446,
                1,
                663,
                511,
                2,
                670,
                667,
                1,
                748,
                432,
                1,
                780,
                358,
                2,
                820,
                282,
                2,
                826,
                230,
                2,
                692,
                389,
                2,
                715,
                350,
                2,
                756,
                297,
                2,
                861,
                311,
                2,
                856,
                398,
                2,
                763,
                427,
                1
            ],
            "action": "sit down",
            "age": "adult",
            "disabled": false,
            "mask": true,
            "get_on": false,
            "get_off": false
        }
    ]
}