{
    "info": {
        "description": "AIHub Bus Passenger Dataset",
        "year": 2020,
        "version": "1.0",
        "img_path": "",
        "width": 1920,
        "height": 1080,
        "G-Sensor": "-39,-64,957",
        "Gyro": "0,0,0"
    },
    "annotations": [
        {
            "id": 3,
            "bbox": [
                558,
                193,
                878,
                728
            ],
            "occluded": true,
            "num_keypoints": 16,
            "keypoints": [
                600,
                613,
                1,
                610,
                475,
                2,
                717,
                415,
                1,
                770,
                452,
                1,
                662,
                511,
                2,
                667,
                667,
                1,
                739,
                436,
                1,
                780,
                355,
                2,
                819,
                282,
                2,
                827,
                231,
                2,
                696,
                386,
                2,
                714,
                349,
                2,
                754,
                296,
                2,
                865,
                308,
                2,
                856,
                410,
                2,
                761,
                426,
                1
            ],
            "action": "sit down",
            "age": "adult",
            "disabled": false,
            "mask": true,
            "get_on": false,
            "get_off": false
        }
    ]
}