{
    "info": {
        "description": "AIHub Bus Passenger Dataset",
        "year": 2020,
        "version": "1.0",
        "img_path": "",
        "width": 1920,
        "height": 1080,
        "G-Sensor": "123,-78,951",
        "Gyro": "0,0,0"
    },
    "annotations": [
        {
            "id": 3,
            "bbox": [
                558,
                197,
                876,
                728
            ],
            "occluded": true,
            "num_keypoints": 16,
            "keypoints": [
                600,
                614,
                1,
                610,
                477,
                2,
                714,
                424,
                1,
                776,
                447,
                1,
                662,
                513,
                2,
                667,
                668,
                1,
                742,
                440,
                1,
                780,
                357,
                2,
                814,
                281,
                2,
                822,
                236,
                2,
                693,
                388,
                2,
                714,
                352,
                2,
                754,
                296,
                2,
                860,
                310,
                2,
                853,
                406,
                2,
                760,
                429,
                1
            ],
            "action": "sit down",
            "age": "adult",
            "disabled": false,
            "mask": true,
            "get_on": false,
            "get_off": false
        }
    ]
}