{
    "info": {
        "description": "AIHub Bus Passenger Dataset",
        "year": 2020,
        "version": "1.0",
        "img_path": "",
        "width": 1920,
        "height": 1080,
        "G-Sensor": "-41,-74,963",
        "Gyro": "0,0,0"
    },
    "annotations": [
        {
            "id": 3,
            "bbox": [
                558,
                193,
                878,
                728
            ],
            "occluded": true,
            "num_keypoints": 16,
            "keypoints": [
                600,
                613,
                1,
                610,
                475,
                1,
                711,
                427,
                1,
                775,
                456,
                1,
                662,
                511,
                1,
                667,
                667,
                1,
                743,
                443,
                1,
                783,
                359,
                2,
                819,
                282,
                2,
                827,
                231,
                2,
                688,
                392,
                2,
                714,
                349,
                2,
                754,
                296,
                2,
                860,
                311,
                2,
                856,
                407,
                2,
                761,
                426,
                1
            ],
            "action": "sit down",
            "age": "adult",
            "disabled": false,
            "mask": true,
            "get_on": false,
            "get_off": false
        },
        {
            "id": 7,
            "bbox": [
                351,
                156,
                670,
                942
            ],
            "occluded": true,
            "num_keypoints": 16,
            "keypoints": [
                527,
                850,
                1,
                521,
                770,
                2,
                482,
                612,
                2,
                552,
                590,
                1,
                566,
                793,
                1,
                566,
                873,
                2,
                518,
                600,
                2,
                498,
                432,
                2,
                501,
                299,
                1,
                517,
                234,
                2,
                550,
                504,
                2,
                435,
                499,
                2,
                380,
                328,
                2,
                572,
                315,
                2,
                594,
                447,
                2,
                589,
                558,
                1
            ],
            "action": "walk",
            "age": "adult",
            "disabled": false,
            "mask": true,
            "get_on": true,
            "get_off": false
        },
        {
            "id": 8,
            "bbox": [
                200,
                478,
                422,
                984
            ],
            "occluded": true,
            "num_keypoints": 16,
            "keypoints": [
                342,
                942,
                1,
                341,
                877,
                1,
                307,
                763,
                1,
                351,
                744,
                1,
                372,
                837,
                1,
                401,
                920,
                1,
                327,
                748,
                1,
                301,
                668,
                2,
                278,
                580,
                2,
                272,
                535,
                2,
                259,
                729,
                1,
                238,
                679,
                1,
                242,
                614,
                1,
                326,
                577,
                1,
                357,
                637,
                1,
                379,
                708,
                1
            ],
            "action": "walk",
            "age": "adult",
            "disabled": false,
            "mask": true,
            "get_on": true,
            "get_off": false
        },
        {
            "id": 9,
            "bbox": [
                272,
                185,
                351,
                393
            ],
            "occluded": true,
            "num_keypoints": 16,
            "keypoints": [
                332,
                353,
                1,
                329,
                322,
                2,
                302,
                287,
                1,
                292,
                291,
                1,
                291,
                336,
                2,
                282,
                371,
                1,
                296,
                287,
                1,
                300,
                248,
                2,
                316,
                210,
                2,
                320,
                201,
                2,
                310,
                278,
                2,
                295,
                258,
                2,
                321,
                224,
                2,
                301,
                215,
                2,
                280,
                256,
                2,
                284,
                278,
                1
            ],
            "action": "walk",
            "age": "elder",
            "disabled": false,
            "mask": false,
            "get_on": false,
            "get_off": false
        }
    ]
}