{
    "info": {
        "description": "AIHub Bus Passenger Dataset",
        "year": 2020,
        "version": "1.0",
        "img_path": "",
        "width": 1920,
        "height": 1080,
        "G-Sensor": "4,-236,1109",
        "Gyro": "0,0,0"
    },
    "annotations": [
        {
            "id": 3,
            "bbox": [
                553,
                195,
                881,
                742
            ],
            "occluded": true,
            "num_keypoints": 16,
            "keypoints": [
                595,
                632,
                1,
                615,
                474,
                2,
                748,
                428,
                1,
                813,
                442,
                1,
                690,
                544,
                2,
                677,
                686,
                1,
                782,
                436,
                1,
                796,
                353,
                1,
                792,
                281,
                1,
                783,
                237,
                2,
                733,
                354,
                2,
                710,
                369,
                2,
                756,
                294,
                1,
                854,
                300,
                2,
                862,
                411,
                2,
                818,
                360,
                2
            ],
            "action": "sit down",
            "age": "adult",
            "disabled": false,
            "mask": true,
            "get_on": false,
            "get_off": false
        }
    ]
}