{
    "info": {
        "description": "AIHub Bus Passenger Dataset",
        "year": 2020,
        "version": "1.0",
        "img_path": "",
        "width": 1920,
        "height": 1080,
        "G-Sensor": "-41,-59,947",
        "Gyro": "0,0,0"
    },
    "annotations": [
        {
            "id": 3,
            "bbox": [
                558,
                193,
                878,
                728
            ],
            "occluded": true,
            "num_keypoints": 16,
            "keypoints": [
                600,
                613,
                1,
                626,
                479,
                1,
                707,
                431,
                1,
                795,
                457,
                1,
                662,
                511,
                1,
                669,
                667,
                1,
                743,
                443,
                1,
                783,
                359,
                2,
                819,
                282,
                2,
                827,
                231,
                2,
                690,
                393,
                2,
                714,
                349,
                2,
                754,
                296,
                2,
                860,
                311,
                2,
                853,
                397,
                2,
                761,
                426,
                1
            ],
            "action": "sit down",
            "age": "adult",
            "disabled": false,
            "mask": true,
            "get_on": false,
            "get_off": false
        },
        {
            "id": 8,
            "bbox": [
                409,
                188,
                727,
                928
            ],
            "occluded": true,
            "num_keypoints": 16,
            "keypoints": [
                460,
                887,
                1,
                490,
                789,
                1,
                519,
                667,
                1,
                574,
                621,
                1,
                654,
                769,
                2,
                619,
                887,
                2,
                551,
                634,
                1,
                543,
                503,
                2,
                551,
                333,
                2,
                576,
                254,
                2,
                634,
                529,
                2,
                512,
                591,
                2,
                451,
                420,
                2,
                571,
                358,
                1,
                587,
                482,
                1,
                604,
                508,
                2
            ],
            "action": "walk",
            "age": "adult",
            "disabled": false,
            "mask": true,
            "get_on": true,
            "get_off": false
        }
    ]
}