{
    "info": {
        "description": "AIHub Bus Passenger Dataset",
        "year": 2020,
        "version": "1.0",
        "img_path": "",
        "width": 1920,
        "height": 1080,
        "G-Sensor": "221,-115,973",
        "Gyro": "0,0,0"
    },
    "annotations": [
        {
            "id": 3,
            "bbox": [
                559,
                194,
                877,
                740
            ],
            "occluded": true,
            "num_keypoints": 16,
            "keypoints": [
                601,
                624,
                1,
                608,
                483,
                2,
                723,
                429,
                1,
                785,
                448,
                1,
                642,
                514,
                2,
                653,
                674,
                1,
                754,
                439,
                1,
                779,
                350,
                2,
                809,
                280,
                1,
                820,
                233,
                2,
                686,
                392,
                2,
                708,
                363,
                2,
                750,
                299,
                2,
                863,
                308,
                2,
                853,
                399,
                2,
                768,
                425,
                1
            ],
            "action": "sit down",
            "age": "adult",
            "disabled": false,
            "mask": true,
            "get_on": false,
            "get_off": false
        }
    ]
}