{
    "info": {
        "description": "AIHub Bus Passenger Dataset",
        "year": 2020,
        "version": "1.0",
        "img_path": "",
        "width": 1920,
        "height": 1080,
        "G-Sensor": "-27,-53,945",
        "Gyro": "0,0,0"
    },
    "annotations": [
        {
            "id": 3,
            "bbox": [
                558,
                193,
                878,
                728
            ],
            "occluded": true,
            "num_keypoints": 16,
            "keypoints": [
                600,
                613,
                1,
                610,
                475,
                2,
                715,
                427,
                1,
                785,
                457,
                1,
                662,
                511,
                2,
                667,
                667,
                1,
                746,
                441,
                1,
                783,
                359,
                2,
                819,
                282,
                2,
                821,
                236,
                2,
                688,
                392,
                2,
                714,
                349,
                2,
                754,
                296,
                2,
                860,
                311,
                2,
                853,
                397,
                2,
                761,
                426,
                1
            ],
            "action": "sit down",
            "age": "adult",
            "disabled": false,
            "mask": true,
            "get_on": false,
            "get_off": false
        },
        {
            "id": 7,
            "bbox": [
                262,
                398,
                477,
                906
            ],
            "occluded": true,
            "num_keypoints": 16,
            "keypoints": [
                391,
                888,
                1,
                381,
                807,
                1,
                357,
                684,
                1,
                413,
                689,
                1,
                406,
                812,
                1,
                436,
                867,
                1,
                384,
                687,
                1,
                377,
                600,
                2,
                359,
                519,
                2,
                352,
                466,
                2,
                354,
                651,
                1,
                298,
                642,
                2,
                288,
                520,
                2,
                418,
                520,
                2,
                461,
                596,
                2,
                427,
                646,
                1
            ],
            "action": "walk",
            "age": "adult",
            "disabled": false,
            "mask": true,
            "get_on": true,
            "get_off": false
        }
    ]
}