{
    "info": {
        "description": "AIHub Bus Passenger Dataset",
        "year": 2020,
        "version": "1.0",
        "img_path": "",
        "width": 1920,
        "height": 1080,
        "G-Sensor": "-4,-23,879",
        "Gyro": "0,0,0"
    },
    "annotations": [
        {
            "id": 3,
            "bbox": [
                559,
                196,
                877,
                728
            ],
            "occluded": true,
            "num_keypoints": 16,
            "keypoints": [
                601,
                614,
                1,
                611,
                477,
                2,
                722,
                422,
                1,
                789,
                452,
                1,
                663,
                509,
                2,
                665,
                669,
                1,
                749,
                432,
                1,
                777,
                364,
                2,
                814,
                283,
                2,
                829,
                238,
                2,
                692,
                388,
                2,
                715,
                352,
                2,
                751,
                299,
                2,
                859,
                314,
                2,
                853,
                400,
                2,
                761,
                429,
                1
            ],
            "action": "sit down",
            "age": "adult",
            "disabled": false,
            "mask": true,
            "get_on": false,
            "get_off": false
        }
    ]
}