{
    "info": {
        "description": "AIHub Bus Passenger Dataset",
        "year": 2020,
        "version": "1.0",
        "img_path": "",
        "width": 1920,
        "height": 1080,
        "G-Sensor": "-31,55,949",
        "Gyro": "0,0,0"
    },
    "annotations": [
        {
            "id": 0,
            "bbox": [
                687,
                515,
                1517,
                1079
            ],
            "occluded": true,
            "num_keypoints": 16,
            "keypoints": [
                884,
                1079,
                0,
                748,
                1007,
                2,
                1060,
                1025,
                2,
                1409,
                820,
                0,
                1409,
                946,
                0,
                1409,
                1073,
                0,
                1057,
                1062,
                2,
                1135,
                902,
                2,
                1277,
                847,
                2,
                1335,
                737,
                2,
                907,
                952,
                2,
                1033,
                812,
                2,
                1263,
                713,
                1,
                1360,
                1005,
                2,
                1497,
                624,
                0,
                1497,
                751,
                0
            ],
            "action": "sit down",
            "age": "adult",
            "disabled": false,
            "mask": false,
            "get_on": false,
            "get_off": false
        }
    ]
}