{
    "info": {
        "description": "AIHub Bus Passenger Dataset",
        "year": 2020,
        "version": "1.0",
        "img_path": "",
        "width": 1920,
        "height": 1080,
        "G-Sensor": "-35,57,947",
        "Gyro": "0,0,0"
    },
    "annotations": [
        {
            "id": 1,
            "bbox": [
                610,
                154,
                911,
                863
            ],
            "occluded": true,
            "num_keypoints": 16,
            "keypoints": [
                759,
                822,
                1,
                740,
                687,
                2,
                715,
                506,
                2,
                815,
                503,
                2,
                840,
                634,
                2,
                784,
                677,
                2,
                765,
                503,
                2,
                759,
                324,
                2,
                751,
                248,
                2,
                764,
                229,
                2,
                727,
                412,
                2,
                637,
                379,
                2,
                671,
                277,
                2,
                839,
                271,
                2,
                894,
                363,
                2,
                830,
                412,
                2
            ],
            "action": "walk",
            "age": "adult",
            "disabled": false,
            "mask": false,
            "get_on": false,
            "get_off": false
        },
        {
            "id": 0,
            "bbox": [
                709,
                460,
                1536,
                1079
            ],
            "occluded": true,
            "num_keypoints": 16,
            "keypoints": [
                884,
                1079,
                0,
                742,
                1013,
                2,
                1055,
                1012,
                2,
                1409,
                820,
                0,
                1409,
                946,
                0,
                1409,
                1073,
                0,
                1057,
                1062,
                2,
                1145,
                882,
                2,
                1305,
                767,
                2,
                1285,
                677,
                2,
                857,
                942,
                2,
                1045,
                833,
                2,
                1210,
                682,
                1,
                1445,
                972,
                2,
                1497,
                624,
                0,
                1497,
                751,
                0
            ],
            "action": "sit down",
            "age": "adult",
            "disabled": false,
            "mask": false,
            "get_on": false,
            "get_off": false
        }
    ]
}