{
    "info": {
        "description": "AIHub Bus Passenger Dataset",
        "year": 2020,
        "version": "1.0",
        "img_path": "",
        "width": 1920,
        "height": 1080,
        "G-Sensor": "-35,53,945",
        "Gyro": "0,0,0"
    },
    "annotations": [
        {
            "id": 0,
            "bbox": [
                515,
                468,
                1478,
                1079
            ],
            "occluded": true,
            "num_keypoints": 16,
            "keypoints": [
                884,
                1079,
                0,
                748,
                1007,
                2,
                1060,
                1025,
                2,
                1409,
                820,
                0,
                1409,
                946,
                0,
                1409,
                1073,
                0,
                1057,
                1062,
                2,
                1110,
                865,
                2,
                1267,
                825,
                2,
                1282,
                685,
                2,
                748,
                893,
                2,
                980,
                840,
                2,
                1212,
                685,
                1,
                1338,
                998,
                2,
                1497,
                624,
                0,
                1497,
                751,
                0
            ],
            "action": "sit down",
            "age": "adult",
            "disabled": false,
            "mask": false,
            "get_on": false,
            "get_off": false
        }
    ]
}