{
    "info": {
        "description": "AIHub Bus Passenger Dataset",
        "year": 2020,
        "version": "1.0",
        "img_path": "",
        "width": 1920,
        "height": 1080,
        "G-Sensor": "-31,57,945",
        "Gyro": "0,0,0"
    },
    "annotations": [
        {
            "id": 0,
            "bbox": [
                600,
                447,
                1522,
                1079
            ],
            "occluded": true,
            "num_keypoints": 16,
            "keypoints": [
                884,
                1079,
                0,
                748,
                1007,
                2,
                1060,
                1025,
                2,
                1409,
                820,
                0,
                1409,
                946,
                0,
                1409,
                1073,
                0,
                1057,
                1062,
                2,
                1150,
                883,
                2,
                1318,
                818,
                2,
                1357,
                682,
                2,
                845,
                898,
                2,
                1022,
                832,
                2,
                1233,
                668,
                1,
                1422,
                958,
                2,
                1497,
                624,
                0,
                968,
                1047,
                2
            ],
            "action": "sit down",
            "age": "adult",
            "disabled": false,
            "mask": false,
            "get_on": false,
            "get_off": false
        }
    ]
}