{
    "info": {
        "description": "AIHub Bus Passenger Dataset",
        "year": 2020,
        "version": "1.0",
        "img_path": "",
        "width": 1920,
        "height": 1080,
        "G-Sensor": "-31,55,949",
        "Gyro": "0,0,0"
    },
    "annotations": [
        {
            "id": 1,
            "bbox": [
                834,
                137,
                985,
                579
            ],
            "occluded": true,
            "num_keypoints": 16,
            "keypoints": [
                886,
                549,
                2,
                912,
                458,
                2,
                930,
                364,
                2,
                880,
                364,
                2,
                886,
                434,
                2,
                884,
                509,
                1,
                904,
                364,
                2,
                900,
                241,
                2,
                910,
                186,
                2,
                918,
                166,
                2,
                925,
                324,
                1,
                970,
                315,
                1,
                954,
                223,
                2,
                860,
                213,
                2,
                845,
                288,
                2,
                879,
                303,
                1
            ],
            "action": "walk",
            "age": "adult",
            "disabled": false,
            "mask": false,
            "get_on": false,
            "get_off": false
        },
        {
            "id": 0,
            "bbox": [
                688,
                418,
                1585,
                1079
            ],
            "occluded": true,
            "num_keypoints": 16,
            "keypoints": [
                884,
                1079,
                0,
                748,
                1007,
                2,
                1060,
                1025,
                2,
                1409,
                820,
                0,
                1409,
                946,
                0,
                1409,
                1073,
                0,
                1057,
                1062,
                2,
                1150,
                883,
                2,
                1317,
                770,
                2,
                1383,
                657,
                2,
                898,
                965,
                2,
                1045,
                858,
                2,
                1263,
                662,
                1,
                1443,
                985,
                2,
                1497,
                624,
                0,
                953,
                1050,
                0
            ],
            "action": "sit down",
            "age": "adult",
            "disabled": false,
            "mask": false,
            "get_on": false,
            "get_off": false
        }
    ]
}