{
    "info": {
        "description": "AIHub Bus Passenger Dataset",
        "year": 2020,
        "version": "1.0",
        "img_path": "",
        "width": 1920,
        "height": 1080,
        "G-Sensor": "-41,57,928",
        "Gyro": "0,0,0"
    },
    "annotations": [
        {
            "id": 1,
            "bbox": [
                684,
                154,
                1007,
                924
            ],
            "occluded": true,
            "num_keypoints": 16,
            "keypoints": [
                910,
                896,
                1,
                888,
                726,
                1,
                905,
                554,
                2,
                809,
                569,
                2,
                766,
                705,
                1,
                790,
                865,
                1,
                858,
                564,
                2,
                855,
                296,
                2,
                828,
                215,
                2,
                798,
                194,
                2,
                937,
                440,
                1,
                981,
                376,
                2,
                923,
                253,
                2,
                725,
                288,
                2,
                705,
                455,
                2,
                776,
                501,
                1
            ],
            "action": "walk",
            "age": "adult",
            "disabled": false,
            "mask": false,
            "get_on": false,
            "get_off": false
        },
        {
            "id": 0,
            "bbox": [
                688,
                465,
                1522,
                1079
            ],
            "occluded": true,
            "num_keypoints": 16,
            "keypoints": [
                884,
                1079,
                0,
                748,
                1007,
                2,
                1060,
                1025,
                2,
                1409,
                820,
                0,
                1409,
                946,
                0,
                1409,
                1073,
                0,
                1057,
                1062,
                2,
                1150,
                883,
                2,
                1265,
                813,
                2,
                1270,
                692,
                2,
                998,
                790,
                2,
                1057,
                870,
                2,
                1245,
                658,
                1,
                1428,
                1007,
                2,
                1497,
                624,
                0,
                953,
                1050,
                0
            ],
            "action": "sit down",
            "age": "adult",
            "disabled": false,
            "mask": false,
            "get_on": false,
            "get_off": false
        }
    ]
}