{
    "info": {
        "description": "AIHub Bus Passenger Dataset",
        "year": 2020,
        "version": "1.0",
        "img_path": "",
        "width": 1920,
        "height": 1080,
        "G-Sensor": "-27,57,961",
        "Gyro": "0,0,0"
    },
    "annotations": [
        {
            "id": 1,
            "bbox": [
                688,
                193,
                906,
                716
            ],
            "occluded": true,
            "num_keypoints": 16,
            "keypoints": [
                795,
                690,
                1,
                815,
                556,
                2,
                827,
                462,
                2,
                745,
                459,
                2,
                742,
                533,
                2,
                762,
                648,
                2,
                786,
                459,
                2,
                778,
                319,
                2,
                801,
                255,
                2,
                803,
                231,
                2,
                836,
                433,
                1,
                882,
                400,
                2,
                848,
                292,
                2,
                734,
                284,
                2,
                707,
                400,
                2,
                738,
                426,
                1
            ],
            "action": "walk",
            "age": "adult",
            "disabled": false,
            "mask": false,
            "get_on": false,
            "get_off": false
        },
        {
            "id": 0,
            "bbox": [
                688,
                465,
                1522,
                1079
            ],
            "occluded": true,
            "num_keypoints": 16,
            "keypoints": [
                884,
                1079,
                0,
                748,
                1007,
                2,
                1060,
                1025,
                2,
                1409,
                820,
                0,
                1409,
                946,
                0,
                1409,
                1073,
                0,
                1057,
                1062,
                2,
                1150,
                883,
                2,
                1282,
                813,
                2,
                1320,
                702,
                2,
                988,
                790,
                2,
                1022,
                860,
                2,
                1245,
                658,
                1,
                1428,
                1007,
                2,
                1497,
                624,
                0,
                953,
                1050,
                0
            ],
            "action": "sit down",
            "age": "adult",
            "disabled": false,
            "mask": false,
            "get_on": false,
            "get_off": false
        }
    ]
}