{
    "info": {
        "description": "AIHub Bus Passenger Dataset",
        "year": 2020,
        "version": "1.0",
        "img_path": "",
        "width": 1920,
        "height": 1080,
        "G-Sensor": "-31,55,949",
        "Gyro": "0,0,0"
    },
    "annotations": [
        {
            "id": 0,
            "bbox": [
                588,
                562,
                1517,
                1079
            ],
            "occluded": true,
            "num_keypoints": 16,
            "keypoints": [
                884,
                1079,
                0,
                748,
                1007,
                2,
                1060,
                1025,
                2,
                1409,
                820,
                0,
                1409,
                946,
                0,
                1409,
                1073,
                0,
                1057,
                1062,
                2,
                1135,
                902,
                2,
                1283,
                858,
                2,
                1368,
                775,
                2,
                792,
                872,
                2,
                1015,
                807,
                2,
                1263,
                713,
                1,
                1377,
                1053,
                2,
                1497,
                624,
                0,
                1497,
                751,
                0
            ],
            "action": "sit down",
            "age": "adult",
            "disabled": false,
            "mask": false,
            "get_on": false,
            "get_off": false
        }
    ]
}