{
    "info": {
        "description": "AIHub Bus Passenger Dataset",
        "year": 2020,
        "version": "1.0",
        "img_path": "",
        "width": 1920,
        "height": 1080,
        "G-Sensor": "-41,57,928",
        "Gyro": "0,0,0"
    },
    "annotations": [
        {
            "id": 1,
            "bbox": [
                1070,
                172,
                1356,
                1050
            ],
            "occluded": true,
            "num_keypoints": 16,
            "keypoints": [
                1263,
                993,
                1,
                1180,
                782,
                1,
                1180,
                607,
                1,
                1203,
                635,
                1,
                1135,
                813,
                1,
                1105,
                1017,
                1,
                1192,
                618,
                1,
                1225,
                375,
                2,
                1237,
                315,
                2,
                1203,
                273,
                2,
                1137,
                543,
                1,
                1172,
                435,
                1,
                1232,
                283,
                1,
                1290,
                335,
                2,
                1258,
                522,
                1,
                1173,
                650,
                1
            ],
            "action": "walk",
            "age": "adult",
            "disabled": false,
            "mask": false,
            "get_on": false,
            "get_off": false
        },
        {
            "id": 0,
            "bbox": [
                688,
                472,
                1522,
                1079
            ],
            "occluded": true,
            "num_keypoints": 16,
            "keypoints": [
                884,
                1079,
                0,
                748,
                1007,
                1,
                1060,
                1025,
                2,
                1409,
                820,
                0,
                1409,
                946,
                0,
                1409,
                1073,
                0,
                1057,
                1062,
                2,
                1150,
                883,
                2,
                1265,
                813,
                2,
                1270,
                692,
                2,
                827,
                958,
                2,
                1033,
                845,
                2,
                1245,
                658,
                1,
                1428,
                1007,
                2,
                1497,
                624,
                0,
                953,
                1050,
                0
            ],
            "action": "sit down",
            "age": "adult",
            "disabled": false,
            "mask": false,
            "get_on": false,
            "get_off": false
        }
    ]
}