{
    "info": {
        "description": "AIHub Bus Passenger Dataset",
        "year": 2020,
        "version": "1.0",
        "img_path": "",
        "width": 1920,
        "height": 1080,
        "G-Sensor": "-35,55,947",
        "Gyro": "0,0,0"
    },
    "annotations": [
        {
            "id": 1,
            "bbox": [
                838,
                126,
                1200,
                1053
            ],
            "occluded": true,
            "num_keypoints": 16,
            "keypoints": [
                986,
                1021,
                1,
                993,
                855,
                1,
                963,
                640,
                2,
                1018,
                590,
                2,
                1035,
                820,
                1,
                1010,
                998,
                1,
                995,
                605,
                2,
                1018,
                348,
                2,
                1003,
                268,
                2,
                1037,
                222,
                2,
                1170,
                563,
                1,
                968,
                562,
                2,
                895,
                328,
                2,
                1030,
                272,
                1,
                1068,
                403,
                2,
                1090,
                462,
                2
            ],
            "action": "walk",
            "age": "adult",
            "disabled": false,
            "mask": false,
            "get_on": false,
            "get_off": false
        },
        {
            "id": 0,
            "bbox": [
                580,
                433,
                1536,
                1079
            ],
            "occluded": true,
            "num_keypoints": 16,
            "keypoints": [
                884,
                1079,
                0,
                748,
                1007,
                2,
                1055,
                1012,
                2,
                1409,
                820,
                0,
                1409,
                946,
                0,
                1409,
                1073,
                0,
                1057,
                1062,
                2,
                1145,
                882,
                2,
                1305,
                767,
                2,
                1285,
                677,
                2,
                798,
                897,
                2,
                1010,
                843,
                2,
                1217,
                697,
                1,
                1437,
                973,
                2,
                1497,
                624,
                0,
                1497,
                751,
                0
            ],
            "action": "sit down",
            "age": "adult",
            "disabled": false,
            "mask": false,
            "get_on": false,
            "get_off": false
        }
    ]
}