{
    "info": {
        "description": "AIHub Bus Passenger Dataset",
        "year": 2020,
        "version": "1.0",
        "img_path": "",
        "width": 1920,
        "height": 1080,
        "G-Sensor": "-35,57,947",
        "Gyro": "0,0,0"
    },
    "annotations": [
        {
            "id": 0,
            "bbox": [
                709,
                440,
                1536,
                1079
            ],
            "occluded": true,
            "num_keypoints": 16,
            "keypoints": [
                884,
                1079,
                0,
                742,
                1013,
                2,
                1055,
                1012,
                2,
                1409,
                820,
                0,
                1409,
                946,
                0,
                1409,
                1073,
                0,
                1057,
                1062,
                2,
                1145,
                882,
                2,
                1352,
                760,
                2,
                1372,
                653,
                2,
                857,
                942,
                2,
                1045,
                833,
                2,
                1210,
                682,
                1,
                1445,
                972,
                2,
                1497,
                624,
                0,
                1497,
                751,
                0
            ],
            "action": "sit down",
            "age": "adult",
            "disabled": false,
            "mask": false,
            "get_on": false,
            "get_off": false
        },
        {
            "id": 1,
            "bbox": [
                621,
                204,
                879,
                767
            ],
            "occluded": true,
            "num_keypoints": 16,
            "keypoints": [
                717,
                634,
                2,
                690,
                606,
                2,
                703,
                489,
                2,
                771,
                502,
                2,
                786,
                624,
                2,
                769,
                711,
                1,
                737,
                493,
                2,
                758,
                347,
                2,
                767,
                293,
                2,
                779,
                273,
                2,
                692,
                436,
                2,
                645,
                383,
                2,
                692,
                309,
                2,
                827,
                312,
                2,
                864,
                403,
                2,
                836,
                436,
                2
            ],
            "action": "walk",
            "age": "adult",
            "disabled": false,
            "mask": false,
            "get_on": false,
            "get_off": false
        }
    ]
}