{
    "info": {
        "description": "AIHub Bus Passenger Dataset",
        "year": 2020,
        "version": "1.0",
        "img_path": "",
        "width": 1920,
        "height": 1080,
        "G-Sensor": "-27,57,961",
        "Gyro": "0,0,0"
    },
    "annotations": [
        {
            "id": 1,
            "bbox": [
                619,
                150,
                904,
                864
            ],
            "occluded": true,
            "num_keypoints": 16,
            "keypoints": [
                814,
                828,
                1,
                796,
                688,
                1,
                795,
                516,
                2,
                695,
                515,
                2,
                704,
                639,
                2,
                714,
                749,
                1,
                751,
                509,
                2,
                745,
                326,
                2,
                754,
                196,
                2,
                758,
                180,
                2,
                816,
                440,
                1,
                879,
                384,
                2,
                839,
                247,
                2,
                668,
                253,
                2,
                644,
                406,
                2,
                703,
                433,
                1
            ],
            "action": "walk",
            "age": "adult",
            "disabled": false,
            "mask": false,
            "get_on": false,
            "get_off": false
        },
        {
            "id": 0,
            "bbox": [
                688,
                465,
                1522,
                1079
            ],
            "occluded": true,
            "num_keypoints": 16,
            "keypoints": [
                884,
                1079,
                0,
                748,
                1007,
                2,
                1060,
                1025,
                2,
                1409,
                820,
                0,
                1409,
                946,
                0,
                1409,
                1073,
                0,
                1057,
                1062,
                2,
                1150,
                883,
                2,
                1265,
                813,
                2,
                1270,
                692,
                2,
                998,
                742,
                2,
                977,
                828,
                2,
                1245,
                658,
                1,
                1428,
                1007,
                2,
                1497,
                624,
                0,
                953,
                1050,
                0
            ],
            "action": "sit down",
            "age": "adult",
            "disabled": false,
            "mask": false,
            "get_on": false,
            "get_off": false
        }
    ]
}