{
    "info": {
        "description": "AIHub Bus Passenger Dataset",
        "year": 2020,
        "version": "1.0",
        "img_path": "",
        "width": 1920,
        "height": 1080,
        "G-Sensor": "-27,57,961",
        "Gyro": "0,0,0"
    },
    "annotations": [
        {
            "id": 1,
            "bbox": [
                645,
                132,
                888,
                716
            ],
            "occluded": true,
            "num_keypoints": 16,
            "keypoints": [
                783,
                687,
                1,
                798,
                574,
                2,
                795,
                458,
                2,
                698,
                458,
                2,
                695,
                595,
                2,
                708,
                688,
                1,
                745,
                458,
                2,
                747,
                257,
                2,
                766,
                180,
                2,
                771,
                160,
                2,
                827,
                392,
                1,
                865,
                350,
                2,
                833,
                227,
                2,
                686,
                230,
                2,
                662,
                350,
                2,
                713,
                376,
                1
            ],
            "action": "walk",
            "age": "adult",
            "disabled": false,
            "mask": false,
            "get_on": false,
            "get_off": false
        },
        {
            "id": 0,
            "bbox": [
                688,
                465,
                1522,
                1079
            ],
            "occluded": true,
            "num_keypoints": 16,
            "keypoints": [
                884,
                1079,
                0,
                748,
                1007,
                2,
                1060,
                1025,
                2,
                1409,
                820,
                0,
                1409,
                946,
                0,
                1409,
                1073,
                0,
                1057,
                1062,
                2,
                1150,
                883,
                2,
                1265,
                813,
                2,
                1298,
                698,
                2,
                1058,
                690,
                2,
                970,
                820,
                2,
                1245,
                658,
                1,
                1428,
                1007,
                2,
                1497,
                624,
                0,
                953,
                1050,
                0
            ],
            "action": "sit down",
            "age": "adult",
            "disabled": false,
            "mask": false,
            "get_on": false,
            "get_off": false
        }
    ]
}