{
    "info": {
        "description": "AIHub Bus Passenger Dataset",
        "year": 2020,
        "version": "1.0",
        "img_path": "",
        "width": 1920,
        "height": 1080,
        "G-Sensor": "-31,55,947",
        "Gyro": "0,0,0"
    },
    "annotations": [
        {
            "id": 1,
            "bbox": [
                947,
                145,
                1363,
                1079
            ],
            "occluded": true,
            "num_keypoints": 16,
            "keypoints": [
                1073,
                1050,
                1,
                1100,
                862,
                1,
                1087,
                627,
                2,
                1140,
                587,
                2,
                1185,
                815,
                1,
                1193,
                1025,
                1,
                1115,
                607,
                2,
                1182,
                343,
                2,
                1183,
                287,
                2,
                1217,
                253,
                2,
                1205,
                503,
                2,
                1072,
                570,
                2,
                1062,
                317,
                2,
                1195,
                280,
                1,
                1223,
                483,
                1,
                1253,
                523,
                1
            ],
            "action": "stand",
            "age": "adult",
            "disabled": false,
            "mask": false,
            "get_on": false,
            "get_off": false
        },
        {
            "id": 0,
            "bbox": [
                580,
                433,
                1555,
                1079
            ],
            "occluded": true,
            "num_keypoints": 16,
            "keypoints": [
                884,
                1079,
                0,
                748,
                1007,
                2,
                1055,
                1012,
                2,
                1409,
                820,
                0,
                1409,
                946,
                0,
                1409,
                1073,
                0,
                1057,
                1062,
                2,
                1163,
                857,
                2,
                1338,
                755,
                2,
                1360,
                632,
                2,
                802,
                913,
                2,
                1030,
                843,
                2,
                1255,
                660,
                1,
                1437,
                973,
                2,
                1497,
                624,
                0,
                1497,
                751,
                0
            ],
            "action": "sit down",
            "age": "adult",
            "disabled": false,
            "mask": false,
            "get_on": false,
            "get_off": false
        }
    ]
}