{
    "info": {
        "description": "AIHub Bus Passenger Dataset",
        "year": 2020,
        "version": "1.0",
        "img_path": "",
        "width": 1920,
        "height": 1080,
        "G-Sensor": "-35,55,947",
        "Gyro": "0,0,0"
    },
    "annotations": [
        {
            "id": 1,
            "bbox": [
                735,
                95,
                1060,
                1004
            ],
            "occluded": true,
            "num_keypoints": 16,
            "keypoints": [
                948,
                973,
                1,
                913,
                793,
                1,
                882,
                593,
                2,
                938,
                555,
                2,
                922,
                763,
                1,
                812,
                950,
                1,
                908,
                572,
                2,
                937,
                335,
                2,
                917,
                230,
                2,
                945,
                197,
                2,
                947,
                485,
                2,
                789,
                448,
                2,
                809,
                291,
                2,
                980,
                257,
                2,
                1005,
                408,
                2,
                1006,
                423,
                2
            ],
            "action": "walk",
            "age": "adult",
            "disabled": false,
            "mask": false,
            "get_on": false,
            "get_off": false
        },
        {
            "id": 0,
            "bbox": [
                580,
                433,
                1536,
                1079
            ],
            "occluded": true,
            "num_keypoints": 16,
            "keypoints": [
                884,
                1079,
                0,
                748,
                1007,
                2,
                1055,
                1012,
                2,
                1409,
                820,
                0,
                1409,
                946,
                0,
                1409,
                1073,
                0,
                1057,
                1062,
                2,
                1145,
                882,
                2,
                1305,
                767,
                2,
                1285,
                677,
                2,
                798,
                897,
                2,
                1010,
                843,
                2,
                1217,
                697,
                1,
                1437,
                973,
                2,
                1497,
                624,
                0,
                1497,
                751,
                0
            ],
            "action": "sit down",
            "age": "adult",
            "disabled": false,
            "mask": false,
            "get_on": false,
            "get_off": false
        }
    ]
}