{
    "info": {
        "description": "AIHub Bus Passenger Dataset",
        "year": 2020,
        "version": "1.0",
        "img_path": "",
        "width": 1920,
        "height": 1080,
        "G-Sensor": "-33,55,949",
        "Gyro": "0,0,0"
    },
    "annotations": [
        {
            "id": 1,
            "bbox": [
                907,
                131,
                1281,
                1079
            ],
            "occluded": true,
            "num_keypoints": 16,
            "keypoints": [
                1153,
                1065,
                1,
                1142,
                860,
                1,
                1052,
                657,
                2,
                1080,
                613,
                2,
                1100,
                862,
                1,
                1040,
                1020,
                1,
                1067,
                638,
                2,
                1103,
                340,
                2,
                1110,
                262,
                2,
                1148,
                232,
                2,
                1258,
                593,
                1,
                1045,
                572,
                2,
                983,
                337,
                2,
                1098,
                275,
                1,
                1135,
                458,
                1,
                1150,
                523,
                1
            ],
            "action": "walk",
            "age": "adult",
            "disabled": false,
            "mask": false,
            "get_on": false,
            "get_off": false
        },
        {
            "id": 0,
            "bbox": [
                580,
                433,
                1536,
                1079
            ],
            "occluded": true,
            "num_keypoints": 16,
            "keypoints": [
                884,
                1079,
                0,
                748,
                1007,
                2,
                1055,
                1012,
                2,
                1409,
                820,
                0,
                1409,
                946,
                0,
                1409,
                1073,
                0,
                1057,
                1062,
                2,
                1145,
                882,
                2,
                1305,
                767,
                2,
                1285,
                677,
                2,
                795,
                895,
                2,
                1033,
                830,
                2,
                1227,
                675,
                1,
                1437,
                973,
                2,
                1497,
                624,
                0,
                1497,
                751,
                0
            ],
            "action": "sit down",
            "age": "adult",
            "disabled": false,
            "mask": false,
            "get_on": false,
            "get_off": false
        }
    ]
}