{
    "info": {
        "description": "AIHub Bus Passenger Dataset",
        "year": 2020,
        "version": "1.0",
        "img_path": "",
        "width": 1920,
        "height": 1080,
        "G-Sensor": "-23,20,1012",
        "Gyro": "-1,-2,0"
    },
    "annotations": [
        {
            "id": 0,
            "bbox": [
                572,
                558,
                1555,
                1079
            ],
            "occluded": true,
            "num_keypoints": 16,
            "keypoints": [
                884,
                1079,
                0,
                748,
                1007,
                1,
                1060,
                1025,
                2,
                1409,
                820,
                0,
                1409,
                946,
                0,
                1409,
                1073,
                0,
                1057,
                1062,
                2,
                1145,
                980,
                2,
                1287,
                898,
                2,
                1340,
                797,
                2,
                610,
                1057,
                0,
                890,
                927,
                2,
                1140,
                712,
                2,
                1420,
                1062,
                2,
                1497,
                624,
                0,
                1497,
                751,
                0
            ],
            "action": "sit down",
            "age": "adult",
            "disabled": false,
            "mask": false,
            "get_on": false,
            "get_off": false
        }
    ]
}