{
    "info": {
        "description": "AIHub Bus Passenger Dataset",
        "year": 2020,
        "version": "1.0",
        "img_path": "",
        "width": 1920,
        "height": 1080,
        "G-Sensor": "-35,57,947",
        "Gyro": "0,0,0"
    },
    "annotations": [
        {
            "id": 1,
            "bbox": [
                634,
                232,
                896,
                796
            ],
            "occluded": true,
            "num_keypoints": 16,
            "keypoints": [
                753,
                736,
                1,
                726,
                643,
                2,
                719,
                536,
                2,
                797,
                540,
                2,
                799,
                660,
                2,
                781,
                724,
                1,
                757,
                537,
                2,
                758,
                378,
                2,
                760,
                312,
                2,
                759,
                290,
                2,
                719,
                459,
                2,
                661,
                449,
                2,
                683,
                339,
                2,
                830,
                332,
                2,
                876,
                441,
                2,
                821,
                466,
                2
            ],
            "action": "walk",
            "age": "adult",
            "disabled": false,
            "mask": false,
            "get_on": false,
            "get_off": false
        },
        {
            "id": 0,
            "bbox": [
                709,
                472,
                1536,
                1079
            ],
            "occluded": true,
            "num_keypoints": 16,
            "keypoints": [
                884,
                1079,
                0,
                742,
                1013,
                2,
                1055,
                1012,
                2,
                1409,
                820,
                0,
                1409,
                946,
                0,
                1409,
                1073,
                0,
                1057,
                1062,
                2,
                1145,
                882,
                2,
                1292,
                780,
                2,
                1252,
                710,
                2,
                857,
                942,
                2,
                1033,
                848,
                2,
                1210,
                702,
                1,
                1445,
                972,
                2,
                1497,
                624,
                0,
                1497,
                751,
                0
            ],
            "action": "sit down",
            "age": "adult",
            "disabled": false,
            "mask": false,
            "get_on": false,
            "get_off": false
        }
    ]
}