{
    "info": {
        "description": "AIHub Bus Passenger Dataset",
        "year": 2020,
        "version": "1.0",
        "img_path": "",
        "width": 1920,
        "height": 1080,
        "G-Sensor": "-31,55,949",
        "Gyro": "0,0,0"
    },
    "annotations": [
        {
            "id": 1,
            "bbox": [
                774,
                154,
                943,
                619
            ],
            "occluded": false,
            "num_keypoints": 16,
            "keypoints": [
                883,
                553,
                2,
                901,
                459,
                2,
                880,
                389,
                2,
                815,
                386,
                2,
                815,
                477,
                2,
                786,
                580,
                2,
                851,
                388,
                2,
                847,
                259,
                2,
                867,
                206,
                2,
                874,
                184,
                2,
                911,
                349,
                1,
                927,
                330,
                2,
                903,
                244,
                2,
                817,
                231,
                2,
                799,
                298,
                2,
                822,
                332,
                1
            ],
            "action": "walk",
            "age": "adult",
            "disabled": false,
            "mask": false,
            "get_on": false,
            "get_off": false
        },
        {
            "id": 0,
            "bbox": [
                688,
                418,
                1585,
                1079
            ],
            "occluded": true,
            "num_keypoints": 16,
            "keypoints": [
                884,
                1079,
                0,
                748,
                1007,
                2,
                1060,
                1025,
                2,
                1409,
                820,
                0,
                1409,
                946,
                0,
                1409,
                1073,
                0,
                1057,
                1062,
                2,
                1150,
                883,
                2,
                1302,
                760,
                2,
                1403,
                622,
                2,
                898,
                965,
                2,
                1045,
                858,
                2,
                1263,
                662,
                1,
                1443,
                985,
                2,
                1497,
                624,
                0,
                953,
                1050,
                0
            ],
            "action": "sit down",
            "age": "adult",
            "disabled": false,
            "mask": false,
            "get_on": false,
            "get_off": false
        }
    ]
}