{
    "info": {
        "description": "AIHub Bus Passenger Dataset",
        "year": 2020,
        "version": "1.0",
        "img_path": "",
        "width": 1920,
        "height": 1080,
        "G-Sensor": "-41,57,928",
        "Gyro": "0,0,0"
    },
    "annotations": [
        {
            "id": 1,
            "bbox": [
                836,
                137,
                1170,
                1020
            ],
            "occluded": true,
            "num_keypoints": 16,
            "keypoints": [
                997,
                987,
                1,
                1032,
                812,
                1,
                1067,
                585,
                2,
                997,
                615,
                2,
                992,
                795,
                1,
                1053,
                938,
                1,
                1035,
                597,
                2,
                1052,
                305,
                2,
                980,
                238,
                2,
                943,
                200,
                2,
                1073,
                472,
                1,
                1136,
                439,
                2,
                1085,
                238,
                2,
                930,
                308,
                2,
                888,
                537,
                2,
                902,
                495,
                1
            ],
            "action": "walk",
            "age": "adult",
            "disabled": false,
            "mask": false,
            "get_on": false,
            "get_off": false
        },
        {
            "id": 0,
            "bbox": [
                688,
                472,
                1522,
                1079
            ],
            "occluded": true,
            "num_keypoints": 16,
            "keypoints": [
                884,
                1079,
                0,
                748,
                1007,
                2,
                1060,
                1025,
                2,
                1409,
                820,
                0,
                1409,
                946,
                0,
                1409,
                1073,
                0,
                1057,
                1062,
                2,
                1150,
                883,
                2,
                1270,
                820,
                2,
                1287,
                692,
                2,
                850,
                908,
                2,
                1053,
                863,
                2,
                1245,
                658,
                1,
                1428,
                1007,
                2,
                1497,
                624,
                0,
                953,
                1050,
                0
            ],
            "action": "sit down",
            "age": "adult",
            "disabled": false,
            "mask": false,
            "get_on": false,
            "get_off": false
        }
    ]
}