{
    "info": {
        "description": "AIHub Bus Passenger Dataset",
        "year": 2020,
        "version": "1.0",
        "img_path": "",
        "width": 1920,
        "height": 1080,
        "G-Sensor": "-35,55,947",
        "Gyro": "0,0,0"
    },
    "annotations": [
        {
            "id": 1,
            "bbox": [
                648,
                131,
                961,
                918
            ],
            "occluded": true,
            "num_keypoints": 16,
            "keypoints": [
                775,
                889,
                1,
                785,
                729,
                1,
                763,
                549,
                2,
                841,
                528,
                2,
                876,
                701,
                1,
                876,
                850,
                1,
                804,
                535,
                2,
                829,
                348,
                2,
                819,
                246,
                2,
                840,
                213,
                2,
                801,
                436,
                2,
                682,
                402,
                2,
                714,
                286,
                2,
                898,
                280,
                2,
                938,
                400,
                2,
                911,
                419,
                2
            ],
            "action": "walk",
            "age": "adult",
            "disabled": false,
            "mask": false,
            "get_on": false,
            "get_off": false
        },
        {
            "id": 0,
            "bbox": [
                602,
                460,
                1536,
                1079
            ],
            "occluded": true,
            "num_keypoints": 16,
            "keypoints": [
                884,
                1079,
                0,
                748,
                1007,
                2,
                1055,
                1012,
                2,
                1409,
                820,
                0,
                1409,
                946,
                0,
                1409,
                1073,
                0,
                1057,
                1062,
                2,
                1145,
                882,
                2,
                1305,
                767,
                2,
                1285,
                677,
                2,
                798,
                897,
                2,
                1010,
                843,
                2,
                1217,
                697,
                1,
                1437,
                973,
                2,
                1497,
                624,
                0,
                1497,
                751,
                0
            ],
            "action": "sit down",
            "age": "adult",
            "disabled": false,
            "mask": false,
            "get_on": false,
            "get_off": false
        }
    ]
}