{
    "info": {
        "description": "AIHub Bus Passenger Dataset",
        "year": 2020,
        "version": "1.0",
        "img_path": "",
        "width": 1920,
        "height": 1080,
        "G-Sensor": "-35,53,949",
        "Gyro": "0,0,0"
    },
    "annotations": [
        {
            "id": 1,
            "bbox": [
                1032,
                158,
                1422,
                1079
            ],
            "occluded": true,
            "num_keypoints": 16,
            "keypoints": [
                1115,
                1042,
                1,
                1175,
                860,
                1,
                1195,
                652,
                2,
                1242,
                610,
                2,
                1282,
                823,
                1,
                1302,
                1003,
                1,
                1218,
                630,
                2,
                1277,
                357,
                2,
                1274,
                287,
                2,
                1302,
                253,
                2,
                1362,
                598,
                1,
                1182,
                572,
                2,
                1165,
                357,
                2,
                1307,
                300,
                1,
                1318,
                467,
                1,
                1327,
                522,
                1
            ],
            "action": "stand",
            "age": "adult",
            "disabled": false,
            "mask": false,
            "get_on": false,
            "get_off": false
        },
        {
            "id": 0,
            "bbox": [
                580,
                433,
                1555,
                1079
            ],
            "occluded": true,
            "num_keypoints": 16,
            "keypoints": [
                884,
                1079,
                0,
                748,
                1007,
                2,
                1055,
                1012,
                2,
                1409,
                820,
                0,
                1409,
                946,
                0,
                1409,
                1073,
                0,
                1057,
                1062,
                2,
                1163,
                857,
                2,
                1338,
                755,
                2,
                1360,
                632,
                2,
                802,
                913,
                2,
                1030,
                843,
                2,
                1255,
                660,
                1,
                1437,
                973,
                2,
                1497,
                624,
                0,
                1497,
                751,
                0
            ],
            "action": "sit down",
            "age": "adult",
            "disabled": false,
            "mask": false,
            "get_on": false,
            "get_off": false
        }
    ]
}