{
    "info": {
        "description": "AIHub Bus Passenger Dataset",
        "year": 2020,
        "version": "1.0",
        "img_path": "",
        "width": 1920,
        "height": 1080,
        "G-Sensor": "-31,55,949",
        "Gyro": "0,0,0"
    },
    "annotations": [
        {
            "id": 1,
            "bbox": [
                726,
                162,
                902,
                657
            ],
            "occluded": false,
            "num_keypoints": 16,
            "keypoints": [
                812,
                598,
                2,
                871,
                503,
                2,
                836,
                415,
                2,
                771,
                418,
                2,
                786,
                506,
                2,
                783,
                609,
                2,
                803,
                416,
                2,
                790,
                281,
                2,
                807,
                219,
                2,
                812,
                198,
                2,
                871,
                374,
                1,
                883,
                353,
                2,
                859,
                268,
                2,
                748,
                261,
                2,
                739,
                339,
                2,
                771,
                362,
                1
            ],
            "action": "walk",
            "age": "adult",
            "disabled": false,
            "mask": false,
            "get_on": false,
            "get_off": false
        },
        {
            "id": 0,
            "bbox": [
                688,
                437,
                1568,
                1079
            ],
            "occluded": true,
            "num_keypoints": 16,
            "keypoints": [
                884,
                1079,
                0,
                748,
                1007,
                2,
                1060,
                1025,
                2,
                1409,
                820,
                0,
                1409,
                946,
                0,
                1409,
                1073,
                0,
                1057,
                1062,
                2,
                1150,
                883,
                2,
                1302,
                780,
                2,
                1383,
                648,
                2,
                925,
                912,
                2,
                1075,
                837,
                2,
                1245,
                658,
                1,
                1443,
                985,
                2,
                1497,
                624,
                0,
                953,
                1050,
                0
            ],
            "action": "sit down",
            "age": "adult",
            "disabled": false,
            "mask": false,
            "get_on": false,
            "get_off": false
        }
    ]
}