{
    "info": {
        "description": "AIHub Bus Passenger Dataset",
        "year": 2020,
        "version": "1.0",
        "img_path": "",
        "width": 1920,
        "height": 1080,
        "G-Sensor": "-117,-92,938",
        "Gyro": "0,0,0"
    },
    "annotations": [
        {
            "id": 3,
            "bbox": [
                511,
                156,
                935,
                782
            ],
            "occluded": true,
            "num_keypoints": 16,
            "keypoints": [
                591,
                629,
                2,
                593,
                462,
                2,
                737,
                456,
                1,
                802,
                489,
                1,
                702,
                565,
                2,
                723,
                761,
                1,
                759,
                472,
                1,
                805,
                344,
                1,
                807,
                257,
                1,
                796,
                228,
                1,
                691,
                391,
                2,
                749,
                356,
                2,
                773,
                268,
                1,
                890,
                294,
                2,
                903,
                382,
                2,
                821,
                402,
                2
            ],
            "action": "sit down",
            "age": "adult",
            "disabled": false,
            "mask": true,
            "get_on": true,
            "get_off": false
        }
    ]
}