{
    "info": {
        "description": "AIHub Bus Passenger Dataset",
        "year": 2020,
        "version": "1.0",
        "img_path": "",
        "width": 1920,
        "height": 1080,
        "G-Sensor": "-21,-61,934",
        "Gyro": "0,0,0"
    },
    "annotations": [
        {
            "id": 3,
            "bbox": [
                444,
                0,
                773,
                970
            ],
            "occluded": true,
            "num_keypoints": 16,
            "keypoints": [
                558,
                887,
                2,
                673,
                732,
                1,
                628,
                563,
                2,
                533,
                517,
                1,
                640,
                719,
                1,
                695,
                840,
                1,
                574,
                545,
                2,
                588,
                267,
                2,
                663,
                133,
                2,
                689,
                60,
                2,
                750,
                392,
                1,
                718,
                425,
                2,
                713,
                213,
                2,
                545,
                163,
                2,
                478,
                328,
                2,
                550,
                288,
                1
            ],
            "action": "grab handle",
            "age": "adult",
            "disabled": false,
            "mask": true,
            "get_on": true,
            "get_off": false
        }
    ]
}