{
    "info": {
        "description": "AIHub Bus Passenger Dataset",
        "year": 2020,
        "version": "1.0",
        "img_path": "",
        "width": 1920,
        "height": 1080,
        "G-Sensor": "-41,-70,939",
        "Gyro": "0,0,0"
    },
    "annotations": [
        {
            "id": 3,
            "bbox": [
                292,
                122,
                742,
                915
            ],
            "occluded": true,
            "num_keypoints": 16,
            "keypoints": [
                517,
                883,
                1,
                517,
                771,
                1,
                408,
                647,
                1,
                525,
                624,
                1,
                563,
                775,
                1,
                620,
                876,
                1,
                494,
                651,
                1,
                472,
                423,
                2,
                428,
                306,
                2,
                425,
                248,
                2,
                608,
                556,
                2,
                456,
                544,
                2,
                372,
                342,
                2,
                526,
                342,
                1,
                520,
                454,
                1,
                532,
                574,
                1
            ],
            "action": "walk",
            "age": "adult",
            "disabled": false,
            "mask": true,
            "get_on": true,
            "get_off": false
        }
    ]
}