{
    "info": {
        "description": "AIHub Bus Passenger Dataset",
        "year": 2020,
        "version": "1.0",
        "img_path": "",
        "width": 1920,
        "height": 1080,
        "G-Sensor": "-113,-76,934",
        "Gyro": "0,0,0"
    },
    "annotations": [
        {
            "id": 3,
            "bbox": [
                505,
                3,
                875,
                949
            ],
            "occluded": true,
            "num_keypoints": 16,
            "keypoints": [
                723,
                845,
                1,
                803,
                722,
                1,
                732,
                508,
                1,
                608,
                479,
                2,
                699,
                693,
                2,
                629,
                785,
                1,
                672,
                497,
                2,
                687,
                264,
                2,
                709,
                109,
                2,
                718,
                61,
                2,
                802,
                362,
                1,
                845,
                370,
                2,
                823,
                174,
                2,
                583,
                164,
                2,
                534,
                329,
                2,
                560,
                278,
                1
            ],
            "action": "grab handle",
            "age": "adult",
            "disabled": false,
            "mask": false,
            "get_on": true,
            "get_off": false
        }
    ]
}