{
    "info": {
        "description": "AIHub Bus Passenger Dataset",
        "year": 2020,
        "version": "1.0",
        "img_path": "",
        "width": 1920,
        "height": 1080,
        "G-Sensor": "-29,-76,955",
        "Gyro": "0,0,0"
    },
    "annotations": [
        {
            "id": 3,
            "bbox": [
                197,
                327,
                424,
                825
            ],
            "occluded": true,
            "num_keypoints": 16,
            "keypoints": [
                311,
                806,
                1,
                311,
                735,
                1,
                312,
                657,
                2,
                372,
                613,
                2,
                383,
                725,
                1,
                388,
                801,
                1,
                347,
                633,
                2,
                317,
                528,
                2,
                294,
                462,
                2,
                289,
                410,
                2,
                297,
                678,
                1,
                255,
                617,
                2,
                232,
                528,
                2,
                339,
                427,
                2,
                374,
                518,
                2,
                404,
                587,
                1
            ],
            "action": "walk",
            "age": "adult",
            "disabled": false,
            "mask": true,
            "get_on": true,
            "get_off": false
        },
        {
            "id": 4,
            "bbox": [
                435,
                75,
                744,
                1048
            ],
            "occluded": true,
            "num_keypoints": 16,
            "keypoints": [
                569,
                1023,
                1,
                560,
                787,
                1,
                495,
                565,
                2,
                569,
                557,
                1,
                619,
                743,
                1,
                652,
                1010,
                1,
                524,
                563,
                1,
                559,
                427,
                2,
                555,
                235,
                2,
                569,
                172,
                2,
                674,
                543,
                2,
                524,
                527,
                1,
                499,
                335,
                1,
                559,
                258,
                1,
                560,
                410,
                1,
                570,
                490,
                1
            ],
            "action": "walk",
            "age": "adult",
            "disabled": false,
            "mask": true,
            "get_on": true,
            "get_off": false
        }
    ]
}