{
    "info": {
        "description": "AIHub Bus Passenger Dataset",
        "year": 2020,
        "version": "1.0",
        "img_path": "",
        "width": 1920,
        "height": 1080,
        "G-Sensor": "-51,-45,967",
        "Gyro": "0,0,0"
    },
    "annotations": [
        {
            "id": 3,
            "bbox": [
                159,
                290,
                348,
                785
            ],
            "occluded": true,
            "num_keypoints": 16,
            "keypoints": [
                223,
                772,
                1,
                228,
                679,
                1,
                226,
                572,
                1,
                311,
                554,
                1,
                325,
                667,
                1,
                318,
                762,
                1,
                268,
                567,
                2,
                245,
                478,
                2,
                232,
                395,
                2,
                232,
                358,
                2,
                199,
                558,
                1,
                195,
                504,
                1,
                191,
                421,
                1,
                289,
                395,
                2,
                321,
                458,
                2,
                339,
                535,
                1
            ],
            "action": "walk",
            "age": "adult",
            "disabled": false,
            "mask": true,
            "get_on": true,
            "get_off": false
        },
        {
            "id": 4,
            "bbox": [
                292,
                365,
                543,
                909
            ],
            "occluded": true,
            "num_keypoints": 16,
            "keypoints": [
                372,
                898,
                1,
                378,
                800,
                1,
                352,
                705,
                1,
                448,
                694,
                1,
                492,
                800,
                1,
                494,
                903,
                1,
                404,
                706,
                1,
                402,
                591,
                2,
                385,
                492,
                2,
                379,
                458,
                2,
                409,
                631,
                1,
                331,
                644,
                2,
                326,
                532,
                2,
                443,
                478,
                2,
                488,
                589,
                2,
                522,
                669,
                2
            ],
            "action": "walk",
            "age": "adult",
            "disabled": false,
            "mask": true,
            "get_on": true,
            "get_off": false
        }
    ]
}