{
    "info": {
        "description": "AIHub Bus Passenger Dataset",
        "year": 2020,
        "version": "1.0",
        "img_path": "",
        "width": 1920,
        "height": 1080,
        "G-Sensor": "-162,-53,945",
        "Gyro": "0,0,0"
    },
    "annotations": [
        {
            "id": 3,
            "bbox": [
                505,
                156,
                916,
                708
            ],
            "occluded": true,
            "num_keypoints": 16,
            "keypoints": [
                591,
                631,
                2,
                614,
                460,
                2,
                738,
                447,
                1,
                796,
                478,
                1,
                701,
                504,
                2,
                638,
                667,
                1,
                767,
                462,
                1,
                807,
                325,
                1,
                806,
                254,
                1,
                790,
                220,
                1,
                680,
                388,
                2,
                763,
                366,
                1,
                778,
                270,
                1,
                888,
                303,
                2,
                878,
                396,
                2,
                794,
                349,
                1
            ],
            "action": "sit down",
            "age": "adult",
            "disabled": false,
            "mask": true,
            "get_on": true,
            "get_off": false
        }
    ]
}