{
    "info": {
        "description": "AIHub Bus Passenger Dataset",
        "year": 2020,
        "version": "1.0",
        "img_path": "",
        "width": 1920,
        "height": 1080,
        "G-Sensor": "-51,-45,967",
        "Gyro": "0,0,0"
    },
    "annotations": [
        {
            "id": 3,
            "bbox": [
                139,
                290,
                300,
                785
            ],
            "occluded": true,
            "num_keypoints": 16,
            "keypoints": [
                194,
                772,
                1,
                198,
                679,
                1,
                203,
                578,
                1,
                282,
                552,
                1,
                281,
                667,
                1,
                275,
                762,
                1,
                241,
                569,
                2,
                213,
                461,
                2,
                202,
                395,
                2,
                201,
                352,
                2,
                182,
                539,
                1,
                168,
                496,
                1,
                156,
                401,
                1,
                265,
                384,
                2,
                292,
                455,
                1,
                288,
                517,
                1
            ],
            "action": "walk",
            "age": "adult",
            "disabled": false,
            "mask": true,
            "get_on": true,
            "get_off": false
        },
        {
            "id": 4,
            "bbox": [
                243,
                358,
                516,
                885
            ],
            "occluded": true,
            "num_keypoints": 16,
            "keypoints": [
                330,
                874,
                1,
                337,
                780,
                1,
                309,
                688,
                1,
                413,
                677,
                1,
                461,
                779,
                1,
                462,
                879,
                1,
                365,
                689,
                1,
                348,
                581,
                2,
                348,
                482,
                2,
                346,
                438,
                2,
                325,
                637,
                2,
                276,
                624,
                2,
                269,
                527,
                2,
                399,
                471,
                2,
                449,
                581,
                2,
                485,
                654,
                2
            ],
            "action": "walk",
            "age": "adult",
            "disabled": false,
            "mask": true,
            "get_on": true,
            "get_off": false
        }
    ]
}