{
    "info": {
        "description": "AIHub Bus Passenger Dataset",
        "year": 2020,
        "version": "1.0",
        "img_path": "",
        "width": 1920,
        "height": 1080,
        "G-Sensor": "-29,-76,955",
        "Gyro": "0,0,0"
    },
    "annotations": [
        {
            "id": 3,
            "bbox": [
                197,
                315,
                405,
                825
            ],
            "occluded": true,
            "num_keypoints": 16,
            "keypoints": [
                301,
                805,
                1,
                302,
                733,
                1,
                289,
                642,
                2,
                359,
                613,
                1,
                367,
                723,
                1,
                372,
                801,
                1,
                329,
                632,
                2,
                301,
                504,
                2,
                294,
                437,
                2,
                292,
                388,
                2,
                262,
                653,
                2,
                225,
                567,
                2,
                225,
                470,
                2,
                340,
                427,
                2,
                375,
                508,
                2,
                380,
                570,
                1
            ],
            "action": "walk",
            "age": "adult",
            "disabled": false,
            "mask": true,
            "get_on": true,
            "get_off": false
        },
        {
            "id": 4,
            "bbox": [
                375,
                173,
                744,
                1048
            ],
            "occluded": true,
            "num_keypoints": 16,
            "keypoints": [
                493,
                1030,
                1,
                477,
                876,
                1,
                442,
                620,
                2,
                529,
                605,
                1,
                600,
                865,
                1,
                600,
                1025,
                1,
                492,
                615,
                2,
                469,
                537,
                1,
                494,
                327,
                1,
                490,
                270,
                1,
                672,
                550,
                2,
                529,
                572,
                1,
                440,
                427,
                2,
                507,
                362,
                1,
                525,
                475,
                1,
                537,
                547,
                1
            ],
            "action": "walk",
            "age": "adult",
            "disabled": false,
            "mask": true,
            "get_on": true,
            "get_off": false
        }
    ]
}