{
    "info": {
        "description": "AIHub Bus Passenger Dataset",
        "year": 2020,
        "version": "1.0",
        "img_path": "",
        "width": 1920,
        "height": 1080,
        "G-Sensor": "-41,-70,939",
        "Gyro": "0,0,0"
    },
    "annotations": [
        {
            "id": 3,
            "bbox": [
                324,
                40,
                738,
                956
            ],
            "occluded": true,
            "num_keypoints": 16,
            "keypoints": [
                531,
                906,
                1,
                502,
                802,
                1,
                472,
                626,
                2,
                428,
                586,
                2,
                573,
                783,
                1,
                625,
                898,
                1,
                458,
                602,
                2,
                489,
                382,
                2,
                449,
                249,
                2,
                446,
                183,
                2,
                614,
                534,
                2,
                474,
                520,
                2,
                397,
                290,
                2,
                516,
                272,
                1,
                533,
                417,
                1,
                544,
                554,
                1
            ],
            "action": "walk",
            "age": "adult",
            "disabled": false,
            "mask": true,
            "get_on": true,
            "get_off": false
        }
    ]
}