{
    "info": {
        "description": "AIHub Bus Passenger Dataset",
        "year": 2020,
        "version": "1.0",
        "img_path": "",
        "width": 1920,
        "height": 1080,
        "G-Sensor": "-41,-70,939",
        "Gyro": "0,0,0"
    },
    "annotations": [
        {
            "id": 4,
            "bbox": [
                763,
                48,
                1076,
                931
            ],
            "occluded": true,
            "num_keypoints": 16,
            "keypoints": [
                1063,
                889,
                1,
                1029,
                665,
                1,
                949,
                434,
                2,
                885,
                422,
                1,
                843,
                669,
                2,
                785,
                887,
                1,
                909,
                427,
                1,
                952,
                339,
                2,
                959,
                174,
                2,
                978,
                119,
                2,
                1011,
                371,
                2,
                882,
                371,
                2,
                955,
                245,
                2,
                913,
                211,
                1,
                934,
                361,
                1,
                940,
                403,
                1
            ],
            "action": "walk",
            "age": "adult",
            "disabled": false,
            "mask": false,
            "get_on": true,
            "get_off": false
        },
        {
            "id": 3,
            "bbox": [
                292,
                148,
                700,
                915
            ],
            "occluded": true,
            "num_keypoints": 16,
            "keypoints": [
                496,
                885,
                1,
                496,
                776,
                1,
                398,
                656,
                1,
                504,
                634,
                1,
                538,
                780,
                1,
                590,
                878,
                1,
                476,
                660,
                1,
                456,
                440,
                2,
                388,
                332,
                2,
                413,
                270,
                2,
                566,
                542,
                2,
                438,
                532,
                2,
                332,
                390,
                2,
                474,
                336,
                1,
                484,
                470,
                1,
                510,
                586,
                1
            ],
            "action": "walk",
            "age": "adult",
            "disabled": false,
            "mask": true,
            "get_on": true,
            "get_off": false
        }
    ]
}