{
    "info": {
        "description": "AIHub Bus Passenger Dataset",
        "year": 2020,
        "version": "1.0",
        "img_path": "",
        "width": 1920,
        "height": 1080,
        "G-Sensor": "-113,-76,934",
        "Gyro": "0,0,0"
    },
    "annotations": [
        {
            "id": 3,
            "bbox": [
                506,
                7,
                863,
                908
            ],
            "occluded": true,
            "num_keypoints": 16,
            "keypoints": [
                670,
                874,
                1,
                683,
                680,
                1,
                781,
                470,
                1,
                708,
                469,
                2,
                702,
                671,
                2,
                693,
                875,
                1,
                748,
                475,
                1,
                779,
                230,
                2,
                730,
                109,
                2,
                709,
                69,
                2,
                792,
                348,
                1,
                851,
                344,
                1,
                820,
                160,
                2,
                656,
                180,
                2,
                595,
                337,
                2,
                520,
                299,
                2
            ],
            "action": "grab handle",
            "age": "adult",
            "disabled": false,
            "mask": true,
            "get_on": true,
            "get_off": false
        }
    ]
}