{
    "info": {
        "description": "AIHub Bus Passenger Dataset",
        "year": 2020,
        "version": "1.0",
        "img_path": "",
        "width": 1920,
        "height": 1080,
        "G-Sensor": "-135,-334,1049",
        "Gyro": "0,0,0"
    },
    "annotations": [
        {
            "id": 3,
            "bbox": [
                516,
                159,
                906,
                779
            ],
            "occluded": true,
            "num_keypoints": 16,
            "keypoints": [
                595,
                629,
                2,
                605,
                468,
                2,
                738,
                444,
                1,
                791,
                475,
                1,
                688,
                560,
                2,
                723,
                757,
                1,
                765,
                461,
                1,
                768,
                346,
                2,
                780,
                256,
                2,
                757,
                235,
                2,
                657,
                402,
                2,
                716,
                350,
                2,
                725,
                270,
                1,
                843,
                277,
                2,
                874,
                381,
                2,
                796,
                392,
                1
            ],
            "action": "sit down",
            "age": "adult",
            "disabled": false,
            "mask": true,
            "get_on": true,
            "get_off": false
        }
    ]
}