{
    "info": {
        "description": "AIHub Bus Passenger Dataset",
        "year": 2020,
        "version": "1.0",
        "img_path": "",
        "width": 1920,
        "height": 1080,
        "G-Sensor": "-45,-78,953",
        "Gyro": "0,0,0"
    },
    "annotations": [
        {
            "id": 3,
            "bbox": [
                240,
                263,
                424,
                773
            ],
            "occluded": true,
            "num_keypoints": 16,
            "keypoints": [
                294,
                758,
                1,
                294,
                665,
                1,
                299,
                553,
                2,
                354,
                553,
                1,
                400,
                673,
                1,
                410,
                758,
                1,
                327,
                552,
                1,
                312,
                442,
                2,
                310,
                360,
                2,
                310,
                325,
                2,
                290,
                520,
                1,
                282,
                453,
                2,
                267,
                382,
                2,
                364,
                383,
                2,
                390,
                465,
                2,
                404,
                545,
                2
            ],
            "action": "walk",
            "age": "adult",
            "disabled": false,
            "mask": true,
            "get_on": true,
            "get_off": false
        }
    ]
}