{
    "info": {
        "description": "AIHub Bus Passenger Dataset",
        "year": 2020,
        "version": "1.0",
        "img_path": "",
        "width": 1920,
        "height": 1080,
        "G-Sensor": "-117,-92,938",
        "Gyro": "0,0,0"
    },
    "annotations": [
        {
            "id": 3,
            "bbox": [
                500,
                156,
                919,
                743
            ],
            "occluded": true,
            "num_keypoints": 16,
            "keypoints": [
                579,
                631,
                1,
                609,
                459,
                2,
                763,
                439,
                1,
                801,
                470,
                1,
                700,
                505,
                2,
                673,
                703,
                1,
                780,
                455,
                1,
                810,
                336,
                1,
                801,
                261,
                1,
                775,
                228,
                2,
                685,
                381,
                2,
                753,
                357,
                2,
                770,
                270,
                1,
                875,
                308,
                2,
                887,
                384,
                2,
                795,
                342,
                1
            ],
            "action": "sit down",
            "age": "adult",
            "disabled": false,
            "mask": true,
            "get_on": true,
            "get_off": false
        }
    ]
}