{
    "info": {
        "description": "AIHub Bus Passenger Dataset",
        "year": 2020,
        "version": "1.0",
        "img_path": "",
        "width": 1920,
        "height": 1080,
        "G-Sensor": "-84,-18,873",
        "Gyro": "0,0,0"
    },
    "annotations": [
        {
            "id": 3,
            "bbox": [
                507,
                156,
                937,
                708
            ],
            "occluded": true,
            "num_keypoints": 16,
            "keypoints": [
                592,
                638,
                2,
                590,
                464,
                2,
                750,
                447,
                1,
                812,
                478,
                1,
                710,
                573,
                2,
                647,
                678,
                1,
                781,
                462,
                1,
                827,
                356,
                2,
                854,
                265,
                2,
                844,
                226,
                2,
                737,
                358,
                2,
                752,
                339,
                2,
                789,
                263,
                1,
                909,
                313,
                2,
                910,
                408,
                2,
                832,
                396,
                2
            ],
            "action": "sit down",
            "age": "adult",
            "disabled": false,
            "mask": true,
            "get_on": true,
            "get_off": false
        }
    ]
}