{
    "info": {
        "description": "AIHub Bus Passenger Dataset",
        "year": 2020,
        "version": "1.0",
        "img_path": "",
        "width": 1920,
        "height": 1080,
        "G-Sensor": "-84,-18,873",
        "Gyro": "0,0,0"
    },
    "annotations": [
        {
            "id": 3,
            "bbox": [
                507,
                150,
                937,
                708
            ],
            "occluded": true,
            "num_keypoints": 16,
            "keypoints": [
                579,
                642,
                1,
                593,
                461,
                2,
                750,
                444,
                1,
                812,
                475,
                1,
                714,
                568,
                2,
                647,
                677,
                1,
                781,
                459,
                1,
                820,
                361,
                2,
                847,
                252,
                2,
                837,
                203,
                2,
                742,
                379,
                2,
                737,
                326,
                2,
                789,
                258,
                1,
                905,
                303,
                2,
                910,
                404,
                2,
                823,
                398,
                2
            ],
            "action": "sit down",
            "age": "adult",
            "disabled": false,
            "mask": true,
            "get_on": true,
            "get_off": false
        }
    ]
}