{
    "info": {
        "description": "AIHub Bus Passenger Dataset",
        "year": 2020,
        "version": "1.0",
        "img_path": "",
        "width": 1920,
        "height": 1080,
        "G-Sensor": "-135,-334,1049",
        "Gyro": "0,0,0"
    },
    "annotations": [
        {
            "id": 3,
            "bbox": [
                519,
                152,
                825,
                802
            ],
            "occluded": true,
            "num_keypoints": 16,
            "keypoints": [
                608,
                644,
                2,
                594,
                475,
                2,
                683,
                457,
                1,
                745,
                499,
                1,
                708,
                594,
                2,
                773,
                748,
                1,
                718,
                484,
                1,
                721,
                358,
                2,
                727,
                269,
                2,
                717,
                233,
                2,
                631,
                397,
                1,
                662,
                361,
                2,
                688,
                279,
                1,
                773,
                297,
                2,
                798,
                392,
                1,
                613,
                384,
                2
            ],
            "action": "sit down",
            "age": "adult",
            "disabled": false,
            "mask": true,
            "get_on": true,
            "get_off": false
        }
    ]
}