{
    "info": {
        "description": "AIHub Bus Passenger Dataset",
        "year": 2020,
        "version": "1.0",
        "img_path": "",
        "width": 1920,
        "height": 1080,
        "G-Sensor": "-68,-33,883",
        "Gyro": "0,0,0"
    },
    "annotations": [
        {
            "id": 3,
            "bbox": [
                507,
                145,
                937,
                708
            ],
            "occluded": true,
            "num_keypoints": 16,
            "keypoints": [
                579,
                641,
                1,
                603,
                467,
                2,
                765,
                454,
                1,
                845,
                481,
                1,
                714,
                565,
                2,
                647,
                677,
                1,
                799,
                464,
                1,
                820,
                358,
                2,
                859,
                262,
                2,
                858,
                219,
                2,
                741,
                385,
                2,
                748,
                337,
                2,
                796,
                261,
                1,
                912,
                307,
                2,
                913,
                403,
                2,
                833,
                406,
                2
            ],
            "action": "sit down",
            "age": "adult",
            "disabled": false,
            "mask": true,
            "get_on": true,
            "get_off": false
        }
    ]
}