{
    "info": {
        "description": "AIHub Bus Passenger Dataset",
        "year": 2020,
        "version": "1.0",
        "img_path": "",
        "width": 1920,
        "height": 1080,
        "G-Sensor": "-43,-61,957",
        "Gyro": "0,0,0"
    },
    "annotations": [
        {
            "id": 3,
            "bbox": [
                265,
                235,
                538,
                915
            ],
            "occluded": true,
            "num_keypoints": 16,
            "keypoints": [
                402,
                889,
                1,
                402,
                792,
                1,
                368,
                711,
                1,
                457,
                648,
                1,
                488,
                779,
                1,
                495,
                883,
                1,
                420,
                684,
                1,
                400,
                515,
                2,
                343,
                408,
                2,
                346,
                344,
                2,
                409,
                657,
                2,
                339,
                651,
                2,
                298,
                498,
                2,
                402,
                369,
                1,
                415,
                460,
                1,
                489,
                459,
                2
            ],
            "action": "walk",
            "age": "adult",
            "disabled": false,
            "mask": true,
            "get_on": true,
            "get_off": false
        },
        {
            "id": 4,
            "bbox": [
                649,
                38,
                888,
                883
            ],
            "occluded": true,
            "num_keypoints": 16,
            "keypoints": [
                706,
                823,
                1,
                865,
                670,
                2,
                800,
                445,
                1,
                826,
                443,
                1,
                821,
                653,
                1,
                716,
                780,
                1,
                814,
                442,
                1,
                806,
                338,
                1,
                824,
                174,
                2,
                832,
                114,
                2,
                748,
                423,
                1,
                698,
                382,
                2,
                774,
                240,
                2,
                833,
                228,
                1,
                836,
                332,
                1,
                842,
                394,
                1
            ],
            "action": "walk",
            "age": "adult",
            "disabled": false,
            "mask": true,
            "get_on": true,
            "get_off": false
        }
    ]
}