{
    "info": {
        "description": "AIHub Bus Passenger Dataset",
        "year": 2020,
        "version": "1.0",
        "img_path": "",
        "width": 1920,
        "height": 1080,
        "G-Sensor": "-162,-53,945",
        "Gyro": "0,0,0"
    },
    "annotations": [
        {
            "id": 3,
            "bbox": [
                507,
                156,
                934,
                708
            ],
            "occluded": true,
            "num_keypoints": 16,
            "keypoints": [
                593,
                635,
                2,
                602,
                464,
                2,
                771,
                454,
                1,
                837,
                493,
                1,
                703,
                551,
                2,
                640,
                671,
                1,
                799,
                471,
                1,
                827,
                350,
                2,
                842,
                253,
                2,
                823,
                216,
                2,
                704,
                381,
                1,
                755,
                357,
                2,
                776,
                274,
                2,
                905,
                303,
                2,
                899,
                402,
                2,
                800,
                381,
                1
            ],
            "action": "sit down",
            "age": "adult",
            "disabled": false,
            "mask": true,
            "get_on": true,
            "get_off": false
        }
    ]
}