{
    "info": {
        "description": "AIHub Bus Passenger Dataset",
        "year": 2020,
        "version": "1.0",
        "img_path": "",
        "width": 1920,
        "height": 1080,
        "G-Sensor": "-45,-78,953",
        "Gyro": "0,0,0"
    },
    "annotations": [
        {
            "id": 3,
            "bbox": [
                175,
                275,
                362,
                785
            ],
            "occluded": true,
            "num_keypoints": 16,
            "keypoints": [
                250,
                765,
                1,
                254,
                675,
                1,
                245,
                560,
                1,
                315,
                558,
                1,
                337,
                685,
                1,
                347,
                770,
                1,
                285,
                562,
                1,
                260,
                443,
                2,
                246,
                372,
                2,
                242,
                337,
                2,
                225,
                532,
                1,
                209,
                488,
                1,
                202,
                394,
                1,
                300,
                385,
                2,
                329,
                453,
                2,
                345,
                518,
                1
            ],
            "action": "walk",
            "age": "adult",
            "disabled": false,
            "mask": true,
            "get_on": true,
            "get_off": false
        }
    ]
}