{
    "info": {
        "description": "AIHub Bus Passenger Dataset",
        "year": 2020,
        "version": "1.0",
        "img_path": "",
        "width": 1920,
        "height": 1080,
        "G-Sensor": "-51,-45,967",
        "Gyro": "0,0,0"
    },
    "annotations": [
        {
            "id": 3,
            "bbox": [
                139,
                290,
                300,
                785
            ],
            "occluded": true,
            "num_keypoints": 16,
            "keypoints": [
                194,
                772,
                1,
                198,
                679,
                1,
                199,
                566,
                1,
                259,
                564,
                1,
                279,
                687,
                1,
                287,
                770,
                1,
                233,
                568,
                1,
                214,
                448,
                2,
                206,
                385,
                2,
                201,
                352,
                2,
                182,
                539,
                1,
                168,
                496,
                1,
                156,
                394,
                1,
                263,
                374,
                2,
                271,
                462,
                1,
                269,
                532,
                1
            ],
            "action": "walk",
            "age": "adult",
            "disabled": false,
            "mask": true,
            "get_on": true,
            "get_off": false
        },
        {
            "id": 4,
            "bbox": [
                219,
                377,
                419,
                885
            ],
            "occluded": true,
            "num_keypoints": 16,
            "keypoints": [
                283,
                875,
                1,
                288,
                784,
                1,
                296,
                690,
                1,
                371,
                670,
                1,
                379,
                783,
                1,
                380,
                880,
                1,
                339,
                684,
                1,
                325,
                577,
                2,
                300,
                492,
                2,
                298,
                443,
                2,
                294,
                635,
                2,
                233,
                639,
                1,
                235,
                540,
                2,
                350,
                482,
                2,
                389,
                588,
                2,
                388,
                645,
                1
            ],
            "action": "walk",
            "age": "adult",
            "disabled": false,
            "mask": true,
            "get_on": true,
            "get_off": false
        }
    ]
}