{
    "info": {
        "description": "AIHub Bus Passenger Dataset",
        "year": 2020,
        "version": "1.0",
        "img_path": "",
        "width": 1920,
        "height": 1080,
        "G-Sensor": "-29,-76,955",
        "Gyro": "0,0,0"
    },
    "annotations": [
        {
            "id": 3,
            "bbox": [
                186,
                297,
                369,
                804
            ],
            "occluded": true,
            "num_keypoints": 16,
            "keypoints": [
                278,
                785,
                1,
                265,
                715,
                1,
                253,
                607,
                2,
                331,
                587,
                1,
                336,
                703,
                1,
                340,
                780,
                1,
                298,
                604,
                2,
                278,
                485,
                2,
                263,
                405,
                2,
                265,
                363,
                2,
                223,
                613,
                1,
                209,
                519,
                2,
                214,
                434,
                2,
                319,
                403,
                2,
                355,
                477,
                1,
                360,
                547,
                1
            ],
            "action": "walk",
            "age": "adult",
            "disabled": false,
            "mask": true,
            "get_on": true,
            "get_off": false
        },
        {
            "id": 4,
            "bbox": [
                329,
                262,
                675,
                909
            ],
            "occluded": true,
            "num_keypoints": 16,
            "keypoints": [
                439,
                896,
                1,
                425,
                782,
                1,
                374,
                649,
                1,
                481,
                638,
                2,
                526,
                794,
                1,
                540,
                892,
                1,
                434,
                658,
                1,
                451,
                563,
                1,
                439,
                409,
                2,
                440,
                359,
                2,
                598,
                549,
                2,
                476,
                593,
                2,
                381,
                464,
                2,
                485,
                418,
                2,
                486,
                534,
                1,
                500,
                604,
                1
            ],
            "action": "walk",
            "age": "adult",
            "disabled": false,
            "mask": true,
            "get_on": true,
            "get_off": false
        }
    ]
}