{
    "info": {
        "description": "AIHub Bus Passenger Dataset",
        "year": 2020,
        "version": "1.0",
        "img_path": "",
        "width": 1920,
        "height": 1080,
        "G-Sensor": "-113,-76,934",
        "Gyro": "0,0,0"
    },
    "annotations": [
        {
            "id": 3,
            "bbox": [
                505,
                44,
                796,
                853
            ],
            "occluded": true,
            "num_keypoints": 16,
            "keypoints": [
                618,
                647,
                2,
                611,
                479,
                2,
                681,
                434,
                1,
                733,
                462,
                2,
                706,
                618,
                2,
                775,
                844,
                1,
                706,
                448,
                1,
                741,
                302,
                2,
                663,
                178,
                2,
                649,
                120,
                2,
                738,
                351,
                1,
                786,
                346,
                1,
                736,
                182,
                2,
                689,
                232,
                2,
                619,
                347,
                2,
                526,
                299,
                2
            ],
            "action": "grab handle",
            "age": "adult",
            "disabled": false,
            "mask": true,
            "get_on": true,
            "get_off": false
        }
    ]
}