{
    "info": {
        "description": "AIHub Bus Passenger Dataset",
        "year": 2020,
        "version": "1.0",
        "img_path": "",
        "width": 1920,
        "height": 1080,
        "G-Sensor": "-72,-74,848",
        "Gyro": "0,0,0"
    },
    "annotations": [
        {
            "id": 3,
            "bbox": [
                338,
                235,
                471,
                678
            ],
            "occluded": true,
            "num_keypoints": 16,
            "keypoints": [
                364,
                678,
                1,
                364,
                589,
                1,
                364,
                500,
                1,
                423,
                497,
                1,
                422,
                586,
                1,
                422,
                669,
                1,
                392,
                493,
                1,
                400,
                409,
                2,
                406,
                325,
                2,
                408,
                290,
                2,
                359,
                487,
                1,
                379,
                420,
                2,
                379,
                348,
                2,
                439,
                359,
                1,
                451,
                429,
                1,
                443,
                467,
                1
            ],
            "action": "walk",
            "age": "adult",
            "disabled": false,
            "mask": true,
            "get_on": true,
            "get_off": false
        }
    ]
}