{
    "info": {
        "description": "AIHub Bus Passenger Dataset",
        "year": 2020,
        "version": "1.0",
        "img_path": "",
        "width": 1920,
        "height": 1080,
        "G-Sensor": "-162,-53,945",
        "Gyro": "0,0,0"
    },
    "annotations": [
        {
            "id": 3,
            "bbox": [
                507,
                156,
                937,
                708
            ],
            "occluded": true,
            "num_keypoints": 16,
            "keypoints": [
                595,
                638,
                2,
                590,
                464,
                2,
                750,
                447,
                1,
                812,
                478,
                1,
                719,
                570,
                2,
                647,
                678,
                1,
                781,
                462,
                1,
                828,
                350,
                2,
                851,
                268,
                2,
                837,
                217,
                2,
                719,
                368,
                2,
                757,
                351,
                2,
                792,
                271,
                1,
                909,
                313,
                2,
                912,
                398,
                2,
                790,
                349,
                1
            ],
            "action": "sit down",
            "age": "adult",
            "disabled": false,
            "mask": true,
            "get_on": true,
            "get_off": false
        }
    ]
}