{
    "info": {
        "description": "AIHub Bus Passenger Dataset",
        "year": 2020,
        "version": "1.0",
        "img_path": "",
        "width": 1920,
        "height": 1080,
        "G-Sensor": "-117,-92,938",
        "Gyro": "0,0,0"
    },
    "annotations": [
        {
            "id": 3,
            "bbox": [
                505,
                155,
                931,
                782
            ],
            "occluded": true,
            "num_keypoints": 16,
            "keypoints": [
                593,
                629,
                2,
                609,
                458,
                2,
                749,
                437,
                1,
                806,
                492,
                1,
                701,
                544,
                2,
                710,
                758,
                1,
                777,
                465,
                1,
                805,
                340,
                1,
                806,
                266,
                1,
                793,
                237,
                1,
                686,
                394,
                2,
                753,
                346,
                2,
                769,
                279,
                1,
                884,
                303,
                2,
                900,
                389,
                2,
                802,
                368,
                1
            ],
            "action": "sit down",
            "age": "adult",
            "disabled": false,
            "mask": true,
            "get_on": true,
            "get_off": false
        }
    ]
}