{
    "info": {
        "description": "AIHub Bus Passenger Dataset",
        "year": 2020,
        "version": "1.0",
        "img_path": "",
        "width": 1920,
        "height": 1080,
        "G-Sensor": "-68,-33,883",
        "Gyro": "0,0,0"
    },
    "annotations": [
        {
            "id": 3,
            "bbox": [
                507,
                145,
                937,
                708
            ],
            "occluded": true,
            "num_keypoints": 16,
            "keypoints": [
                579,
                641,
                1,
                603,
                467,
                2,
                765,
                454,
                1,
                832,
                479,
                1,
                710,
                560,
                2,
                647,
                677,
                1,
                797,
                471,
                1,
                820,
                358,
                2,
                849,
                254,
                2,
                848,
                204,
                2,
                742,
                400,
                2,
                735,
                340,
                2,
                796,
                261,
                1,
                907,
                313,
                2,
                907,
                407,
                2,
                821,
                402,
                2
            ],
            "action": "sit down",
            "age": "adult",
            "disabled": false,
            "mask": true,
            "get_on": true,
            "get_off": false
        }
    ]
}