{
    "info": {
        "description": "AIHub Bus Passenger Dataset",
        "year": 2020,
        "version": "1.0",
        "img_path": "",
        "width": 1920,
        "height": 1080,
        "G-Sensor": "-135,-334,1049",
        "Gyro": "0,0,0"
    },
    "annotations": [
        {
            "id": 3,
            "bbox": [
                506,
                156,
                935,
                782
            ],
            "occluded": true,
            "num_keypoints": 16,
            "keypoints": [
                595,
                622,
                2,
                602,
                458,
                2,
                752,
                438,
                1,
                802,
                472,
                1,
                696,
                558,
                2,
                719,
                756,
                1,
                769,
                457,
                1,
                801,
                341,
                1,
                820,
                254,
                2,
                802,
                223,
                1,
                688,
                377,
                2,
                749,
                358,
                2,
                767,
                268,
                2,
                898,
                288,
                2,
                917,
                382,
                2,
                854,
                382,
                2
            ],
            "action": "sit down",
            "age": "adult",
            "disabled": false,
            "mask": true,
            "get_on": true,
            "get_off": false
        }
    ]
}