{
    "info": {
        "description": "AIHub Bus Passenger Dataset",
        "year": 2020,
        "version": "1.0",
        "img_path": "",
        "width": 1920,
        "height": 1080,
        "G-Sensor": "-43,-61,957",
        "Gyro": "0,0,0"
    },
    "annotations": [
        {
            "id": 3,
            "bbox": [
                222,
                287,
                469,
                854
            ],
            "occluded": true,
            "num_keypoints": 16,
            "keypoints": [
                346,
                832,
                1,
                346,
                751,
                1,
                316,
                684,
                1,
                396,
                632,
                1,
                424,
                741,
                1,
                430,
                827,
                1,
                363,
                662,
                1,
                345,
                521,
                2,
                293,
                432,
                2,
                296,
                378,
                2,
                353,
                639,
                2,
                289,
                634,
                2,
                252,
                507,
                2,
                346,
                399,
                1,
                358,
                475,
                1,
                425,
                474,
                2
            ],
            "action": "walk",
            "age": "adult",
            "disabled": false,
            "mask": true,
            "get_on": true,
            "get_off": false
        },
        {
            "id": 4,
            "bbox": [
                519,
                55,
                841,
                1048
            ],
            "occluded": true,
            "num_keypoints": 16,
            "keypoints": [
                599,
                914,
                1,
                641,
                799,
                2,
                622,
                541,
                2,
                645,
                539,
                1,
                766,
                699,
                1,
                832,
                948,
                1,
                642,
                541,
                1,
                651,
                392,
                2,
                679,
                205,
                2,
                703,
                132,
                2,
                675,
                491,
                2,
                556,
                461,
                2,
                632,
                302,
                2,
                672,
                251,
                1,
                695,
                408,
                1,
                702,
                455,
                1
            ],
            "action": "walk",
            "age": "adult",
            "disabled": false,
            "mask": true,
            "get_on": true,
            "get_off": false
        }
    ]
}