{
    "info": {
        "description": "AIHub Bus Passenger Dataset",
        "year": 2020,
        "version": "1.0",
        "img_path": "",
        "width": 1920,
        "height": 1080,
        "G-Sensor": "-105,-111,904",
        "Gyro": "0,0,0"
    },
    "annotations": [
        {
            "id": 3,
            "bbox": [
                507,
                154,
                937,
                708
            ],
            "occluded": true,
            "num_keypoints": 16,
            "keypoints": [
                579,
                642,
                1,
                594,
                463,
                2,
                765,
                458,
                1,
                827,
                491,
                1,
                712,
                562,
                2,
                647,
                677,
                1,
                797,
                474,
                1,
                820,
                363,
                2,
                857,
                263,
                2,
                849,
                229,
                2,
                738,
                391,
                2,
                748,
                340,
                2,
                796,
                268,
                1,
                910,
                309,
                2,
                919,
                408,
                2,
                838,
                408,
                2
            ],
            "action": "sit down",
            "age": "adult",
            "disabled": false,
            "mask": true,
            "get_on": true,
            "get_off": false
        }
    ]
}