{
    "info": {
        "description": "AIHub Bus Passenger Dataset",
        "year": 2020,
        "version": "1.0",
        "img_path": "",
        "width": 1920,
        "height": 1080,
        "G-Sensor": "-45,-78,953",
        "Gyro": "0,0,0"
    },
    "annotations": [
        {
            "id": 3,
            "bbox": [
                314,
                246,
                451,
                689
            ],
            "occluded": true,
            "num_keypoints": 16,
            "keypoints": [
                341,
                689,
                1,
                341,
                600,
                1,
                341,
                511,
                1,
                402,
                508,
                1,
                401,
                597,
                1,
                401,
                680,
                1,
                369,
                504,
                1,
                377,
                420,
                2,
                376,
                338,
                2,
                374,
                305,
                2,
                333,
                490,
                1,
                343,
                433,
                2,
                339,
                360,
                2,
                411,
                357,
                2,
                435,
                439,
                1,
                430,
                537,
                2
            ],
            "action": "walk",
            "age": "adult",
            "disabled": false,
            "mask": true,
            "get_on": true,
            "get_off": false
        }
    ]
}