{
    "info": {
        "description": "AIHub Bus Passenger Dataset",
        "year": 2020,
        "version": "1.0",
        "img_path": "",
        "width": 1920,
        "height": 1080,
        "G-Sensor": "-21,-61,934",
        "Gyro": "0,0,0"
    },
    "annotations": [
        {
            "id": 3,
            "bbox": [
                399,
                0,
                739,
                963
            ],
            "occluded": true,
            "num_keypoints": 16,
            "keypoints": [
                501,
                900,
                1,
                526,
                778,
                1,
                539,
                585,
                1,
                453,
                563,
                2,
                625,
                719,
                1,
                686,
                842,
                2,
                486,
                573,
                2,
                499,
                384,
                1,
                563,
                158,
                2,
                634,
                103,
                2,
                691,
                490,
                2,
                556,
                482,
                2,
                539,
                293,
                2,
                468,
                175,
                2,
                461,
                305,
                1,
                556,
                278,
                1
            ],
            "action": "walk",
            "age": "adult",
            "disabled": false,
            "mask": true,
            "get_on": true,
            "get_off": false
        }
    ]
}