{
    "info": {
        "description": "AIHub Bus Passenger Dataset",
        "year": 2020,
        "version": "1.0",
        "img_path": "",
        "width": 1920,
        "height": 1080,
        "G-Sensor": "-84,-18,873",
        "Gyro": "0,0,0"
    },
    "annotations": [
        {
            "id": 3,
            "bbox": [
                507,
                156,
                937,
                708
            ],
            "occluded": true,
            "num_keypoints": 16,
            "keypoints": [
                581,
                642,
                1,
                585,
                468,
                2,
                750,
                447,
                1,
                812,
                478,
                1,
                712,
                568,
                2,
                647,
                678,
                1,
                781,
                462,
                1,
                820,
                365,
                2,
                847,
                257,
                2,
                833,
                224,
                2,
                738,
                365,
                2,
                746,
                328,
                2,
                789,
                263,
                1,
                903,
                309,
                2,
                910,
                408,
                2,
                823,
                402,
                2
            ],
            "action": "sit down",
            "age": "adult",
            "disabled": false,
            "mask": true,
            "get_on": true,
            "get_off": false
        }
    ]
}