{
    "info": {
        "description": "AIHub Bus Passenger Dataset",
        "year": 2020,
        "version": "1.0",
        "img_path": "",
        "width": 1920,
        "height": 1080,
        "G-Sensor": "-105,-111,904",
        "Gyro": "0,0,0"
    },
    "annotations": [
        {
            "id": 3,
            "bbox": [
                507,
                160,
                937,
                708
            ],
            "occluded": true,
            "num_keypoints": 16,
            "keypoints": [
                579,
                642,
                1,
                590,
                464,
                2,
                765,
                460,
                1,
                827,
                493,
                1,
                710,
                567,
                2,
                647,
                677,
                1,
                797,
                477,
                1,
                820,
                367,
                2,
                859,
                269,
                2,
                851,
                245,
                2,
                733,
                361,
                2,
                765,
                347,
                2,
                796,
                272,
                1,
                913,
                317,
                2,
                912,
                409,
                2,
                837,
                412,
                2
            ],
            "action": "sit down",
            "age": "adult",
            "disabled": false,
            "mask": true,
            "get_on": true,
            "get_off": false
        }
    ]
}