{
    "info": {
        "description": "AIHub Bus Passenger Dataset",
        "year": 2020,
        "version": "1.0",
        "img_path": "",
        "width": 1920,
        "height": 1080,
        "G-Sensor": "-21,-61,934",
        "Gyro": "0,0,0"
    },
    "annotations": [
        {
            "id": 3,
            "bbox": [
                335,
                0,
                723,
                960
            ],
            "occluded": true,
            "num_keypoints": 16,
            "keypoints": [
                496,
                890,
                1,
                473,
                749,
                1,
                506,
                580,
                2,
                419,
                575,
                2,
                520,
                738,
                1,
                555,
                828,
                1,
                464,
                578,
                2,
                438,
                386,
                1,
                501,
                172,
                1,
                538,
                122,
                2,
                625,
                529,
                2,
                470,
                508,
                2,
                418,
                320,
                2,
                410,
                195,
                1,
                451,
                297,
                1,
                540,
                277,
                1
            ],
            "action": "walk",
            "age": "adult",
            "disabled": false,
            "mask": true,
            "get_on": true,
            "get_off": false
        }
    ]
}