{
    "info": {
        "description": "AIHub Bus Passenger Dataset",
        "year": 2020,
        "version": "1.0",
        "img_path": "",
        "width": 1920,
        "height": 1080,
        "G-Sensor": "143,-61,908",
        "Gyro": "0,0,0"
    },
    "annotations": [
        {
            "id": 0,
            "bbox": [
                926,
                151,
                1169,
                596
            ],
            "occluded": true,
            "num_keypoints": 16,
            "keypoints": [
                1017,
                523,
                2,
                976,
                446,
                2,
                1016,
                385,
                2,
                1090,
                384,
                2,
                1133,
                456,
                2,
                1133,
                541,
                2,
                1056,
                386,
                1,
                1053,
                314,
                2,
                1051,
                244,
                2,
                1040,
                206,
                2,
                974,
                311,
                1,
                949,
                361,
                2,
                1009,
                258,
                2,
                1109,
                249,
                2,
                1145,
                336,
                2,
                1139,
                389,
                2
            ],
            "action": "sit down",
            "age": "elder",
            "disabled": false,
            "mask": true,
            "get_on": false,
            "get_off": false
        },
        {
            "id": 1,
            "bbox": [
                1409,
                365,
                1884,
                1079
            ],
            "occluded": true,
            "num_keypoints": 16,
            "keypoints": [
                1501,
                1079,
                0,
                1501,
                933,
                0,
                1514,
                1069,
                1,
                1757,
                1075,
                1,
                1785,
                933,
                0,
                1785,
                1079,
                0,
                1651,
                1072,
                1,
                1667,
                915,
                2,
                1701,
                678,
                2,
                1753,
                593,
                2,
                1453,
                720,
                0,
                1452,
                964,
                2,
                1508,
                675,
                2,
                1865,
                708,
                2,
                1817,
                997,
                2,
                1777,
                801,
                0
            ],
            "action": "sit down",
            "age": "adult",
            "disabled": false,
            "mask": true,
            "get_on": false,
            "get_off": false
        },
        {
            "id": 2,
            "bbox": [
                1399,
                158,
                1686,
                683
            ],
            "occluded": true,
            "num_keypoints": 16,
            "keypoints": [
                1458,
                629,
                1,
                1492,
                512,
                1,
                1528,
                399,
                2,
                1604,
                394,
                1,
                1604,
                521,
                1,
                1592,
                645,
                1,
                1569,
                395,
                1,
                1574,
                347,
                2,
                1579,
                283,
                2,
                1583,
                235,
                2,
                1520,
                353,
                1,
                1499,
                340,
                2,
                1509,
                263,
                2,
                1628,
                284,
                2,
                1641,
                344,
                1,
                1675,
                373,
                1
            ],
            "action": "stand",
            "age": "elder",
            "disabled": false,
            "mask": true,
            "get_on": true,
            "get_off": false
        }
    ]
}