{
    "info": {
        "description": "AIHub Bus Passenger Dataset",
        "year": 2020,
        "version": "1.0",
        "img_path": "",
        "width": 1920,
        "height": 1080,
        "G-Sensor": "-14,-39,1014",
        "Gyro": "0,0,0"
    },
    "annotations": [
        {
            "id": 0,
            "bbox": [
                936,
                162,
                1170,
                610
            ],
            "occluded": true,
            "num_keypoints": 16,
            "keypoints": [
                1021,
                549,
                2,
                980,
                468,
                2,
                1007,
                401,
                2,
                1113,
                398,
                1,
                1129,
                478,
                2,
                1137,
                552,
                2,
                1055,
                400,
                1,
                1043,
                334,
                1,
                1035,
                256,
                1,
                1030,
                216,
                2,
                967,
                319,
                1,
                959,
                357,
                2,
                980,
                269,
                2,
                1094,
                252,
                2,
                1132,
                352,
                2,
                1128,
                386,
                2
            ],
            "action": "sit down",
            "age": "elder",
            "disabled": false,
            "mask": true,
            "get_on": false,
            "get_off": false
        },
        {
            "id": 1,
            "bbox": [
                1388,
                357,
                1893,
                1079
            ],
            "occluded": true,
            "num_keypoints": 16,
            "keypoints": [
                1488,
                1079,
                0,
                1488,
                934,
                0,
                1507,
                1069,
                1,
                1757,
                1069,
                1,
                1791,
                934,
                0,
                1791,
                1079,
                0,
                1649,
                1065,
                1,
                1677,
                900,
                2,
                1700,
                673,
                2,
                1720,
                581,
                2,
                1437,
                718,
                0,
                1449,
                974,
                2,
                1508,
                670,
                2,
                1843,
                721,
                2,
                1818,
                927,
                2,
                1842,
                718,
                0
            ],
            "action": "sit down",
            "age": "adult",
            "disabled": false,
            "mask": true,
            "get_on": false,
            "get_off": false
        },
        {
            "id": 2,
            "bbox": [
                1332,
                152,
                1571,
                641
            ],
            "occluded": true,
            "num_keypoints": 16,
            "keypoints": [
                1393,
                605,
                2,
                1413,
                516,
                2,
                1429,
                401,
                2,
                1492,
                402,
                2,
                1471,
                503,
                1,
                1478,
                602,
                1,
                1459,
                400,
                2,
                1461,
                357,
                2,
                1458,
                265,
                2,
                1455,
                222,
                2,
                1429,
                462,
                2,
                1392,
                369,
                2,
                1403,
                265,
                2,
                1541,
                264,
                2,
                1552,
                348,
                2,
                1534,
                351,
                1
            ],
            "action": "sit down",
            "age": "elder",
            "disabled": false,
            "mask": true,
            "get_on": true,
            "get_off": false
        }
    ]
}