{
    "info": {
        "description": "AIHub Bus Passenger Dataset",
        "year": 2020,
        "version": "1.0",
        "img_path": "",
        "width": 1920,
        "height": 1080,
        "G-Sensor": "21,-33,1004",
        "Gyro": "0,0,0"
    },
    "annotations": [
        {
            "id": 0,
            "bbox": [
                936,
                150,
                1170,
                610
            ],
            "occluded": true,
            "num_keypoints": 16,
            "keypoints": [
                1021,
                548,
                2,
                983,
                474,
                2,
                1004,
                398,
                2,
                1113,
                393,
                1,
                1129,
                475,
                2,
                1137,
                551,
                2,
                1058,
                393,
                1,
                1054,
                328,
                2,
                1044,
                252,
                2,
                1038,
                221,
                2,
                967,
                312,
                1,
                974,
                347,
                2,
                995,
                258,
                2,
                1114,
                252,
                2,
                1150,
                337,
                2,
                1128,
                381,
                2
            ],
            "action": "sit down",
            "age": "elder",
            "disabled": false,
            "mask": true,
            "get_on": false,
            "get_off": false
        },
        {
            "id": 1,
            "bbox": [
                1401,
                368,
                1884,
                1079
            ],
            "occluded": true,
            "num_keypoints": 16,
            "keypoints": [
                1496,
                1079,
                0,
                1496,
                935,
                0,
                1515,
                1068,
                1,
                1757,
                1073,
                1,
                1784,
                935,
                0,
                1784,
                1079,
                0,
                1647,
                1071,
                1,
                1665,
                920,
                2,
                1689,
                692,
                2,
                1739,
                604,
                2,
                1447,
                722,
                0,
                1450,
                990,
                2,
                1506,
                702,
                2,
                1848,
                715,
                2,
                1795,
                1033,
                2,
                1833,
                722,
                0
            ],
            "action": "sit down",
            "age": "adult",
            "disabled": false,
            "mask": true,
            "get_on": false,
            "get_off": false
        },
        {
            "id": 2,
            "bbox": [
                622,
                386,
                936,
                902
            ],
            "occluded": true,
            "num_keypoints": 16,
            "keypoints": [
                813,
                929,
                1,
                798,
                843,
                2,
                730,
                710,
                1,
                795,
                665,
                2,
                830,
                768,
                1,
                866,
                850,
                1,
                772,
                692,
                2,
                759,
                610,
                2,
                746,
                520,
                1,
                761,
                480,
                2,
                734,
                739,
                2,
                691,
                648,
                2,
                708,
                542,
                1,
                782,
                495,
                1,
                816,
                568,
                2,
                868,
                613,
                2
            ],
            "action": "walk",
            "age": "elder",
            "disabled": false,
            "mask": true,
            "get_on": true,
            "get_off": false
        }
    ]
}