{
    "info": {
        "description": "AIHub Bus Passenger Dataset",
        "year": 2020,
        "version": "1.0",
        "img_path": "",
        "width": 1920,
        "height": 1080,
        "G-Sensor": "-27,-45,1066",
        "Gyro": "0,0,0"
    },
    "annotations": [
        {
            "id": 0,
            "bbox": [
                936,
                163,
                1170,
                610
            ],
            "occluded": true,
            "num_keypoints": 16,
            "keypoints": [
                1021,
                549,
                2,
                980,
                468,
                2,
                1007,
                401,
                2,
                1113,
                398,
                1,
                1129,
                478,
                2,
                1137,
                552,
                2,
                1055,
                400,
                1,
                1047,
                334,
                1,
                1037,
                257,
                1,
                1030,
                216,
                2,
                967,
                319,
                1,
                959,
                357,
                2,
                980,
                269,
                2,
                1094,
                252,
                2,
                1132,
                352,
                2,
                1128,
                386,
                2
            ],
            "action": "sit down",
            "age": "elder",
            "disabled": false,
            "mask": true,
            "get_on": false,
            "get_off": false
        },
        {
            "id": 1,
            "bbox": [
                1386,
                352,
                1892,
                1079
            ],
            "occluded": true,
            "num_keypoints": 16,
            "keypoints": [
                1487,
                1079,
                0,
                1487,
                933,
                0,
                1506,
                1069,
                1,
                1756,
                1069,
                1,
                1790,
                933,
                0,
                1790,
                1079,
                0,
                1623,
                1074,
                1,
                1646,
                902,
                2,
                1699,
                670,
                2,
                1695,
                575,
                2,
                1436,
                715,
                0,
                1448,
                973,
                2,
                1513,
                645,
                2,
                1848,
                720,
                2,
                1785,
                1049,
                2,
                1841,
                715,
                0
            ],
            "action": "sit down",
            "age": "adult",
            "disabled": false,
            "mask": true,
            "get_on": false,
            "get_off": false
        },
        {
            "id": 2,
            "bbox": [
                1328,
                152,
                1661,
                678
            ],
            "occluded": true,
            "num_keypoints": 16,
            "keypoints": [
                1432,
                616,
                2,
                1443,
                504,
                2,
                1449,
                396,
                2,
                1537,
                397,
                1,
                1528,
                505,
                1,
                1522,
                622,
                1,
                1492,
                400,
                2,
                1493,
                334,
                2,
                1493,
                261,
                2,
                1496,
                215,
                2,
                1345,
                257,
                1,
                1363,
                325,
                1,
                1436,
                256,
                2,
                1552,
                262,
                2,
                1590,
                322,
                2,
                1645,
                359,
                1
            ],
            "action": "sit down",
            "age": "elder",
            "disabled": false,
            "mask": true,
            "get_on": true,
            "get_off": false
        }
    ]
}