{
    "info": {
        "description": "AIHub Bus Passenger Dataset",
        "year": 2020,
        "version": "1.0",
        "img_path": "",
        "width": 1920,
        "height": 1080,
        "G-Sensor": "-74,53,1123",
        "Gyro": "0,0,0"
    },
    "annotations": [
        {
            "id": 0,
            "bbox": [
                936,
                142,
                1169,
                613
            ],
            "occluded": true,
            "num_keypoints": 16,
            "keypoints": [
                1021,
                550,
                2,
                976,
                458,
                2,
                1011,
                392,
                2,
                1120,
                389,
                1,
                1128,
                470,
                2,
                1137,
                561,
                2,
                1062,
                390,
                1,
                1055,
                323,
                2,
                1047,
                252,
                2,
                1044,
                208,
                2,
                964,
                329,
                2,
                986,
                353,
                2,
                1006,
                257,
                2,
                1114,
                242,
                2,
                1148,
                335,
                2,
                1130,
                381,
                2
            ],
            "action": "sit down",
            "age": "elder",
            "disabled": false,
            "mask": true,
            "get_on": false,
            "get_off": false
        },
        {
            "id": 1,
            "bbox": [
                1413,
                347,
                1890,
                1079
            ],
            "occluded": true,
            "num_keypoints": 16,
            "keypoints": [
                1508,
                1079,
                0,
                1508,
                932,
                0,
                1526,
                1069,
                1,
                1761,
                1069,
                1,
                1793,
                932,
                0,
                1793,
                1079,
                0,
                1643,
                1071,
                1,
                1675,
                915,
                2,
                1710,
                673,
                2,
                1761,
                595,
                2,
                1460,
                713,
                0,
                1470,
                1008,
                2,
                1512,
                684,
                2,
                1863,
                724,
                2,
                1789,
                1036,
                2,
                1841,
                713,
                0
            ],
            "action": "sit down",
            "age": "adult",
            "disabled": false,
            "mask": true,
            "get_on": false,
            "get_off": false
        }
    ]
}