{
    "info": {
        "description": "AIHub Bus Passenger Dataset",
        "year": 2020,
        "version": "1.0",
        "img_path": "",
        "width": 1920,
        "height": 1080,
        "G-Sensor": "63,-31,893",
        "Gyro": "0,0,0"
    },
    "annotations": [
        {
            "id": 0,
            "bbox": [
                936,
                158,
                1170,
                610
            ],
            "occluded": true,
            "num_keypoints": 16,
            "keypoints": [
                1021,
                549,
                2,
                983,
                476,
                2,
                1004,
                402,
                2,
                1113,
                397,
                1,
                1129,
                477,
                2,
                1137,
                552,
                2,
                1058,
                397,
                1,
                1051,
                330,
                2,
                1042,
                253,
                2,
                1033,
                228,
                2,
                967,
                317,
                1,
                969,
                352,
                2,
                987,
                276,
                2,
                1103,
                244,
                2,
                1150,
                342,
                2,
                1128,
                385,
                2
            ],
            "action": "sit down",
            "age": "elder",
            "disabled": false,
            "mask": true,
            "get_on": false,
            "get_off": false
        },
        {
            "id": 1,
            "bbox": [
                1413,
                347,
                1888,
                1079
            ],
            "occluded": true,
            "num_keypoints": 16,
            "keypoints": [
                1507,
                1079,
                0,
                1507,
                932,
                0,
                1525,
                1069,
                1,
                1760,
                1069,
                1,
                1792,
                932,
                0,
                1792,
                1079,
                0,
                1658,
                1065,
                1,
                1685,
                898,
                2,
                1706,
                692,
                2,
                1686,
                584,
                2,
                1459,
                713,
                0,
                1471,
                973,
                2,
                1526,
                665,
                2,
                1843,
                691,
                2,
                1811,
                1009,
                2,
                1840,
                713,
                0
            ],
            "action": "sit down",
            "age": "adult",
            "disabled": false,
            "mask": true,
            "get_on": false,
            "get_off": false
        },
        {
            "id": 2,
            "bbox": [
                659,
                314,
                1085,
                938
            ],
            "occluded": true,
            "num_keypoints": 16,
            "keypoints": [
                827,
                868,
                1,
                888,
                775,
                2,
                777,
                659,
                2,
                841,
                635,
                2,
                868,
                752,
                1,
                865,
                848,
                1,
                810,
                648,
                2,
                796,
                565,
                2,
                778,
                441,
                2,
                780,
                391,
                2,
                751,
                561,
                1,
                671,
                555,
                1,
                691,
                463,
                1,
                826,
                428,
                2,
                908,
                476,
                2,
                1010,
                476,
                2
            ],
            "action": "walk",
            "age": "elder",
            "disabled": false,
            "mask": true,
            "get_on": true,
            "get_off": false
        }
    ]
}