{
    "info": {
        "description": "AIHub Bus Passenger Dataset",
        "year": 2020,
        "version": "1.0",
        "img_path": "",
        "width": 1920,
        "height": 1080,
        "G-Sensor": "61,-20,898",
        "Gyro": "0,0,0"
    },
    "annotations": [
        {
            "id": 0,
            "bbox": [
                936,
                154,
                1170,
                610
            ],
            "occluded": true,
            "num_keypoints": 16,
            "keypoints": [
                1021,
                548,
                2,
                983,
                475,
                2,
                1010,
                396,
                2,
                1113,
                395,
                1,
                1129,
                476,
                1,
                1137,
                551,
                2,
                1062,
                395,
                1,
                1051,
                328,
                2,
                1040,
                257,
                2,
                1033,
                225,
                2,
                967,
                314,
                1,
                965,
                354,
                2,
                987,
                273,
                2,
                1102,
                245,
                2,
                1150,
                340,
                1,
                1128,
                383,
                1
            ],
            "action": "sit down",
            "age": "elder",
            "disabled": false,
            "mask": true,
            "get_on": false,
            "get_off": false
        },
        {
            "id": 1,
            "bbox": [
                1413,
                347,
                1886,
                1079
            ],
            "occluded": true,
            "num_keypoints": 16,
            "keypoints": [
                1507,
                1079,
                0,
                1507,
                932,
                0,
                1524,
                1069,
                1,
                1758,
                1069,
                1,
                1790,
                932,
                0,
                1790,
                1079,
                0,
                1657,
                1065,
                1,
                1683,
                898,
                2,
                1707,
                681,
                1,
                1708,
                585,
                2,
                1459,
                713,
                0,
                1470,
                973,
                2,
                1525,
                665,
                2,
                1840,
                708,
                2,
                1808,
                994,
                2,
                1837,
                713,
                0
            ],
            "action": "sit down",
            "age": "adult",
            "disabled": false,
            "mask": true,
            "get_on": false,
            "get_off": false
        },
        {
            "id": 2,
            "bbox": [
                1128,
                42,
                1529,
                803
            ],
            "occluded": true,
            "num_keypoints": 16,
            "keypoints": [
                1279,
                710,
                2,
                1336,
                596,
                2,
                1280,
                433,
                2,
                1230,
                416,
                2,
                1252,
                569,
                2,
                1243,
                692,
                2,
                1257,
                428,
                2,
                1270,
                309,
                2,
                1280,
                174,
                2,
                1301,
                124,
                2,
                1466,
                373,
                2,
                1381,
                360,
                2,
                1314,
                213,
                2,
                1210,
                181,
                2,
                1192,
                301,
                1,
                1252,
                390,
                1
            ],
            "action": "walk",
            "age": "elder",
            "disabled": false,
            "mask": false,
            "get_on": true,
            "get_off": false
        }
    ]
}