{
    "info": {
        "description": "AIHub Bus Passenger Dataset",
        "year": 2020,
        "version": "1.0",
        "img_path": "",
        "width": 1920,
        "height": 1080,
        "G-Sensor": "-12,55,1211",
        "Gyro": "0,0,0"
    },
    "annotations": [
        {
            "id": 0,
            "bbox": [
                936,
                142,
                1170,
                610
            ],
            "occluded": true,
            "num_keypoints": 16,
            "keypoints": [
                1021,
                547,
                2,
                982,
                462,
                2,
                1018,
                394,
                2,
                1120,
                394,
                1,
                1139,
                465,
                2,
                1137,
                551,
                2,
                1065,
                396,
                1,
                1069,
                325,
                2,
                1073,
                246,
                2,
                1068,
                209,
                2,
                999,
                350,
                2,
                999,
                316,
                1,
                1023,
                247,
                1,
                1138,
                244,
                2,
                1159,
                329,
                2,
                1139,
                384,
                2
            ],
            "action": "sit down",
            "age": "elder",
            "disabled": false,
            "mask": true,
            "get_on": false,
            "get_off": false
        },
        {
            "id": 1,
            "bbox": [
                1413,
                352,
                1889,
                1079
            ],
            "occluded": true,
            "num_keypoints": 16,
            "keypoints": [
                1508,
                1079,
                0,
                1508,
                933,
                0,
                1524,
                1071,
                1,
                1773,
                1073,
                1,
                1793,
                933,
                0,
                1793,
                1079,
                0,
                1655,
                1074,
                1,
                1685,
                899,
                2,
                1695,
                683,
                2,
                1742,
                581,
                2,
                1460,
                715,
                0,
                1458,
                994,
                2,
                1526,
                667,
                2,
                1856,
                697,
                2,
                1807,
                1036,
                2,
                1841,
                715,
                0
            ],
            "action": "sit down",
            "age": "adult",
            "disabled": false,
            "mask": true,
            "get_on": false,
            "get_off": false
        }
    ]
}