{
    "info": {
        "description": "AIHub Bus Passenger Dataset",
        "year": 2020,
        "version": "1.0",
        "img_path": "",
        "width": 1920,
        "height": 1080,
        "G-Sensor": "-27,-45,1066",
        "Gyro": "0,0,0"
    },
    "annotations": [
        {
            "id": 0,
            "bbox": [
                936,
                163,
                1170,
                610
            ],
            "occluded": true,
            "num_keypoints": 16,
            "keypoints": [
                1021,
                549,
                2,
                980,
                468,
                2,
                1007,
                401,
                2,
                1113,
                398,
                1,
                1129,
                478,
                2,
                1137,
                552,
                2,
                1055,
                400,
                1,
                1047,
                334,
                1,
                1037,
                257,
                1,
                1030,
                216,
                2,
                967,
                319,
                1,
                959,
                357,
                2,
                980,
                269,
                2,
                1094,
                252,
                2,
                1132,
                352,
                2,
                1128,
                386,
                2
            ],
            "action": "sit down",
            "age": "elder",
            "disabled": false,
            "mask": true,
            "get_on": false,
            "get_off": false
        },
        {
            "id": 1,
            "bbox": [
                1388,
                357,
                1894,
                1079
            ],
            "occluded": true,
            "num_keypoints": 16,
            "keypoints": [
                1489,
                1079,
                0,
                1489,
                934,
                0,
                1508,
                1069,
                1,
                1758,
                1069,
                1,
                1792,
                934,
                0,
                1792,
                1079,
                0,
                1635,
                1073,
                1,
                1649,
                909,
                2,
                1701,
                673,
                2,
                1686,
                580,
                2,
                1438,
                718,
                0,
                1450,
                974,
                2,
                1523,
                645,
                2,
                1869,
                743,
                2,
                1789,
                1044,
                2,
                1843,
                718,
                0
            ],
            "action": "sit down",
            "age": "adult",
            "disabled": false,
            "mask": true,
            "get_on": false,
            "get_off": false
        },
        {
            "id": 2,
            "bbox": [
                1328,
                152,
                1659,
                678
            ],
            "occluded": true,
            "num_keypoints": 16,
            "keypoints": [
                1432,
                616,
                2,
                1442,
                504,
                2,
                1450,
                395,
                2,
                1536,
                397,
                1,
                1526,
                505,
                1,
                1521,
                622,
                1,
                1496,
                397,
                2,
                1498,
                333,
                2,
                1493,
                258,
                2,
                1494,
                208,
                2,
                1342,
                186,
                1,
                1359,
                254,
                1,
                1430,
                244,
                2,
                1561,
                265,
                2,
                1588,
                327,
                2,
                1648,
                360,
                1
            ],
            "action": "sit down",
            "age": "elder",
            "disabled": false,
            "mask": true,
            "get_on": true,
            "get_off": false
        }
    ]
}