{
    "info": {
        "description": "AIHub Bus Passenger Dataset",
        "year": 2020,
        "version": "1.0",
        "img_path": "",
        "width": 1920,
        "height": 1080,
        "G-Sensor": "-12,55,1211",
        "Gyro": "0,0,0"
    },
    "annotations": [
        {
            "id": 0,
            "bbox": [
                938,
                145,
                1177,
                610
            ],
            "occluded": true,
            "num_keypoints": 16,
            "keypoints": [
                1024,
                547,
                2,
                978,
                461,
                2,
                1021,
                395,
                2,
                1125,
                395,
                1,
                1150,
                470,
                2,
                1143,
                551,
                2,
                1069,
                397,
                1,
                1066,
                325,
                2,
                1064,
                244,
                2,
                1057,
                204,
                2,
                984,
                315,
                1,
                994,
                339,
                2,
                1007,
                258,
                2,
                1124,
                243,
                2,
                1156,
                334,
                2,
                1137,
                379,
                2
            ],
            "action": "sit down",
            "age": "elder",
            "disabled": false,
            "mask": true,
            "get_on": false,
            "get_off": false
        },
        {
            "id": 1,
            "bbox": [
                1413,
                351,
                1890,
                1079
            ],
            "occluded": true,
            "num_keypoints": 16,
            "keypoints": [
                1508,
                1079,
                0,
                1508,
                932,
                0,
                1526,
                1069,
                1,
                1761,
                1069,
                1,
                1793,
                932,
                0,
                1793,
                1079,
                0,
                1647,
                1070,
                1,
                1667,
                913,
                2,
                1702,
                694,
                2,
                1725,
                583,
                2,
                1460,
                715,
                0,
                1461,
                1006,
                2,
                1527,
                667,
                2,
                1860,
                700,
                2,
                1806,
                1034,
                2,
                1841,
                715,
                0
            ],
            "action": "sit down",
            "age": "adult",
            "disabled": false,
            "mask": true,
            "get_on": false,
            "get_off": false
        }
    ]
}