{
    "info": {
        "description": "AIHub Bus Passenger Dataset",
        "year": 2020,
        "version": "1.0",
        "img_path": "",
        "width": 1920,
        "height": 1080,
        "G-Sensor": "21,-33,1004",
        "Gyro": "0,0,0"
    },
    "annotations": [
        {
            "id": 0,
            "bbox": [
                936,
                149,
                1170,
                610
            ],
            "occluded": true,
            "num_keypoints": 16,
            "keypoints": [
                1021,
                547,
                2,
                983,
                474,
                2,
                1004,
                398,
                2,
                1113,
                393,
                1,
                1129,
                475,
                2,
                1137,
                550,
                2,
                1058,
                393,
                1,
                1054,
                328,
                2,
                1046,
                253,
                2,
                1038,
                220,
                2,
                967,
                311,
                1,
                974,
                346,
                2,
                995,
                257,
                2,
                1114,
                251,
                2,
                1150,
                337,
                2,
                1128,
                381,
                2
            ],
            "action": "sit down",
            "age": "elder",
            "disabled": false,
            "mask": true,
            "get_on": false,
            "get_off": false
        },
        {
            "id": 1,
            "bbox": [
                1401,
                368,
                1884,
                1079
            ],
            "occluded": true,
            "num_keypoints": 16,
            "keypoints": [
                1496,
                1079,
                0,
                1496,
                935,
                0,
                1515,
                1068,
                1,
                1757,
                1073,
                1,
                1784,
                935,
                0,
                1784,
                1079,
                0,
                1647,
                1071,
                1,
                1665,
                920,
                2,
                1689,
                692,
                2,
                1730,
                600,
                2,
                1447,
                722,
                0,
                1450,
                990,
                2,
                1502,
                689,
                2,
                1860,
                703,
                2,
                1795,
                1033,
                2,
                1833,
                722,
                0
            ],
            "action": "sit down",
            "age": "adult",
            "disabled": false,
            "mask": true,
            "get_on": false,
            "get_off": false
        },
        {
            "id": 2,
            "bbox": [
                536,
                458,
                878,
                974
            ],
            "occluded": true,
            "num_keypoints": 16,
            "keypoints": [
                650,
                955,
                1,
                660,
                839,
                1,
                609,
                731,
                1,
                685,
                721,
                1,
                737,
                813,
                1,
                804,
                928,
                1,
                651,
                721,
                1,
                621,
                612,
                1,
                608,
                559,
                1,
                609,
                499,
                1,
                646,
                754,
                1,
                578,
                684,
                1,
                566,
                583,
                1,
                656,
                541,
                1,
                708,
                599,
                1,
                794,
                612,
                2
            ],
            "action": "walk",
            "age": "elder",
            "disabled": false,
            "mask": false,
            "get_on": true,
            "get_off": false
        }
    ]
}