{
    "info": {
        "description": "AIHub Bus Passenger Dataset",
        "year": 2020,
        "version": "1.0",
        "img_path": "",
        "width": 1920,
        "height": 1080,
        "G-Sensor": "45,-39,939",
        "Gyro": "0,0,0"
    },
    "annotations": [
        {
            "id": 0,
            "bbox": [
                936,
                152,
                1170,
                610
            ],
            "occluded": true,
            "num_keypoints": 16,
            "keypoints": [
                1021,
                548,
                2,
                983,
                474,
                2,
                1004,
                399,
                2,
                1113,
                394,
                1,
                1129,
                475,
                2,
                1137,
                551,
                2,
                1058,
                394,
                1,
                1051,
                327,
                2,
                1035,
                252,
                2,
                1029,
                220,
                2,
                967,
                313,
                1,
                974,
                349,
                2,
                983,
                268,
                2,
                1102,
                252,
                2,
                1150,
                338,
                2,
                1128,
                382,
                2
            ],
            "action": "sit down",
            "age": "elder",
            "disabled": false,
            "mask": true,
            "get_on": false,
            "get_off": false
        },
        {
            "id": 1,
            "bbox": [
                1400,
                353,
                1881,
                1079
            ],
            "occluded": true,
            "num_keypoints": 16,
            "keypoints": [
                1494,
                1079,
                0,
                1494,
                931,
                0,
                1513,
                1067,
                1,
                1754,
                1072,
                1,
                1781,
                931,
                0,
                1781,
                1079,
                0,
                1641,
                1069,
                1,
                1662,
                916,
                2,
                1695,
                679,
                2,
                1695,
                574,
                2,
                1445,
                714,
                0,
                1448,
                988,
                2,
                1500,
                680,
                2,
                1857,
                695,
                2,
                1792,
                1032,
                2,
                1830,
                714,
                0
            ],
            "action": "sit down",
            "age": "adult",
            "disabled": false,
            "mask": true,
            "get_on": false,
            "get_off": false
        },
        {
            "id": 2,
            "bbox": [
                690,
                338,
                1087,
                972
            ],
            "occluded": true,
            "num_keypoints": 16,
            "keypoints": [
                852,
                920,
                1,
                826,
                824,
                2,
                791,
                705,
                2,
                859,
                666,
                2,
                866,
                772,
                2,
                869,
                852,
                2,
                828,
                688,
                2,
                808,
                595,
                2,
                805,
                480,
                2,
                814,
                419,
                2,
                783,
                738,
                2,
                711,
                654,
                1,
                721,
                490,
                1,
                861,
                458,
                2,
                919,
                505,
                2,
                1001,
                497,
                2
            ],
            "action": "walk",
            "age": "elder",
            "disabled": false,
            "mask": true,
            "get_on": true,
            "get_off": false
        }
    ]
}