{
    "info": {
        "description": "AIHub Bus Passenger Dataset",
        "year": 2020,
        "version": "1.0",
        "img_path": "",
        "width": 1920,
        "height": 1080,
        "G-Sensor": "88,20,836",
        "Gyro": "0,0,0"
    },
    "annotations": [
        {
            "id": 0,
            "bbox": [
                936,
                149,
                1170,
                610
            ],
            "occluded": true,
            "num_keypoints": 16,
            "keypoints": [
                1021,
                547,
                2,
                983,
                474,
                2,
                1004,
                398,
                2,
                1113,
                393,
                1,
                1144,
                472,
                2,
                1145,
                546,
                2,
                1056,
                398,
                1,
                1041,
                330,
                1,
                1026,
                259,
                1,
                1015,
                214,
                1,
                967,
                312,
                1,
                965,
                347,
                2,
                975,
                272,
                2,
                1093,
                245,
                2,
                1136,
                329,
                2,
                1122,
                373,
                2
            ],
            "action": "sit down",
            "age": "elder",
            "disabled": false,
            "mask": true,
            "get_on": false,
            "get_off": false
        },
        {
            "id": 1,
            "bbox": [
                1414,
                346,
                1888,
                1079
            ],
            "occluded": true,
            "num_keypoints": 16,
            "keypoints": [
                1508,
                1079,
                0,
                1508,
                931,
                0,
                1526,
                1068,
                1,
                1764,
                1073,
                1,
                1791,
                931,
                0,
                1791,
                1079,
                0,
                1657,
                1071,
                1,
                1674,
                916,
                2,
                1706,
                677,
                2,
                1749,
                580,
                2,
                1460,
                712,
                0,
                1463,
                988,
                2,
                1514,
                678,
                2,
                1870,
                712,
                2,
                1802,
                1032,
                2,
                1839,
                712,
                0
            ],
            "action": "sit down",
            "age": "adult",
            "disabled": false,
            "mask": true,
            "get_on": false,
            "get_off": false
        }
    ]
}