{
    "info": {
        "description": "AIHub Bus Passenger Dataset",
        "year": 2020,
        "version": "1.0",
        "img_path": "",
        "width": 1920,
        "height": 1080,
        "G-Sensor": "57,-35,893",
        "Gyro": "0,0,0"
    },
    "annotations": [
        {
            "id": 0,
            "bbox": [
                936,
                163,
                1170,
                610
            ],
            "occluded": true,
            "num_keypoints": 16,
            "keypoints": [
                1021,
                549,
                2,
                980,
                468,
                2,
                1007,
                401,
                2,
                1113,
                398,
                1,
                1129,
                478,
                2,
                1137,
                552,
                2,
                1055,
                400,
                1,
                1047,
                334,
                1,
                1037,
                257,
                1,
                1030,
                216,
                2,
                967,
                319,
                1,
                959,
                357,
                2,
                980,
                269,
                2,
                1094,
                252,
                2,
                1138,
                343,
                2,
                1128,
                386,
                2
            ],
            "action": "sit down",
            "age": "elder",
            "disabled": false,
            "mask": true,
            "get_on": false,
            "get_off": false
        },
        {
            "id": 1,
            "bbox": [
                1387,
                351,
                1893,
                1079
            ],
            "occluded": true,
            "num_keypoints": 16,
            "keypoints": [
                1488,
                1079,
                0,
                1488,
                932,
                0,
                1507,
                1069,
                1,
                1757,
                1069,
                1,
                1791,
                932,
                0,
                1791,
                1079,
                0,
                1634,
                1069,
                1,
                1651,
                908,
                2,
                1700,
                670,
                2,
                1698,
                575,
                2,
                1437,
                715,
                0,
                1449,
                973,
                2,
                1523,
                639,
                2,
                1858,
                735,
                2,
                1790,
                1044,
                2,
                1842,
                715,
                0
            ],
            "action": "sit down",
            "age": "adult",
            "disabled": false,
            "mask": true,
            "get_on": false,
            "get_off": false
        },
        {
            "id": 2,
            "bbox": [
                1263,
                87,
                1554,
                654
            ],
            "occluded": true,
            "num_keypoints": 16,
            "keypoints": [
                1350,
                607,
                1,
                1351,
                481,
                1,
                1379,
                380,
                2,
                1471,
                347,
                1,
                1471,
                499,
                1,
                1471,
                602,
                1,
                1421,
                364,
                2,
                1379,
                284,
                2,
                1338,
                202,
                1,
                1325,
                152,
                1,
                1309,
                397,
                2,
                1297,
                312,
                2,
                1273,
                235,
                2,
                1418,
                191,
                2,
                1530,
                266,
                2,
                1533,
                339,
                2
            ],
            "action": "stand",
            "age": "elder",
            "disabled": false,
            "mask": true,
            "get_on": true,
            "get_off": false
        }
    ]
}