{
    "info": {
        "description": "AIHub Bus Passenger Dataset",
        "year": 2020,
        "version": "1.0",
        "img_path": "",
        "width": 1920,
        "height": 1080,
        "G-Sensor": "59,-23,893",
        "Gyro": "0,0,0"
    },
    "annotations": [
        {
            "id": 0,
            "bbox": [
                936,
                162,
                1170,
                610
            ],
            "occluded": true,
            "num_keypoints": 16,
            "keypoints": [
                1021,
                549,
                2,
                980,
                468,
                2,
                1007,
                401,
                2,
                1113,
                398,
                1,
                1129,
                478,
                2,
                1137,
                552,
                2,
                1057,
                406,
                1,
                1043,
                334,
                1,
                1034,
                256,
                1,
                1030,
                216,
                2,
                967,
                319,
                1,
                958,
                364,
                2,
                980,
                269,
                2,
                1094,
                252,
                2,
                1132,
                352,
                2,
                1128,
                386,
                2
            ],
            "action": "sit down",
            "age": "elder",
            "disabled": false,
            "mask": true,
            "get_on": false,
            "get_off": false
        },
        {
            "id": 1,
            "bbox": [
                1315,
                347,
                1891,
                1079
            ],
            "occluded": true,
            "num_keypoints": 16,
            "keypoints": [
                1429,
                1079,
                0,
                1429,
                932,
                0,
                1498,
                1041,
                2,
                1724,
                1065,
                1,
                1774,
                932,
                0,
                1774,
                1079,
                0,
                1613,
                1065,
                1,
                1645,
                898,
                2,
                1671,
                668,
                2,
                1678,
                560,
                2,
                1419,
                950,
                2,
                1460,
                922,
                2,
                1514,
                648,
                2,
                1853,
                735,
                2,
                1796,
                1053,
                2,
                1832,
                713,
                0
            ],
            "action": "sit down",
            "age": "adult",
            "disabled": false,
            "mask": true,
            "get_on": false,
            "get_off": false
        },
        {
            "id": 2,
            "bbox": [
                1317,
                149,
                1660,
                648
            ],
            "occluded": true,
            "num_keypoints": 16,
            "keypoints": [
                1386,
                598,
                2,
                1369,
                517,
                1,
                1444,
                418,
                2,
                1533,
                418,
                1,
                1503,
                502,
                1,
                1527,
                620,
                1,
                1484,
                416,
                2,
                1479,
                351,
                2,
                1474,
                272,
                2,
                1468,
                230,
                2,
                1404,
                430,
                2,
                1383,
                349,
                2,
                1408,
                267,
                2,
                1543,
                259,
                2,
                1571,
                315,
                2,
                1621,
                347,
                1
            ],
            "action": "sit down",
            "age": "elder",
            "disabled": false,
            "mask": true,
            "get_on": true,
            "get_off": false
        }
    ]
}