{
    "info": {
        "description": "AIHub Bus Passenger Dataset",
        "year": 2020,
        "version": "1.0",
        "img_path": "",
        "width": 1920,
        "height": 1080,
        "G-Sensor": "25,-16,918",
        "Gyro": "0,0,0"
    },
    "annotations": [
        {
            "id": 0,
            "bbox": [
                936,
                163,
                1170,
                610
            ],
            "occluded": true,
            "num_keypoints": 16,
            "keypoints": [
                1021,
                549,
                2,
                980,
                468,
                2,
                1007,
                401,
                2,
                1113,
                398,
                1,
                1129,
                478,
                2,
                1137,
                552,
                2,
                1055,
                400,
                1,
                1047,
                334,
                1,
                1037,
                257,
                1,
                1030,
                216,
                2,
                967,
                319,
                1,
                959,
                357,
                2,
                980,
                269,
                2,
                1094,
                252,
                2,
                1138,
                343,
                2,
                1128,
                386,
                2
            ],
            "action": "sit down",
            "age": "elder",
            "disabled": false,
            "mask": true,
            "get_on": false,
            "get_off": false
        },
        {
            "id": 1,
            "bbox": [
                1388,
                355,
                1894,
                1079
            ],
            "occluded": true,
            "num_keypoints": 16,
            "keypoints": [
                1489,
                1079,
                0,
                1489,
                933,
                0,
                1508,
                1069,
                1,
                1758,
                1069,
                1,
                1792,
                933,
                0,
                1792,
                1079,
                0,
                1633,
                1068,
                1,
                1648,
                913,
                2,
                1701,
                672,
                2,
                1696,
                579,
                2,
                1438,
                717,
                0,
                1450,
                974,
                2,
                1530,
                647,
                2,
                1858,
                738,
                2,
                1789,
                1052,
                2,
                1843,
                717,
                0
            ],
            "action": "sit down",
            "age": "adult",
            "disabled": false,
            "mask": true,
            "get_on": false,
            "get_off": false
        },
        {
            "id": 2,
            "bbox": [
                1298,
                175,
                1589,
                655
            ],
            "occluded": true,
            "num_keypoints": 16,
            "keypoints": [
                1361,
                614,
                1,
                1369,
                501,
                1,
                1399,
                424,
                2,
                1481,
                427,
                1,
                1459,
                524,
                1,
                1457,
                632,
                1,
                1439,
                424,
                2,
                1419,
                359,
                2,
                1399,
                299,
                2,
                1378,
                254,
                2,
                1354,
                451,
                1,
                1364,
                360,
                1,
                1360,
                289,
                1,
                1464,
                272,
                2,
                1576,
                341,
                2,
                1546,
                344,
                2
            ],
            "action": "sit down",
            "age": "elder",
            "disabled": false,
            "mask": true,
            "get_on": true,
            "get_off": false
        }
    ]
}