{
    "info": {
        "description": "AIHub Bus Passenger Dataset",
        "year": 2020,
        "version": "1.0",
        "img_path": "",
        "width": 1920,
        "height": 1080,
        "G-Sensor": "-18,-41,1045",
        "Gyro": "0,0,0"
    },
    "annotations": [
        {
            "id": 0,
            "bbox": [
                936,
                163,
                1170,
                610
            ],
            "occluded": true,
            "num_keypoints": 16,
            "keypoints": [
                1021,
                549,
                2,
                980,
                468,
                2,
                1007,
                402,
                2,
                1113,
                399,
                1,
                1129,
                478,
                2,
                1137,
                552,
                2,
                1055,
                401,
                1,
                1047,
                332,
                1,
                1038,
                260,
                2,
                1031,
                221,
                2,
                967,
                320,
                1,
                958,
                364,
                2,
                980,
                269,
                2,
                1094,
                252,
                2,
                1135,
                346,
                2,
                1128,
                387,
                2
            ],
            "action": "sit down",
            "age": "elder",
            "disabled": false,
            "mask": true,
            "get_on": false,
            "get_off": false
        },
        {
            "id": 1,
            "bbox": [
                1399,
                348,
                1898,
                1079
            ],
            "occluded": true,
            "num_keypoints": 16,
            "keypoints": [
                1498,
                1079,
                0,
                1498,
                932,
                0,
                1517,
                1069,
                1,
                1763,
                1069,
                1,
                1797,
                932,
                0,
                1797,
                1079,
                0,
                1657,
                1065,
                1,
                1666,
                900,
                2,
                1680,
                677,
                2,
                1658,
                563,
                2,
                1448,
                713,
                0,
                1460,
                973,
                2,
                1518,
                665,
                2,
                1845,
                697,
                2,
                1823,
                1032,
                2,
                1847,
                713,
                0
            ],
            "action": "sit down",
            "age": "adult",
            "disabled": false,
            "mask": true,
            "get_on": false,
            "get_off": false
        },
        {
            "id": 2,
            "bbox": [
                1381,
                159,
                1664,
                690
            ],
            "occluded": true,
            "num_keypoints": 16,
            "keypoints": [
                1432,
                635,
                2,
                1429,
                526,
                2,
                1470,
                392,
                1,
                1559,
                384,
                1,
                1568,
                511,
                1,
                1567,
                630,
                1,
                1518,
                387,
                2,
                1511,
                337,
                2,
                1506,
                264,
                2,
                1503,
                224,
                2,
                1463,
                369,
                1,
                1445,
                359,
                2,
                1441,
                265,
                2,
                1578,
                273,
                2,
                1592,
                332,
                2,
                1638,
                351,
                1
            ],
            "action": "sit down",
            "age": "elder",
            "disabled": false,
            "mask": true,
            "get_on": true,
            "get_off": false
        }
    ]
}