{
    "info": {
        "description": "AIHub Bus Passenger Dataset",
        "year": 2020,
        "version": "1.0",
        "img_path": "",
        "width": 1920,
        "height": 1080,
        "G-Sensor": "-20,-43,1051",
        "Gyro": "0,0,0"
    },
    "annotations": [
        {
            "id": 0,
            "bbox": [
                936,
                162,
                1170,
                610
            ],
            "occluded": true,
            "num_keypoints": 16,
            "keypoints": [
                1024,
                537,
                2,
                992,
                438,
                2,
                1007,
                400,
                2,
                1113,
                397,
                1,
                1129,
                476,
                2,
                1135,
                534,
                2,
                1055,
                399,
                1,
                1043,
                330,
                1,
                1027,
                263,
                1,
                1031,
                223,
                2,
                967,
                317,
                1,
                959,
                355,
                2,
                980,
                267,
                2,
                1094,
                250,
                2,
                1134,
                341,
                2,
                1128,
                384,
                2
            ],
            "action": "sit down",
            "age": "elder",
            "disabled": false,
            "mask": true,
            "get_on": false,
            "get_off": false
        },
        {
            "id": 1,
            "bbox": [
                1400,
                369,
                1888,
                1079
            ],
            "occluded": true,
            "num_keypoints": 16,
            "keypoints": [
                1495,
                1079,
                0,
                1495,
                934,
                0,
                1509,
                1070,
                1,
                1758,
                1076,
                1,
                1788,
                934,
                0,
                1788,
                1079,
                0,
                1650,
                1073,
                1,
                1666,
                924,
                2,
                1708,
                716,
                2,
                1702,
                580,
                2,
                1446,
                723,
                0,
                1445,
                965,
                2,
                1509,
                682,
                2,
                1856,
                727,
                2,
                1791,
                1015,
                2,
                1755,
                812,
                2
            ],
            "action": "sit down",
            "age": "adult",
            "disabled": false,
            "mask": true,
            "get_on": false,
            "get_off": false
        },
        {
            "id": 2,
            "bbox": [
                1399,
                158,
                1686,
                683
            ],
            "occluded": true,
            "num_keypoints": 16,
            "keypoints": [
                1450,
                638,
                1,
                1476,
                537,
                1,
                1499,
                404,
                2,
                1584,
                403,
                1,
                1575,
                537,
                1,
                1568,
                648,
                1,
                1543,
                403,
                1,
                1546,
                353,
                2,
                1544,
                279,
                2,
                1541,
                227,
                2,
                1461,
                401,
                1,
                1442,
                377,
                2,
                1474,
                263,
                2,
                1603,
                267,
                2,
                1629,
                351,
                1,
                1664,
                359,
                1
            ],
            "action": "sit down",
            "age": "elder",
            "disabled": false,
            "mask": true,
            "get_on": true,
            "get_off": false
        }
    ]
}