{
    "info": {
        "description": "AIHub Bus Passenger Dataset",
        "year": 2020,
        "version": "1.0",
        "img_path": "",
        "width": 1920,
        "height": 1080,
        "G-Sensor": "-2,-29,898",
        "Gyro": "0,0,0"
    },
    "annotations": [
        {
            "id": 0,
            "bbox": [
                936,
                142,
                1170,
                610
            ],
            "occluded": true,
            "num_keypoints": 16,
            "keypoints": [
                1012,
                554,
                2,
                989,
                463,
                2,
                1016,
                389,
                2,
                1115,
                392,
                1,
                1133,
                466,
                2,
                1138,
                559,
                2,
                1066,
                390,
                1,
                1063,
                322,
                2,
                1061,
                246,
                2,
                1059,
                211,
                2,
                966,
                331,
                2,
                991,
                340,
                2,
                1000,
                251,
                2,
                1128,
                247,
                2,
                1149,
                334,
                2,
                1131,
                380,
                2
            ],
            "action": "sit down",
            "age": "elder",
            "disabled": false,
            "mask": true,
            "get_on": false,
            "get_off": false
        },
        {
            "id": 1,
            "bbox": [
                1413,
                353,
                1896,
                1079
            ],
            "occluded": true,
            "num_keypoints": 16,
            "keypoints": [
                1509,
                1079,
                0,
                1509,
                933,
                0,
                1527,
                1069,
                1,
                1766,
                1069,
                1,
                1798,
                933,
                0,
                1798,
                1079,
                0,
                1663,
                1065,
                1,
                1690,
                912,
                2,
                1713,
                659,
                2,
                1769,
                585,
                2,
                1460,
                716,
                0,
                1466,
                981,
                2,
                1528,
                668,
                2,
                1876,
                722,
                2,
                1804,
                1036,
                2,
                1847,
                716,
                0
            ],
            "action": "sit down",
            "age": "adult",
            "disabled": false,
            "mask": true,
            "get_on": false,
            "get_off": false
        }
    ]
}