{
    "info": {
        "description": "AIHub Bus Passenger Dataset",
        "year": 2020,
        "version": "1.0",
        "img_path": "",
        "width": 1920,
        "height": 1080,
        "G-Sensor": "105,-53,785",
        "Gyro": "0,0,0"
    },
    "annotations": [
        {
            "id": 0,
            "bbox": [
                936,
                155,
                1170,
                610
            ],
            "occluded": true,
            "num_keypoints": 16,
            "keypoints": [
                1019,
                540,
                2,
                981,
                455,
                2,
                1004,
                390,
                1,
                1116,
                391,
                1,
                1129,
                471,
                2,
                1138,
                560,
                2,
                1051,
                394,
                1,
                1036,
                326,
                1,
                1019,
                255,
                1,
                1012,
                225,
                1,
                962,
                333,
                2,
                980,
                358,
                2,
                966,
                282,
                2,
                1083,
                242,
                2,
                1130,
                338,
                2,
                1107,
                391,
                2
            ],
            "action": "sit down",
            "age": "elder",
            "disabled": false,
            "mask": true,
            "get_on": false,
            "get_off": false
        },
        {
            "id": 1,
            "bbox": [
                1412,
                349,
                1889,
                1079
            ],
            "occluded": true,
            "num_keypoints": 16,
            "keypoints": [
                1506,
                1079,
                0,
                1506,
                932,
                0,
                1517,
                1068,
                1,
                1759,
                1071,
                1,
                1792,
                932,
                0,
                1792,
                1079,
                0,
                1642,
                1069,
                1,
                1665,
                903,
                2,
                1693,
                674,
                2,
                1730,
                573,
                2,
                1458,
                713,
                0,
                1461,
                988,
                2,
                1495,
                699,
                2,
                1868,
                716,
                2,
                1795,
                1020,
                2,
                1840,
                713,
                0
            ],
            "action": "sit down",
            "age": "adult",
            "disabled": false,
            "mask": true,
            "get_on": false,
            "get_off": false
        }
    ]
}