{
    "info": {
        "description": "AIHub Bus Passenger Dataset",
        "year": 2020,
        "version": "1.0",
        "img_path": "",
        "width": 1920,
        "height": 1080,
        "G-Sensor": "51,-16,895",
        "Gyro": "0,0,0"
    },
    "annotations": [
        {
            "id": 0,
            "bbox": [
                936,
                158,
                1170,
                610
            ],
            "occluded": true,
            "num_keypoints": 16,
            "keypoints": [
                1021,
                549,
                2,
                980,
                467,
                2,
                1007,
                400,
                2,
                1113,
                397,
                1,
                1129,
                477,
                2,
                1137,
                552,
                2,
                1055,
                399,
                1,
                1040,
                332,
                1,
                1028,
                262,
                1,
                1028,
                218,
                2,
                967,
                317,
                1,
                958,
                362,
                2,
                980,
                266,
                2,
                1094,
                249,
                2,
                1135,
                344,
                2,
                1128,
                385,
                2
            ],
            "action": "sit down",
            "age": "elder",
            "disabled": false,
            "mask": true,
            "get_on": false,
            "get_off": false
        },
        {
            "id": 1,
            "bbox": [
                1333,
                357,
                1898,
                1079
            ],
            "occluded": true,
            "num_keypoints": 16,
            "keypoints": [
                1445,
                1079,
                0,
                1445,
                934,
                0,
                1515,
                1022,
                2,
                1746,
                1069,
                1,
                1784,
                934,
                0,
                1784,
                1079,
                0,
                1599,
                1066,
                1,
                1650,
                873,
                2,
                1705,
                675,
                2,
                1676,
                557,
                2,
                1426,
                859,
                2,
                1453,
                932,
                2,
                1533,
                648,
                2,
                1871,
                745,
                2,
                1785,
                1062,
                2,
                1841,
                718,
                0
            ],
            "action": "sit down",
            "age": "adult",
            "disabled": false,
            "mask": true,
            "get_on": false,
            "get_off": false
        },
        {
            "id": 2,
            "bbox": [
                1381,
                159,
                1664,
                690
            ],
            "occluded": true,
            "num_keypoints": 16,
            "keypoints": [
                1432,
                635,
                2,
                1429,
                526,
                2,
                1470,
                392,
                1,
                1559,
                384,
                1,
                1568,
                511,
                1,
                1567,
                630,
                1,
                1518,
                387,
                2,
                1514,
                341,
                2,
                1506,
                268,
                2,
                1503,
                224,
                2,
                1470,
                374,
                1,
                1449,
                360,
                2,
                1441,
                265,
                2,
                1572,
                272,
                2,
                1584,
                329,
                2,
                1638,
                351,
                1
            ],
            "action": "sit down",
            "age": "elder",
            "disabled": false,
            "mask": true,
            "get_on": true,
            "get_off": false
        }
    ]
}