{
    "info": {
        "description": "AIHub Bus Passenger Dataset",
        "year": 2020,
        "version": "1.0",
        "img_path": "",
        "width": 1920,
        "height": 1080,
        "G-Sensor": "23,-21,963",
        "Gyro": "0,0,0"
    },
    "annotations": [
        {
            "id": 0,
            "bbox": [
                936,
                157,
                1170,
                610
            ],
            "occluded": true,
            "num_keypoints": 16,
            "keypoints": [
                1021,
                549,
                2,
                983,
                476,
                2,
                1010,
                398,
                2,
                1113,
                397,
                1,
                1129,
                477,
                2,
                1137,
                551,
                2,
                1062,
                397,
                1,
                1056,
                328,
                2,
                1044,
                254,
                2,
                1038,
                224,
                2,
                967,
                316,
                1,
                954,
                354,
                2,
                986,
                268,
                2,
                1100,
                246,
                2,
                1150,
                341,
                2,
                1128,
                385,
                2
            ],
            "action": "sit down",
            "age": "elder",
            "disabled": false,
            "mask": true,
            "get_on": false,
            "get_off": false
        },
        {
            "id": 1,
            "bbox": [
                1413,
                347,
                1885,
                1079
            ],
            "occluded": true,
            "num_keypoints": 16,
            "keypoints": [
                1507,
                1079,
                0,
                1507,
                932,
                0,
                1524,
                1069,
                1,
                1758,
                1069,
                1,
                1789,
                932,
                0,
                1789,
                1079,
                0,
                1657,
                1065,
                1,
                1683,
                898,
                2,
                1704,
                680,
                1,
                1711,
                573,
                2,
                1459,
                713,
                0,
                1470,
                973,
                2,
                1525,
                665,
                2,
                1845,
                689,
                2,
                1813,
                1020,
                2,
                1837,
                713,
                0
            ],
            "action": "sit down",
            "age": "adult",
            "disabled": false,
            "mask": true,
            "get_on": false,
            "get_off": false
        },
        {
            "id": 2,
            "bbox": [
                1308,
                79,
                1660,
                643
            ],
            "occluded": true,
            "num_keypoints": 16,
            "keypoints": [
                1388,
                586,
                2,
                1390,
                490,
                2,
                1383,
                371,
                1,
                1462,
                373,
                1,
                1458,
                470,
                1,
                1459,
                579,
                1,
                1418,
                370,
                1,
                1421,
                296,
                2,
                1422,
                214,
                2,
                1422,
                178,
                2,
                1458,
                361,
                2,
                1342,
                348,
                1,
                1330,
                202,
                1,
                1496,
                197,
                2,
                1575,
                290,
                2,
                1616,
                337,
                2
            ],
            "action": "stand",
            "age": "elder",
            "disabled": false,
            "mask": true,
            "get_on": true,
            "get_off": false
        }
    ]
}