{
    "info": {
        "description": "AIHub Bus Passenger Dataset",
        "year": 2020,
        "version": "1.0",
        "img_path": "",
        "width": 1920,
        "height": 1080,
        "G-Sensor": "-29,-104,1027",
        "Gyro": "0,0,0"
    },
    "annotations": [
        {
            "id": 0,
            "bbox": [
                934,
                150,
                1174,
                595
            ],
            "occluded": true,
            "num_keypoints": 16,
            "keypoints": [
                1022,
                534,
                2,
                985,
                449,
                2,
                1006,
                386,
                2,
                1115,
                383,
                1,
                1126,
                460,
                2,
                1138,
                519,
                2,
                1056,
                385,
                1,
                1059,
                313,
                2,
                1052,
                239,
                2,
                1039,
                203,
                2,
                965,
                303,
                1,
                949,
                361,
                2,
                1006,
                252,
                2,
                1115,
                248,
                2,
                1137,
                327,
                2,
                1130,
                370,
                2
            ],
            "action": "sit down",
            "age": "elder",
            "disabled": false,
            "mask": true,
            "get_on": false,
            "get_off": false
        },
        {
            "id": 1,
            "bbox": [
                1409,
                365,
                1884,
                1079
            ],
            "occluded": true,
            "num_keypoints": 16,
            "keypoints": [
                1501,
                1079,
                0,
                1501,
                933,
                0,
                1514,
                1069,
                1,
                1757,
                1075,
                1,
                1785,
                933,
                0,
                1785,
                1079,
                0,
                1651,
                1072,
                1,
                1667,
                915,
                2,
                1703,
                662,
                2,
                1761,
                587,
                2,
                1453,
                720,
                0,
                1452,
                964,
                2,
                1508,
                675,
                2,
                1862,
                720,
                2,
                1817,
                997,
                2,
                1777,
                801,
                0
            ],
            "action": "sit down",
            "age": "adult",
            "disabled": false,
            "mask": true,
            "get_on": false,
            "get_off": false
        },
        {
            "id": 2,
            "bbox": [
                1399,
                158,
                1686,
                683
            ],
            "occluded": true,
            "num_keypoints": 16,
            "keypoints": [
                1452,
                634,
                1,
                1504,
                516,
                1,
                1510,
                392,
                2,
                1613,
                399,
                1,
                1597,
                517,
                1,
                1580,
                645,
                1,
                1566,
                404,
                1,
                1570,
                350,
                2,
                1583,
                285,
                2,
                1596,
                234,
                2,
                1520,
                353,
                1,
                1511,
                343,
                2,
                1516,
                267,
                2,
                1630,
                277,
                2,
                1651,
                350,
                1,
                1675,
                373,
                1
            ],
            "action": "stand",
            "age": "elder",
            "disabled": false,
            "mask": true,
            "get_on": true,
            "get_off": false
        }
    ]
}