{
    "info": {
        "description": "AIHub Bus Passenger Dataset",
        "year": 2020,
        "version": "1.0",
        "img_path": "",
        "width": 1920,
        "height": 1080,
        "G-Sensor": "-20,-43,1051",
        "Gyro": "0,0,0"
    },
    "annotations": [
        {
            "id": 0,
            "bbox": [
                936,
                162,
                1170,
                610
            ],
            "occluded": true,
            "num_keypoints": 16,
            "keypoints": [
                1024,
                537,
                2,
                992,
                438,
                2,
                1007,
                400,
                2,
                1113,
                397,
                1,
                1129,
                476,
                2,
                1135,
                534,
                2,
                1055,
                399,
                1,
                1043,
                330,
                1,
                1027,
                263,
                1,
                1019,
                224,
                1,
                967,
                317,
                1,
                959,
                355,
                2,
                980,
                267,
                2,
                1094,
                250,
                2,
                1134,
                341,
                2,
                1128,
                384,
                2
            ],
            "action": "sit down",
            "age": "elder",
            "disabled": false,
            "mask": true,
            "get_on": false,
            "get_off": false
        },
        {
            "id": 1,
            "bbox": [
                1398,
                363,
                1884,
                1079
            ],
            "occluded": true,
            "num_keypoints": 16,
            "keypoints": [
                1493,
                1079,
                0,
                1493,
                933,
                0,
                1506,
                1070,
                1,
                1754,
                1076,
                1,
                1784,
                933,
                0,
                1784,
                1079,
                0,
                1647,
                1073,
                1,
                1663,
                923,
                2,
                1700,
                709,
                2,
                1698,
                576,
                2,
                1444,
                720,
                0,
                1443,
                964,
                2,
                1506,
                679,
                2,
                1852,
                724,
                2,
                1787,
                1014,
                2,
                1751,
                809,
                2
            ],
            "action": "sit down",
            "age": "adult",
            "disabled": false,
            "mask": true,
            "get_on": false,
            "get_off": false
        },
        {
            "id": 2,
            "bbox": [
                1399,
                155,
                1678,
                684
            ],
            "occluded": true,
            "num_keypoints": 16,
            "keypoints": [
                1454,
                640,
                1,
                1458,
                530,
                1,
                1489,
                408,
                2,
                1566,
                403,
                1,
                1548,
                541,
                1,
                1543,
                648,
                1,
                1524,
                408,
                1,
                1522,
                356,
                2,
                1521,
                288,
                2,
                1518,
                239,
                2,
                1456,
                387,
                1,
                1440,
                365,
                2,
                1445,
                291,
                2,
                1575,
                277,
                2,
                1630,
                338,
                1,
                1652,
                360,
                1
            ],
            "action": "sit down",
            "age": "elder",
            "disabled": false,
            "mask": true,
            "get_on": true,
            "get_off": false
        }
    ]
}