{
    "info": {
        "description": "AIHub Bus Passenger Dataset",
        "year": 2020,
        "version": "1.0",
        "img_path": "",
        "width": 1920,
        "height": 1080,
        "G-Sensor": "23,-35,959",
        "Gyro": "0,0,0"
    },
    "annotations": [
        {
            "id": 0,
            "bbox": [
                936,
                159,
                1170,
                610
            ],
            "occluded": true,
            "num_keypoints": 16,
            "keypoints": [
                1021,
                549,
                2,
                980,
                467,
                2,
                1010,
                398,
                2,
                1113,
                397,
                1,
                1129,
                477,
                2,
                1137,
                552,
                2,
                1062,
                397,
                1,
                1053,
                328,
                2,
                1042,
                261,
                2,
                1043,
                222,
                2,
                967,
                318,
                1,
                962,
                358,
                2,
                991,
                267,
                2,
                1099,
                246,
                2,
                1150,
                343,
                2,
                1128,
                386,
                2
            ],
            "action": "sit down",
            "age": "elder",
            "disabled": false,
            "mask": true,
            "get_on": false,
            "get_off": false
        },
        {
            "id": 1,
            "bbox": [
                1410,
                352,
                1885,
                1079
            ],
            "occluded": true,
            "num_keypoints": 16,
            "keypoints": [
                1504,
                1079,
                0,
                1504,
                933,
                0,
                1522,
                1069,
                1,
                1757,
                1069,
                1,
                1789,
                933,
                0,
                1789,
                1079,
                0,
                1655,
                1065,
                1,
                1682,
                899,
                2,
                1693,
                678,
                2,
                1754,
                590,
                2,
                1456,
                715,
                0,
                1468,
                973,
                2,
                1523,
                667,
                2,
                1838,
                719,
                2,
                1799,
                1014,
                2,
                1837,
                715,
                0
            ],
            "action": "sit down",
            "age": "adult",
            "disabled": false,
            "mask": true,
            "get_on": false,
            "get_off": false
        },
        {
            "id": 2,
            "bbox": [
                1371,
                156,
                1653,
                637
            ],
            "occluded": true,
            "num_keypoints": 16,
            "keypoints": [
                1423,
                597,
                2,
                1426,
                501,
                2,
                1460,
                397,
                1,
                1547,
                400,
                1,
                1544,
                494,
                1,
                1544,
                599,
                1,
                1504,
                398,
                2,
                1508,
                333,
                2,
                1506,
                270,
                2,
                1502,
                229,
                2,
                1466,
                367,
                1,
                1444,
                358,
                2,
                1443,
                259,
                2,
                1570,
                266,
                2,
                1598,
                333,
                2,
                1628,
                349,
                1
            ],
            "action": "sit down",
            "age": "elder",
            "disabled": false,
            "mask": true,
            "get_on": true,
            "get_off": false
        }
    ]
}