{
    "info": {
        "description": "AIHub Bus Passenger Dataset",
        "year": 2020,
        "version": "1.0",
        "img_path": "",
        "width": 1920,
        "height": 1080,
        "G-Sensor": "4,-23,1023",
        "Gyro": "0,0,0"
    },
    "annotations": [
        {
            "id": 0,
            "bbox": [
                936,
                162,
                1170,
                610
            ],
            "occluded": true,
            "num_keypoints": 16,
            "keypoints": [
                1021,
                549,
                2,
                980,
                468,
                2,
                1007,
                401,
                2,
                1113,
                398,
                1,
                1129,
                478,
                2,
                1137,
                552,
                2,
                1055,
                400,
                1,
                1043,
                334,
                1,
                1029,
                256,
                1,
                1030,
                216,
                2,
                967,
                319,
                1,
                958,
                364,
                2,
                980,
                269,
                2,
                1094,
                252,
                2,
                1132,
                352,
                2,
                1128,
                386,
                2
            ],
            "action": "sit down",
            "age": "elder",
            "disabled": false,
            "mask": true,
            "get_on": false,
            "get_off": false
        },
        {
            "id": 1,
            "bbox": [
                1363,
                353,
                1893,
                1079
            ],
            "occluded": true,
            "num_keypoints": 16,
            "keypoints": [
                1468,
                1079,
                0,
                1468,
                933,
                0,
                1504,
                1029,
                2,
                1750,
                1069,
                1,
                1786,
                933,
                0,
                1786,
                1079,
                0,
                1620,
                1068,
                1,
                1648,
                897,
                2,
                1690,
                671,
                2,
                1678,
                569,
                2,
                1431,
                863,
                2,
                1450,
                929,
                2,
                1521,
                639,
                2,
                1850,
                720,
                2,
                1793,
                1057,
                2,
                1839,
                716,
                0
            ],
            "action": "sit down",
            "age": "adult",
            "disabled": false,
            "mask": true,
            "get_on": false,
            "get_off": false
        },
        {
            "id": 2,
            "bbox": [
                1381,
                159,
                1664,
                690
            ],
            "occluded": true,
            "num_keypoints": 16,
            "keypoints": [
                1432,
                635,
                2,
                1429,
                526,
                2,
                1446,
                394,
                2,
                1552,
                393,
                1,
                1568,
                511,
                1,
                1567,
                630,
                1,
                1501,
                394,
                2,
                1502,
                339,
                2,
                1499,
                277,
                2,
                1496,
                239,
                2,
                1414,
                417,
                2,
                1404,
                353,
                2,
                1426,
                267,
                2,
                1563,
                271,
                2,
                1593,
                332,
                2,
                1638,
                351,
                1
            ],
            "action": "sit down",
            "age": "elder",
            "disabled": false,
            "mask": true,
            "get_on": true,
            "get_off": false
        }
    ]
}