{
    "info": {
        "description": "AIHub Bus Passenger Dataset",
        "year": 2020,
        "version": "1.0",
        "img_path": "",
        "width": 1920,
        "height": 1080,
        "G-Sensor": "96,-55,1002",
        "Gyro": "0,0,0"
    },
    "annotations": [
        {
            "id": 0,
            "bbox": [
                936,
                142,
                1170,
                610
            ],
            "occluded": true,
            "num_keypoints": 16,
            "keypoints": [
                1021,
                547,
                2,
                983,
                472,
                2,
                1004,
                395,
                2,
                1113,
                390,
                1,
                1144,
                470,
                2,
                1145,
                546,
                2,
                1056,
                395,
                1,
                1044,
                321,
                1,
                1033,
                243,
                2,
                1019,
                210,
                1,
                962,
                309,
                1,
                969,
                332,
                2,
                983,
                257,
                2,
                1093,
                240,
                2,
                1136,
                325,
                2,
                1122,
                370,
                2
            ],
            "action": "sit down",
            "age": "elder",
            "disabled": false,
            "mask": true,
            "get_on": false,
            "get_off": false
        },
        {
            "id": 1,
            "bbox": [
                1404,
                367,
                1891,
                1079
            ],
            "occluded": true,
            "num_keypoints": 16,
            "keypoints": [
                1500,
                1079,
                0,
                1500,
                935,
                0,
                1519,
                1068,
                1,
                1763,
                1073,
                1,
                1791,
                935,
                0,
                1791,
                1079,
                0,
                1653,
                1071,
                1,
                1671,
                920,
                2,
                1698,
                694,
                2,
                1748,
                594,
                2,
                1451,
                722,
                0,
                1454,
                990,
                2,
                1506,
                689,
                2,
                1867,
                734,
                2,
                1802,
                1033,
                2,
                1840,
                722,
                0
            ],
            "action": "sit down",
            "age": "adult",
            "disabled": false,
            "mask": true,
            "get_on": false,
            "get_off": false
        }
    ]
}