{
    "info": {
        "description": "AIHub Bus Passenger Dataset",
        "year": 2020,
        "version": "1.0",
        "img_path": "",
        "width": 1920,
        "height": 1080,
        "G-Sensor": "-18,-41,1043",
        "Gyro": "0,0,0"
    },
    "annotations": [
        {
            "id": 0,
            "bbox": [
                936,
                157,
                1163,
                610
            ],
            "occluded": true,
            "num_keypoints": 16,
            "keypoints": [
                1018,
                549,
                2,
                981,
                476,
                2,
                1001,
                401,
                2,
                1107,
                397,
                1,
                1123,
                477,
                2,
                1130,
                551,
                2,
                1054,
                397,
                1,
                1047,
                330,
                2,
                1040,
                255,
                2,
                1030,
                227,
                2,
                966,
                316,
                1,
                972,
                352,
                2,
                985,
                276,
                2,
                1106,
                246,
                2,
                1143,
                341,
                2,
                1122,
                385,
                2
            ],
            "action": "sit down",
            "age": "elder",
            "disabled": false,
            "mask": true,
            "get_on": false,
            "get_off": false
        },
        {
            "id": 1,
            "bbox": [
                1411,
                361,
                1890,
                1077
            ],
            "occluded": true,
            "num_keypoints": 16,
            "keypoints": [
                1506,
                1077,
                0,
                1506,
                933,
                0,
                1524,
                1067,
                1,
                1761,
                1067,
                1,
                1793,
                933,
                0,
                1793,
                1077,
                0,
                1659,
                1063,
                1,
                1685,
                899,
                2,
                1708,
                687,
                2,
                1677,
                587,
                2,
                1458,
                719,
                0,
                1469,
                973,
                2,
                1525,
                672,
                2,
                1845,
                691,
                2,
                1815,
                1008,
                2,
                1841,
                719,
                0
            ],
            "action": "sit down",
            "age": "adult",
            "disabled": false,
            "mask": true,
            "get_on": false,
            "get_off": false
        },
        {
            "id": 2,
            "bbox": [
                668,
                340,
                1083,
                974
            ],
            "occluded": true,
            "num_keypoints": 16,
            "keypoints": [
                849,
                911,
                1,
                823,
                838,
                2,
                790,
                697,
                2,
                853,
                665,
                2,
                863,
                770,
                2,
                869,
                856,
                2,
                822,
                684,
                2,
                802,
                596,
                2,
                789,
                482,
                2,
                796,
                421,
                2,
                735,
                729,
                2,
                690,
                626,
                2,
                699,
                492,
                1,
                843,
                453,
                2,
                910,
                505,
                2,
                1014,
                495,
                2
            ],
            "action": "walk",
            "age": "elder",
            "disabled": false,
            "mask": true,
            "get_on": true,
            "get_off": false
        }
    ]
}