{
    "info": {
        "description": "AIHub Bus Passenger Dataset",
        "year": 2020,
        "version": "1.0",
        "img_path": "",
        "width": 1920,
        "height": 1080,
        "G-Sensor": "10,-23,1010",
        "Gyro": "0,0,0"
    },
    "annotations": [
        {
            "id": 0,
            "bbox": [
                936,
                159,
                1170,
                610
            ],
            "occluded": true,
            "num_keypoints": 16,
            "keypoints": [
                1021,
                548,
                2,
                992,
                437,
                2,
                1007,
                399,
                1,
                1113,
                396,
                1,
                1137,
                474,
                1,
                1137,
                551,
                1,
                1055,
                398,
                1,
                1047,
                331,
                1,
                1037,
                253,
                1,
                1030,
                212,
                2,
                967,
                316,
                1,
                959,
                354,
                2,
                980,
                265,
                2,
                1094,
                248,
                1,
                1134,
                340,
                1,
                1128,
                383,
                1
            ],
            "action": "sit down",
            "age": "elder",
            "disabled": false,
            "mask": true,
            "get_on": false,
            "get_off": false
        },
        {
            "id": 1,
            "bbox": [
                1388,
                354,
                1896,
                1079
            ],
            "occluded": true,
            "num_keypoints": 16,
            "keypoints": [
                1489,
                1079,
                0,
                1489,
                933,
                0,
                1508,
                1069,
                1,
                1759,
                1069,
                1,
                1793,
                933,
                0,
                1793,
                1079,
                0,
                1631,
                1070,
                1,
                1655,
                925,
                2,
                1691,
                667,
                2,
                1698,
                560,
                2,
                1438,
                716,
                0,
                1449,
                975,
                2,
                1528,
                645,
                2,
                1864,
                744,
                2,
                1799,
                1039,
                2,
                1844,
                716,
                0
            ],
            "action": "sit down",
            "age": "adult",
            "disabled": false,
            "mask": true,
            "get_on": false,
            "get_off": false
        },
        {
            "id": 2,
            "bbox": [
                750,
                91,
                1519,
                846
            ],
            "occluded": true,
            "num_keypoints": 16,
            "keypoints": [
                1208,
                770,
                2,
                1185,
                665,
                2,
                1142,
                502,
                2,
                1262,
                491,
                2,
                1311,
                623,
                2,
                1338,
                698,
                2,
                1204,
                508,
                2,
                1169,
                420,
                2,
                1138,
                272,
                2,
                1113,
                209,
                2,
                801,
                499,
                2,
                926,
                423,
                2,
                1024,
                305,
                2,
                1232,
                259,
                2,
                1360,
                339,
                1,
                1432,
                364,
                2
            ],
            "action": "stand",
            "age": "elder",
            "disabled": false,
            "mask": true,
            "get_on": true,
            "get_off": false
        }
    ]
}