{
    "info": {
        "description": "AIHub Bus Passenger Dataset",
        "year": 2020,
        "version": "1.0",
        "img_path": "",
        "width": 1920,
        "height": 1080,
        "G-Sensor": "-41,31,1174",
        "Gyro": "0,0,0"
    },
    "annotations": [
        {
            "id": 0,
            "bbox": [
                936,
                152,
                1170,
                610
            ],
            "occluded": true,
            "num_keypoints": 16,
            "keypoints": [
                1021,
                548,
                2,
                983,
                474,
                2,
                1004,
                399,
                2,
                1113,
                394,
                1,
                1144,
                472,
                2,
                1145,
                547,
                2,
                1056,
                399,
                1,
                1037,
                328,
                1,
                1020,
                252,
                1,
                1009,
                209,
                1,
                971,
                320,
                1,
                965,
                349,
                2,
                970,
                282,
                2,
                1095,
                248,
                2,
                1136,
                331,
                2,
                1122,
                375,
                2
            ],
            "action": "sit down",
            "age": "elder",
            "disabled": false,
            "mask": true,
            "get_on": false,
            "get_off": false
        },
        {
            "id": 1,
            "bbox": [
                1413,
                345,
                1890,
                1078
            ],
            "occluded": true,
            "num_keypoints": 16,
            "keypoints": [
                1508,
                1078,
                0,
                1508,
                930,
                0,
                1526,
                1067,
                1,
                1766,
                1072,
                1,
                1793,
                930,
                0,
                1793,
                1078,
                0,
                1658,
                1070,
                1,
                1675,
                915,
                2,
                1698,
                685,
                2,
                1751,
                579,
                2,
                1460,
                711,
                0,
                1463,
                987,
                2,
                1527,
                663,
                2,
                1864,
                706,
                2,
                1797,
                1033,
                2,
                1841,
                711,
                0
            ],
            "action": "sit down",
            "age": "adult",
            "disabled": false,
            "mask": true,
            "get_on": false,
            "get_off": false
        }
    ]
}