{
    "info": {
        "description": "AIHub Bus Passenger Dataset",
        "year": 2020,
        "version": "1.0",
        "img_path": "",
        "width": 1920,
        "height": 1080,
        "G-Sensor": "180,-6,838",
        "Gyro": "0,0,0"
    },
    "annotations": [
        {
            "id": 0,
            "bbox": [
                936,
                145,
                1170,
                610
            ],
            "occluded": true,
            "num_keypoints": 16,
            "keypoints": [
                1021,
                547,
                2,
                983,
                472,
                2,
                1004,
                396,
                2,
                1113,
                391,
                1,
                1144,
                470,
                2,
                1145,
                546,
                2,
                1056,
                396,
                1,
                1048,
                318,
                2,
                1033,
                247,
                2,
                1023,
                213,
                2,
                962,
                310,
                1,
                965,
                345,
                2,
                984,
                257,
                2,
                1093,
                242,
                2,
                1136,
                326,
                2,
                1121,
                376,
                2
            ],
            "action": "sit down",
            "age": "elder",
            "disabled": false,
            "mask": true,
            "get_on": false,
            "get_off": false
        },
        {
            "id": 1,
            "bbox": [
                1404,
                374,
                1891,
                1079
            ],
            "occluded": true,
            "num_keypoints": 16,
            "keypoints": [
                1500,
                1079,
                0,
                1500,
                936,
                0,
                1519,
                1068,
                1,
                1763,
                1073,
                1,
                1791,
                936,
                0,
                1791,
                1079,
                0,
                1653,
                1071,
                1,
                1671,
                921,
                2,
                1694,
                710,
                2,
                1760,
                608,
                2,
                1451,
                725,
                0,
                1454,
                990,
                2,
                1506,
                692,
                2,
                1866,
                726,
                2,
                1802,
                1033,
                2,
                1840,
                725,
                0
            ],
            "action": "sit down",
            "age": "adult",
            "disabled": false,
            "mask": true,
            "get_on": false,
            "get_off": false
        },
        {
            "id": 2,
            "bbox": [
                51,
                660,
                271,
                1077
            ],
            "occluded": true,
            "num_keypoints": 16,
            "keypoints": [
                228,
                1052,
                1,
                206,
                977,
                1,
                185,
                903,
                1,
                229,
                854,
                1,
                258,
                943,
                1,
                254,
                1030,
                1,
                208,
                875,
                1,
                173,
                821,
                2,
                129,
                759,
                2,
                110,
                713,
                2,
                160,
                937,
                1,
                123,
                873,
                1,
                91,
                788,
                2,
                151,
                728,
                2,
                197,
                774,
                2,
                243,
                793,
                2
            ],
            "action": "walk",
            "age": "elder",
            "disabled": false,
            "mask": true,
            "get_on": true,
            "get_off": false
        }
    ]
}