{
    "info": {
        "description": "AIHub Bus Passenger Dataset",
        "year": 2020,
        "version": "1.0",
        "img_path": "",
        "width": 1920,
        "height": 1080,
        "G-Sensor": "6,-31,992",
        "Gyro": "0,0,0"
    },
    "annotations": [
        {
            "id": 0,
            "bbox": [
                936,
                162,
                1170,
                610
            ],
            "occluded": true,
            "num_keypoints": 16,
            "keypoints": [
                1021,
                549,
                2,
                980,
                468,
                2,
                1007,
                401,
                2,
                1113,
                398,
                1,
                1129,
                478,
                2,
                1137,
                552,
                2,
                1055,
                400,
                1,
                1043,
                334,
                1,
                1036,
                254,
                1,
                1030,
                216,
                2,
                967,
                319,
                1,
                959,
                357,
                2,
                980,
                269,
                2,
                1094,
                252,
                2,
                1132,
                352,
                2,
                1128,
                386,
                2
            ],
            "action": "sit down",
            "age": "elder",
            "disabled": false,
            "mask": true,
            "get_on": false,
            "get_off": false
        },
        {
            "id": 1,
            "bbox": [
                1381,
                347,
                1898,
                1079
            ],
            "occluded": true,
            "num_keypoints": 16,
            "keypoints": [
                1484,
                1079,
                0,
                1484,
                932,
                0,
                1503,
                1069,
                1,
                1759,
                1069,
                1,
                1793,
                932,
                0,
                1793,
                1079,
                0,
                1633,
                1074,
                1,
                1634,
                912,
                2,
                1700,
                668,
                2,
                1699,
                570,
                2,
                1432,
                713,
                0,
                1444,
                973,
                2,
                1515,
                643,
                2,
                1859,
                733,
                2,
                1786,
                1063,
                2,
                1845,
                713,
                0
            ],
            "action": "sit down",
            "age": "adult",
            "disabled": false,
            "mask": true,
            "get_on": false,
            "get_off": false
        },
        {
            "id": 2,
            "bbox": [
                1332,
                152,
                1571,
                678
            ],
            "occluded": true,
            "num_keypoints": 16,
            "keypoints": [
                1428,
                626,
                2,
                1434,
                513,
                2,
                1428,
                420,
                2,
                1497,
                421,
                1,
                1494,
                511,
                1,
                1486,
                626,
                1,
                1460,
                422,
                2,
                1463,
                335,
                1,
                1459,
                263,
                2,
                1457,
                228,
                2,
                1423,
                465,
                2,
                1386,
                377,
                2,
                1402,
                258,
                2,
                1536,
                258,
                2,
                1550,
                348,
                2,
                1528,
                350,
                1
            ],
            "action": "sit down",
            "age": "elder",
            "disabled": false,
            "mask": true,
            "get_on": true,
            "get_off": false
        }
    ]
}