{
    "info": {
        "description": "AIHub Bus Passenger Dataset",
        "year": 2020,
        "version": "1.0",
        "img_path": "",
        "width": 1920,
        "height": 1080,
        "G-Sensor": "-14,-45,1031",
        "Gyro": "0,0,0"
    },
    "annotations": [
        {
            "id": 0,
            "bbox": [
                936,
                158,
                1170,
                610
            ],
            "occluded": true,
            "num_keypoints": 16,
            "keypoints": [
                1021,
                549,
                2,
                983,
                476,
                2,
                1010,
                398,
                2,
                1113,
                397,
                1,
                1129,
                477,
                2,
                1137,
                552,
                2,
                1062,
                397,
                1,
                1051,
                330,
                2,
                1033,
                257,
                2,
                1033,
                228,
                2,
                967,
                317,
                1,
                965,
                356,
                2,
                987,
                276,
                2,
                1102,
                249,
                2,
                1150,
                342,
                2,
                1128,
                385,
                2
            ],
            "action": "sit down",
            "age": "elder",
            "disabled": false,
            "mask": true,
            "get_on": false,
            "get_off": false
        },
        {
            "id": 1,
            "bbox": [
                1413,
                347,
                1888,
                1079
            ],
            "occluded": true,
            "num_keypoints": 16,
            "keypoints": [
                1507,
                1079,
                0,
                1507,
                932,
                0,
                1525,
                1069,
                1,
                1760,
                1069,
                1,
                1792,
                932,
                0,
                1792,
                1079,
                0,
                1658,
                1065,
                1,
                1685,
                898,
                2,
                1706,
                682,
                1,
                1713,
                574,
                2,
                1459,
                713,
                0,
                1471,
                973,
                2,
                1526,
                665,
                2,
                1844,
                690,
                2,
                1805,
                990,
                2,
                1840,
                713,
                0
            ],
            "action": "sit down",
            "age": "adult",
            "disabled": false,
            "mask": true,
            "get_on": false,
            "get_off": false
        },
        {
            "id": 2,
            "bbox": [
                1302,
                26,
                1634,
                745
            ],
            "occluded": true,
            "num_keypoints": 16,
            "keypoints": [
                1361,
                687,
                1,
                1376,
                577,
                1,
                1393,
                402,
                2,
                1449,
                389,
                2,
                1477,
                498,
                1,
                1422,
                589,
                2,
                1431,
                393,
                2,
                1429,
                262,
                2,
                1424,
                185,
                2,
                1419,
                125,
                2,
                1454,
                361,
                2,
                1344,
                326,
                1,
                1337,
                170,
                1,
                1478,
                158,
                2,
                1529,
                269,
                2,
                1583,
                318,
                2
            ],
            "action": "walk",
            "age": "elder",
            "disabled": false,
            "mask": true,
            "get_on": true,
            "get_off": false
        }
    ]
}