{
    "info": {
        "description": "AIHub Bus Passenger Dataset",
        "year": 2020,
        "version": "1.0",
        "img_path": "",
        "width": 1920,
        "height": 1080,
        "G-Sensor": "72,-37,863",
        "Gyro": "0,0,0"
    },
    "annotations": [
        {
            "id": 0,
            "bbox": [
                936,
                158,
                1170,
                610
            ],
            "occluded": true,
            "num_keypoints": 16,
            "keypoints": [
                1021,
                549,
                2,
                980,
                467,
                2,
                1010,
                398,
                2,
                1113,
                397,
                1,
                1129,
                477,
                2,
                1137,
                552,
                2,
                1062,
                397,
                1,
                1053,
                327,
                2,
                1042,
                260,
                2,
                1039,
                221,
                2,
                967,
                317,
                1,
                966,
                361,
                2,
                988,
                270,
                2,
                1099,
                248,
                2,
                1150,
                342,
                2,
                1128,
                385,
                2
            ],
            "action": "sit down",
            "age": "elder",
            "disabled": false,
            "mask": true,
            "get_on": false,
            "get_off": false
        },
        {
            "id": 1,
            "bbox": [
                1413,
                347,
                1890,
                1079
            ],
            "occluded": true,
            "num_keypoints": 16,
            "keypoints": [
                1508,
                1079,
                0,
                1508,
                932,
                0,
                1526,
                1069,
                1,
                1761,
                1069,
                1,
                1793,
                932,
                0,
                1793,
                1079,
                0,
                1659,
                1065,
                1,
                1686,
                898,
                2,
                1709,
                673,
                1,
                1713,
                579,
                2,
                1460,
                713,
                0,
                1471,
                973,
                2,
                1527,
                665,
                2,
                1841,
                687,
                2,
                1804,
                1017,
                2,
                1841,
                713,
                0
            ],
            "action": "sit down",
            "age": "adult",
            "disabled": false,
            "mask": true,
            "get_on": false,
            "get_off": false
        },
        {
            "id": 2,
            "bbox": [
                1368,
                142,
                1647,
                642
            ],
            "occluded": true,
            "num_keypoints": 16,
            "keypoints": [
                1404,
                592,
                2,
                1442,
                483,
                2,
                1456,
                404,
                2,
                1525,
                399,
                2,
                1501,
                489,
                1,
                1499,
                597,
                1,
                1492,
                404,
                2,
                1484,
                332,
                2,
                1470,
                269,
                2,
                1461,
                231,
                2,
                1462,
                370,
                1,
                1412,
                390,
                2,
                1390,
                274,
                2,
                1532,
                246,
                2,
                1589,
                317,
                2,
                1628,
                345,
                1
            ],
            "action": "stand",
            "age": "elder",
            "disabled": false,
            "mask": true,
            "get_on": true,
            "get_off": false
        }
    ]
}