{
    "info": {
        "description": "AIHub Bus Passenger Dataset",
        "year": 2020,
        "version": "1.0",
        "img_path": "",
        "width": 1920,
        "height": 1080,
        "G-Sensor": "-2,-47,1023",
        "Gyro": "0,0,0"
    },
    "annotations": [
        {
            "id": 0,
            "bbox": [
                936,
                163,
                1170,
                610
            ],
            "occluded": true,
            "num_keypoints": 16,
            "keypoints": [
                1021,
                549,
                2,
                980,
                468,
                2,
                1007,
                401,
                2,
                1113,
                398,
                1,
                1129,
                478,
                2,
                1137,
                552,
                2,
                1055,
                400,
                1,
                1047,
                334,
                1,
                1037,
                257,
                1,
                1030,
                216,
                2,
                967,
                319,
                1,
                959,
                357,
                2,
                980,
                269,
                2,
                1094,
                252,
                2,
                1138,
                343,
                2,
                1128,
                386,
                2
            ],
            "action": "sit down",
            "age": "elder",
            "disabled": false,
            "mask": true,
            "get_on": false,
            "get_off": false
        },
        {
            "id": 1,
            "bbox": [
                1390,
                349,
                1896,
                1079
            ],
            "occluded": true,
            "num_keypoints": 16,
            "keypoints": [
                1491,
                1079,
                0,
                1491,
                932,
                0,
                1510,
                1069,
                1,
                1760,
                1069,
                1,
                1794,
                932,
                0,
                1794,
                1079,
                0,
                1644,
                1073,
                1,
                1648,
                910,
                2,
                1703,
                669,
                2,
                1705,
                573,
                2,
                1440,
                714,
                0,
                1454,
                927,
                2,
                1524,
                649,
                2,
                1854,
                717,
                2,
                1785,
                1062,
                2,
                1845,
                714,
                0
            ],
            "action": "sit down",
            "age": "adult",
            "disabled": false,
            "mask": true,
            "get_on": false,
            "get_off": false
        },
        {
            "id": 2,
            "bbox": [
                1335,
                152,
                1571,
                648
            ],
            "occluded": true,
            "num_keypoints": 16,
            "keypoints": [
                1410,
                602,
                2,
                1420,
                479,
                2,
                1432,
                401,
                2,
                1511,
                409,
                1,
                1486,
                489,
                1,
                1481,
                605,
                1,
                1471,
                405,
                2,
                1475,
                344,
                1,
                1479,
                266,
                2,
                1478,
                226,
                2,
                1429,
                261,
                2,
                1384,
                345,
                2,
                1422,
                254,
                1,
                1546,
                264,
                2,
                1553,
                340,
                2,
                1541,
                347,
                2
            ],
            "action": "sit down",
            "age": "elder",
            "disabled": false,
            "mask": true,
            "get_on": true,
            "get_off": false
        }
    ]
}