{
    "info": {
        "description": "AIHub Bus Passenger Dataset",
        "year": 2020,
        "version": "1.0",
        "img_path": "",
        "width": 1920,
        "height": 1080,
        "G-Sensor": "63,-31,893",
        "Gyro": "0,0,0"
    },
    "annotations": [
        {
            "id": 0,
            "bbox": [
                936,
                157,
                1170,
                610
            ],
            "occluded": true,
            "num_keypoints": 16,
            "keypoints": [
                1021,
                549,
                2,
                983,
                476,
                2,
                1004,
                401,
                2,
                1113,
                397,
                1,
                1129,
                477,
                2,
                1137,
                551,
                2,
                1062,
                397,
                1,
                1051,
                330,
                2,
                1040,
                254,
                2,
                1033,
                227,
                2,
                967,
                316,
                1,
                966,
                361,
                2,
                987,
                276,
                2,
                1099,
                246,
                2,
                1150,
                341,
                2,
                1128,
                385,
                2
            ],
            "action": "sit down",
            "age": "elder",
            "disabled": false,
            "mask": true,
            "get_on": false,
            "get_off": false
        },
        {
            "id": 1,
            "bbox": [
                1413,
                347,
                1886,
                1079
            ],
            "occluded": true,
            "num_keypoints": 16,
            "keypoints": [
                1507,
                1079,
                0,
                1507,
                932,
                0,
                1525,
                1069,
                1,
                1758,
                1069,
                1,
                1790,
                932,
                0,
                1790,
                1079,
                0,
                1657,
                1065,
                1,
                1684,
                898,
                2,
                1702,
                675,
                1,
                1692,
                577,
                2,
                1459,
                713,
                0,
                1470,
                973,
                2,
                1526,
                665,
                2,
                1851,
                689,
                2,
                1803,
                1018,
                2,
                1838,
                713,
                0
            ],
            "action": "sit down",
            "age": "adult",
            "disabled": false,
            "mask": true,
            "get_on": false,
            "get_off": false
        },
        {
            "id": 2,
            "bbox": [
                659,
                314,
                1084,
                930
            ],
            "occluded": true,
            "num_keypoints": 16,
            "keypoints": [
                962,
                876,
                2,
                911,
                744,
                2,
                769,
                670,
                2,
                861,
                632,
                2,
                862,
                748,
                1,
                856,
                856,
                2,
                818,
                652,
                1,
                804,
                571,
                2,
                792,
                448,
                2,
                793,
                399,
                2,
                860,
                665,
                2,
                736,
                628,
                2,
                693,
                470,
                1,
                839,
                427,
                2,
                916,
                488,
                2,
                1005,
                494,
                2
            ],
            "action": "walk",
            "age": "elder",
            "disabled": false,
            "mask": true,
            "get_on": true,
            "get_off": false
        }
    ]
}