{
    "info": {
        "description": "AIHub Bus Passenger Dataset",
        "year": 2020,
        "version": "1.0",
        "img_path": "",
        "width": 1920,
        "height": 1080,
        "G-Sensor": "96,-55,1002",
        "Gyro": "0,0,0"
    },
    "annotations": [
        {
            "id": 0,
            "bbox": [
                936,
                149,
                1170,
                610
            ],
            "occluded": true,
            "num_keypoints": 16,
            "keypoints": [
                1021,
                547,
                2,
                983,
                474,
                2,
                1004,
                398,
                2,
                1113,
                393,
                1,
                1144,
                472,
                2,
                1145,
                546,
                2,
                1056,
                398,
                1,
                1041,
                330,
                1,
                1026,
                259,
                1,
                1015,
                214,
                1,
                962,
                313,
                1,
                965,
                341,
                2,
                974,
                263,
                2,
                1093,
                245,
                2,
                1136,
                329,
                2,
                1122,
                373,
                2
            ],
            "action": "sit down",
            "age": "elder",
            "disabled": false,
            "mask": true,
            "get_on": false,
            "get_off": false
        },
        {
            "id": 1,
            "bbox": [
                1400,
                367,
                1887,
                1079
            ],
            "occluded": true,
            "num_keypoints": 16,
            "keypoints": [
                1496,
                1079,
                0,
                1496,
                935,
                0,
                1515,
                1068,
                1,
                1759,
                1073,
                1,
                1787,
                935,
                0,
                1787,
                1079,
                0,
                1649,
                1071,
                1,
                1667,
                920,
                2,
                1690,
                699,
                2,
                1744,
                594,
                2,
                1447,
                722,
                0,
                1450,
                990,
                2,
                1502,
                689,
                2,
                1863,
                734,
                2,
                1798,
                1033,
                2,
                1836,
                722,
                0
            ],
            "action": "sit down",
            "age": "adult",
            "disabled": false,
            "mask": true,
            "get_on": false,
            "get_off": false
        }
    ]
}