{
    "info": {
        "description": "AIHub Bus Passenger Dataset",
        "year": 2020,
        "version": "1.0",
        "img_path": "",
        "width": 1920,
        "height": 1080,
        "G-Sensor": "-14,-45,1031",
        "Gyro": "0,0,0"
    },
    "annotations": [
        {
            "id": 0,
            "bbox": [
                936,
                152,
                1170,
                610
            ],
            "occluded": true,
            "num_keypoints": 16,
            "keypoints": [
                1021,
                548,
                2,
                983,
                474,
                2,
                1010,
                395,
                2,
                1113,
                394,
                1,
                1129,
                475,
                2,
                1137,
                551,
                2,
                1062,
                394,
                1,
                1051,
                327,
                2,
                1042,
                256,
                2,
                1033,
                223,
                2,
                967,
                313,
                1,
                965,
                353,
                2,
                987,
                272,
                2,
                1100,
                246,
                2,
                1150,
                338,
                2,
                1128,
                382,
                2
            ],
            "action": "sit down",
            "age": "elder",
            "disabled": false,
            "mask": true,
            "get_on": false,
            "get_off": false
        },
        {
            "id": 1,
            "bbox": [
                1413,
                347,
                1886,
                1079
            ],
            "occluded": true,
            "num_keypoints": 16,
            "keypoints": [
                1507,
                1079,
                0,
                1507,
                932,
                0,
                1525,
                1069,
                1,
                1758,
                1069,
                1,
                1790,
                932,
                0,
                1790,
                1079,
                0,
                1654,
                1069,
                1,
                1684,
                898,
                2,
                1705,
                668,
                2,
                1724,
                575,
                2,
                1459,
                713,
                0,
                1470,
                973,
                2,
                1526,
                665,
                2,
                1848,
                697,
                2,
                1805,
                1023,
                2,
                1838,
                713,
                0
            ],
            "action": "sit down",
            "age": "adult",
            "disabled": false,
            "mask": true,
            "get_on": false,
            "get_off": false
        },
        {
            "id": 2,
            "bbox": [
                1176,
                30,
                1530,
                767
            ],
            "occluded": true,
            "num_keypoints": 16,
            "keypoints": [
                1348,
                669,
                1,
                1356,
                542,
                1,
                1349,
                444,
                1,
                1376,
                429,
                1,
                1440,
                513,
                2,
                1388,
                621,
                2,
                1363,
                436,
                1,
                1351,
                301,
                1,
                1383,
                175,
                2,
                1400,
                121,
                2,
                1464,
                371,
                2,
                1387,
                363,
                2,
                1372,
                218,
                2,
                1340,
                182,
                1,
                1463,
                296,
                2,
                1457,
                256,
                2
            ],
            "action": "walk",
            "age": "elder",
            "disabled": false,
            "mask": true,
            "get_on": true,
            "get_off": false
        }
    ]
}