{
    "info": {
        "description": "AIHub Bus Passenger Dataset",
        "year": 2020,
        "version": "1.0",
        "img_path": "",
        "width": 1920,
        "height": 1080,
        "G-Sensor": "90,-39,932",
        "Gyro": "0,0,0"
    },
    "annotations": [
        {
            "id": 0,
            "bbox": [
                936,
                152,
                1170,
                610
            ],
            "occluded": true,
            "num_keypoints": 16,
            "keypoints": [
                1021,
                548,
                2,
                983,
                474,
                2,
                1004,
                399,
                2,
                1113,
                394,
                1,
                1144,
                472,
                2,
                1145,
                547,
                2,
                1056,
                399,
                1,
                1051,
                324,
                2,
                1039,
                256,
                2,
                1032,
                224,
                2,
                967,
                313,
                1,
                964,
                351,
                2,
                985,
                271,
                2,
                1104,
                253,
                2,
                1145,
                342,
                2,
                1121,
                388,
                2
            ],
            "action": "sit down",
            "age": "elder",
            "disabled": false,
            "mask": true,
            "get_on": false,
            "get_off": false
        },
        {
            "id": 1,
            "bbox": [
                1405,
                359,
                1888,
                1078
            ],
            "occluded": true,
            "num_keypoints": 16,
            "keypoints": [
                1500,
                1078,
                0,
                1500,
                932,
                0,
                1519,
                1066,
                1,
                1761,
                1071,
                1,
                1788,
                932,
                0,
                1788,
                1078,
                0,
                1651,
                1069,
                1,
                1669,
                917,
                2,
                1695,
                687,
                2,
                1729,
                603,
                2,
                1451,
                717,
                0,
                1454,
                988,
                2,
                1508,
                700,
                2,
                1849,
                721,
                2,
                1799,
                1031,
                2,
                1837,
                717,
                0
            ],
            "action": "sit down",
            "age": "adult",
            "disabled": false,
            "mask": true,
            "get_on": false,
            "get_off": false
        },
        {
            "id": 2,
            "bbox": [
                277,
                539,
                501,
                1049
            ],
            "occluded": true,
            "num_keypoints": 16,
            "keypoints": [
                456,
                1021,
                1,
                415,
                920,
                1,
                358,
                808,
                1,
                420,
                779,
                1,
                440,
                893,
                1,
                414,
                1011,
                1,
                395,
                800,
                1,
                372,
                704,
                2,
                355,
                639,
                2,
                358,
                605,
                2,
                381,
                793,
                1,
                326,
                757,
                2,
                312,
                666,
                2,
                394,
                606,
                1,
                435,
                669,
                1,
                486,
                692,
                1
            ],
            "action": "walk",
            "age": "elder",
            "disabled": false,
            "mask": true,
            "get_on": true,
            "get_off": false
        }
    ]
}