{
    "info": {
        "description": "AIHub Bus Passenger Dataset",
        "year": 2020,
        "version": "1.0",
        "img_path": "",
        "width": 1920,
        "height": 1080,
        "G-Sensor": "-2,-29,898",
        "Gyro": "0,0,0"
    },
    "annotations": [
        {
            "id": 0,
            "bbox": [
                937,
                143,
                1171,
                610
            ],
            "occluded": true,
            "num_keypoints": 16,
            "keypoints": [
                1013,
                544,
                2,
                983,
                462,
                2,
                1017,
                389,
                2,
                1116,
                392,
                1,
                1140,
                465,
                2,
                1135,
                556,
                2,
                1067,
                390,
                1,
                1064,
                322,
                2,
                1062,
                246,
                2,
                1060,
                211,
                2,
                984,
                334,
                1,
                1005,
                331,
                2,
                1006,
                253,
                2,
                1129,
                247,
                2,
                1150,
                334,
                2,
                1132,
                380,
                2
            ],
            "action": "sit down",
            "age": "elder",
            "disabled": false,
            "mask": true,
            "get_on": false,
            "get_off": false
        },
        {
            "id": 1,
            "bbox": [
                1413,
                346,
                1892,
                1079
            ],
            "occluded": true,
            "num_keypoints": 16,
            "keypoints": [
                1508,
                1079,
                0,
                1508,
                931,
                0,
                1525,
                1071,
                1,
                1771,
                1074,
                1,
                1795,
                931,
                0,
                1795,
                1079,
                0,
                1656,
                1072,
                1,
                1687,
                897,
                2,
                1712,
                672,
                2,
                1762,
                582,
                2,
                1460,
                712,
                0,
                1466,
                992,
                2,
                1527,
                664,
                2,
                1865,
                697,
                2,
                1809,
                1020,
                2,
                1843,
                712,
                0
            ],
            "action": "sit down",
            "age": "adult",
            "disabled": false,
            "mask": true,
            "get_on": false,
            "get_off": false
        }
    ]
}