{
    "info": {
        "description": "AIHub Bus Passenger Dataset",
        "year": 2020,
        "version": "1.0",
        "img_path": "",
        "width": 1920,
        "height": 1080,
        "G-Sensor": "61,-20,898",
        "Gyro": "0,0,0"
    },
    "annotations": [
        {
            "id": 0,
            "bbox": [
                936,
                154,
                1170,
                610
            ],
            "occluded": true,
            "num_keypoints": 16,
            "keypoints": [
                1021,
                548,
                2,
                983,
                475,
                2,
                1010,
                396,
                2,
                1113,
                395,
                1,
                1129,
                476,
                2,
                1137,
                551,
                2,
                1062,
                395,
                1,
                1051,
                328,
                2,
                1043,
                254,
                2,
                1030,
                225,
                2,
                967,
                314,
                1,
                965,
                354,
                2,
                987,
                273,
                2,
                1098,
                249,
                2,
                1150,
                340,
                1,
                1128,
                383,
                1
            ],
            "action": "sit down",
            "age": "elder",
            "disabled": false,
            "mask": true,
            "get_on": false,
            "get_off": false
        },
        {
            "id": 1,
            "bbox": [
                1413,
                347,
                1891,
                1079
            ],
            "occluded": true,
            "num_keypoints": 16,
            "keypoints": [
                1508,
                1079,
                0,
                1508,
                932,
                0,
                1526,
                1069,
                1,
                1762,
                1069,
                1,
                1794,
                932,
                0,
                1794,
                1079,
                0,
                1660,
                1065,
                1,
                1686,
                898,
                2,
                1698,
                674,
                1,
                1696,
                578,
                2,
                1460,
                713,
                0,
                1471,
                973,
                2,
                1527,
                665,
                2,
                1834,
                682,
                2,
                1808,
                1010,
                2,
                1842,
                713,
                0
            ],
            "action": "sit down",
            "age": "adult",
            "disabled": false,
            "mask": true,
            "get_on": false,
            "get_off": false
        },
        {
            "id": 2,
            "bbox": [
                1175,
                41,
                1529,
                767
            ],
            "occluded": true,
            "num_keypoints": 16,
            "keypoints": [
                1356,
                712,
                1,
                1353,
                558,
                1,
                1313,
                431,
                2,
                1289,
                420,
                2,
                1287,
                537,
                2,
                1253,
                684,
                2,
                1299,
                427,
                2,
                1321,
                312,
                2,
                1339,
                176,
                1,
                1356,
                126,
                2,
                1463,
                377,
                2,
                1386,
                370,
                2,
                1374,
                237,
                2,
                1284,
                171,
                2,
                1352,
                320,
                1,
                1397,
                259,
                1
            ],
            "action": "walk",
            "age": "elder",
            "disabled": false,
            "mask": true,
            "get_on": true,
            "get_off": false
        }
    ]
}