{
    "info": {
        "description": "AIHub Bus Passenger Dataset",
        "year": 2020,
        "version": "1.0",
        "img_path": "",
        "width": 1920,
        "height": 1080,
        "G-Sensor": "-41,31,1174",
        "Gyro": "0,0,0"
    },
    "annotations": [
        {
            "id": 0,
            "bbox": [
                936,
                151,
                1170,
                610
            ],
            "occluded": true,
            "num_keypoints": 16,
            "keypoints": [
                1021,
                548,
                2,
                976,
                463,
                2,
                1016,
                400,
                2,
                1120,
                398,
                1,
                1144,
                472,
                2,
                1140,
                554,
                2,
                1065,
                400,
                1,
                1054,
                328,
                2,
                1040,
                259,
                2,
                1034,
                217,
                2,
                971,
                319,
                1,
                969,
                342,
                2,
                989,
                260,
                2,
                1108,
                250,
                2,
                1151,
                329,
                2,
                1133,
                380,
                2
            ],
            "action": "sit down",
            "age": "elder",
            "disabled": false,
            "mask": true,
            "get_on": false,
            "get_off": false
        },
        {
            "id": 1,
            "bbox": [
                1413,
                349,
                1892,
                1079
            ],
            "occluded": true,
            "num_keypoints": 16,
            "keypoints": [
                1508,
                1079,
                0,
                1508,
                932,
                0,
                1526,
                1069,
                1,
                1771,
                1071,
                1,
                1795,
                932,
                0,
                1795,
                1079,
                0,
                1656,
                1071,
                1,
                1687,
                898,
                2,
                1701,
                686,
                2,
                1738,
                580,
                2,
                1460,
                714,
                0,
                1462,
                1002,
                2,
                1521,
                673,
                2,
                1853,
                684,
                2,
                1808,
                1036,
                2,
                1843,
                714,
                0
            ],
            "action": "sit down",
            "age": "adult",
            "disabled": false,
            "mask": true,
            "get_on": false,
            "get_off": false
        }
    ]
}