{
    "info": {
        "description": "AIHub Bus Passenger Dataset",
        "year": 2020,
        "version": "1.0",
        "img_path": "",
        "width": 1920,
        "height": 1080,
        "G-Sensor": "25,-35,955",
        "Gyro": "0,0,0"
    },
    "annotations": [
        {
            "id": 0,
            "bbox": [
                936,
                160,
                1170,
                610
            ],
            "occluded": true,
            "num_keypoints": 16,
            "keypoints": [
                1021,
                549,
                2,
                980,
                467,
                2,
                1007,
                401,
                2,
                1113,
                398,
                1,
                1129,
                478,
                2,
                1137,
                552,
                2,
                1055,
                400,
                1,
                1040,
                334,
                1,
                1027,
                264,
                1,
                1018,
                221,
                1,
                967,
                318,
                1,
                964,
                370,
                2,
                984,
                266,
                2,
                1087,
                247,
                2,
                1135,
                345,
                2,
                1128,
                386,
                2
            ],
            "action": "sit down",
            "age": "elder",
            "disabled": false,
            "mask": true,
            "get_on": false,
            "get_off": false
        },
        {
            "id": 1,
            "bbox": [
                1413,
                348,
                1889,
                1079
            ],
            "occluded": true,
            "num_keypoints": 16,
            "keypoints": [
                1508,
                1079,
                0,
                1508,
                932,
                0,
                1525,
                1069,
                1,
                1761,
                1069,
                1,
                1793,
                932,
                0,
                1793,
                1079,
                0,
                1659,
                1065,
                1,
                1685,
                898,
                2,
                1711,
                688,
                2,
                1686,
                589,
                2,
                1460,
                713,
                0,
                1471,
                973,
                2,
                1526,
                665,
                2,
                1839,
                692,
                2,
                1808,
                1023,
                2,
                1841,
                713,
                0
            ],
            "action": "sit down",
            "age": "adult",
            "disabled": false,
            "mask": true,
            "get_on": false,
            "get_off": false
        },
        {
            "id": 2,
            "bbox": [
                1381,
                159,
                1664,
                690
            ],
            "occluded": true,
            "num_keypoints": 16,
            "keypoints": [
                1432,
                635,
                2,
                1429,
                526,
                2,
                1470,
                392,
                1,
                1562,
                392,
                1,
                1568,
                511,
                1,
                1567,
                630,
                1,
                1518,
                389,
                2,
                1519,
                353,
                2,
                1512,
                273,
                2,
                1509,
                235,
                2,
                1470,
                368,
                1,
                1449,
                360,
                2,
                1441,
                265,
                2,
                1578,
                273,
                2,
                1589,
                321,
                2,
                1633,
                353,
                1
            ],
            "action": "sit down",
            "age": "elder",
            "disabled": false,
            "mask": true,
            "get_on": true,
            "get_off": false
        }
    ]
}