{
    "info": {
        "description": "AIHub Bus Passenger Dataset",
        "year": 2020,
        "version": "1.0",
        "img_path": "",
        "width": 1920,
        "height": 1080,
        "G-Sensor": "57,-35,893",
        "Gyro": "0,0,0"
    },
    "annotations": [
        {
            "id": 0,
            "bbox": [
                936,
                163,
                1170,
                610
            ],
            "occluded": true,
            "num_keypoints": 16,
            "keypoints": [
                1021,
                549,
                2,
                980,
                468,
                2,
                1007,
                401,
                2,
                1113,
                398,
                1,
                1129,
                478,
                2,
                1137,
                552,
                2,
                1055,
                400,
                1,
                1047,
                334,
                1,
                1037,
                257,
                1,
                1030,
                216,
                2,
                967,
                319,
                1,
                959,
                357,
                2,
                980,
                269,
                2,
                1094,
                252,
                2,
                1138,
                343,
                2,
                1128,
                386,
                2
            ],
            "action": "sit down",
            "age": "elder",
            "disabled": false,
            "mask": true,
            "get_on": false,
            "get_off": false
        },
        {
            "id": 1,
            "bbox": [
                1387,
                347,
                1893,
                1079
            ],
            "occluded": true,
            "num_keypoints": 16,
            "keypoints": [
                1488,
                1079,
                0,
                1488,
                932,
                0,
                1507,
                1069,
                1,
                1757,
                1069,
                1,
                1791,
                932,
                0,
                1791,
                1079,
                0,
                1629,
                1072,
                1,
                1664,
                907,
                2,
                1700,
                668,
                2,
                1694,
                570,
                2,
                1437,
                713,
                0,
                1449,
                973,
                2,
                1520,
                643,
                2,
                1843,
                717,
                2,
                1811,
                1005,
                2,
                1842,
                713,
                0
            ],
            "action": "sit down",
            "age": "adult",
            "disabled": false,
            "mask": true,
            "get_on": false,
            "get_off": false
        },
        {
            "id": 2,
            "bbox": [
                1193,
                46,
                1557,
                673
            ],
            "occluded": true,
            "num_keypoints": 16,
            "keypoints": [
                1354,
                594,
                1,
                1324,
                474,
                2,
                1310,
                362,
                2,
                1392,
                355,
                2,
                1395,
                491,
                2,
                1394,
                608,
                2,
                1348,
                364,
                1,
                1324,
                258,
                2,
                1299,
                174,
                2,
                1284,
                127,
                2,
                1221,
                421,
                2,
                1230,
                310,
                2,
                1245,
                211,
                2,
                1394,
                185,
                2,
                1480,
                261,
                2,
                1524,
                325,
                2
            ],
            "action": "stand",
            "age": "elder",
            "disabled": false,
            "mask": true,
            "get_on": true,
            "get_off": false
        }
    ]
}