{
    "info": {
        "description": "AIHub Bus Passenger Dataset",
        "year": 2020,
        "version": "1.0",
        "img_path": "",
        "width": 1920,
        "height": 1080,
        "G-Sensor": "-18,-43,1035",
        "Gyro": "0,0,0"
    },
    "annotations": [
        {
            "id": 0,
            "bbox": [
                936,
                156,
                1170,
                610
            ],
            "occluded": true,
            "num_keypoints": 16,
            "keypoints": [
                1021,
                548,
                2,
                983,
                476,
                2,
                1004,
                401,
                2,
                1113,
                396,
                1,
                1129,
                477,
                2,
                1137,
                551,
                2,
                1062,
                396,
                1,
                1051,
                329,
                2,
                1042,
                259,
                2,
                1033,
                226,
                2,
                967,
                316,
                1,
                965,
                351,
                2,
                987,
                275,
                2,
                1106,
                247,
                2,
                1150,
                341,
                2,
                1128,
                384,
                2
            ],
            "action": "sit down",
            "age": "elder",
            "disabled": false,
            "mask": true,
            "get_on": false,
            "get_off": false
        },
        {
            "id": 1,
            "bbox": [
                1414,
                345,
                1889,
                1077
            ],
            "occluded": true,
            "num_keypoints": 16,
            "keypoints": [
                1508,
                1077,
                0,
                1508,
                930,
                0,
                1526,
                1067,
                1,
                1761,
                1067,
                1,
                1793,
                930,
                0,
                1793,
                1077,
                0,
                1659,
                1063,
                1,
                1686,
                896,
                2,
                1697,
                669,
                1,
                1699,
                574,
                2,
                1460,
                711,
                0,
                1472,
                971,
                2,
                1527,
                663,
                2,
                1835,
                684,
                2,
                1806,
                1011,
                2,
                1841,
                711,
                0
            ],
            "action": "sit down",
            "age": "adult",
            "disabled": false,
            "mask": true,
            "get_on": false,
            "get_off": false
        },
        {
            "id": 2,
            "bbox": [
                659,
                353,
                1085,
                934
            ],
            "occluded": true,
            "num_keypoints": 16,
            "keypoints": [
                960,
                875,
                2,
                942,
                760,
                2,
                812,
                701,
                1,
                873,
                672,
                2,
                878,
                773,
                1,
                866,
                843,
                1,
                845,
                684,
                2,
                852,
                606,
                2,
                843,
                504,
                2,
                870,
                461,
                2,
                888,
                723,
                2,
                792,
                692,
                2,
                794,
                533,
                2,
                874,
                496,
                1,
                931,
                501,
                2,
                1007,
                499,
                2
            ],
            "action": "walk",
            "age": "elder",
            "disabled": false,
            "mask": true,
            "get_on": true,
            "get_off": false
        }
    ]
}