{
    "info": {
        "description": "AIHub Bus Passenger Dataset",
        "year": 2020,
        "version": "1.0",
        "img_path": "",
        "width": 1920,
        "height": 1080,
        "G-Sensor": "68,-29,867",
        "Gyro": "0,0,0"
    },
    "annotations": [
        {
            "id": 0,
            "bbox": [
                936,
                162,
                1170,
                610
            ],
            "occluded": true,
            "num_keypoints": 16,
            "keypoints": [
                1021,
                549,
                2,
                980,
                468,
                2,
                1007,
                401,
                2,
                1113,
                398,
                1,
                1129,
                478,
                2,
                1137,
                552,
                2,
                1055,
                400,
                1,
                1043,
                334,
                1,
                1029,
                256,
                1,
                1030,
                216,
                2,
                967,
                319,
                1,
                959,
                357,
                2,
                980,
                269,
                2,
                1094,
                252,
                2,
                1132,
                352,
                2,
                1128,
                386,
                2
            ],
            "action": "sit down",
            "age": "elder",
            "disabled": false,
            "mask": true,
            "get_on": false,
            "get_off": false
        },
        {
            "id": 1,
            "bbox": [
                1396,
                347,
                1893,
                1079
            ],
            "occluded": true,
            "num_keypoints": 16,
            "keypoints": [
                1495,
                1079,
                0,
                1495,
                932,
                0,
                1513,
                1069,
                1,
                1759,
                1069,
                1,
                1792,
                932,
                0,
                1792,
                1079,
                0,
                1628,
                1070,
                1,
                1638,
                912,
                2,
                1703,
                668,
                2,
                1704,
                574,
                2,
                1445,
                713,
                0,
                1443,
                972,
                2,
                1531,
                635,
                2,
                1856,
                724,
                2,
                1785,
                1042,
                2,
                1842,
                713,
                0
            ],
            "action": "sit down",
            "age": "adult",
            "disabled": false,
            "mask": true,
            "get_on": false,
            "get_off": false
        },
        {
            "id": 2,
            "bbox": [
                1378,
                152,
                1660,
                678
            ],
            "occluded": true,
            "num_keypoints": 16,
            "keypoints": [
                1432,
                624,
                2,
                1437,
                498,
                2,
                1445,
                408,
                2,
                1531,
                407,
                1,
                1519,
                504,
                1,
                1514,
                638,
                1,
                1488,
                409,
                2,
                1492,
                339,
                2,
                1494,
                261,
                2,
                1487,
                216,
                2,
                1432,
                458,
                2,
                1410,
                384,
                2,
                1429,
                270,
                2,
                1554,
                262,
                2,
                1589,
                317,
                2,
                1640,
                352,
                1
            ],
            "action": "sit down",
            "age": "elder",
            "disabled": false,
            "mask": true,
            "get_on": true,
            "get_off": false
        }
    ]
}