{
    "info": {
        "description": "AIHub Bus Passenger Dataset",
        "year": 2020,
        "version": "1.0",
        "img_path": "",
        "width": 1920,
        "height": 1080,
        "G-Sensor": "-18,-43,1035",
        "Gyro": "0,0,0"
    },
    "annotations": [
        {
            "id": 0,
            "bbox": [
                939,
                156,
                1173,
                610
            ],
            "occluded": true,
            "num_keypoints": 16,
            "keypoints": [
                1024,
                548,
                2,
                986,
                476,
                1,
                1013,
                397,
                1,
                1116,
                396,
                1,
                1132,
                477,
                2,
                1140,
                551,
                2,
                1065,
                396,
                1,
                1054,
                329,
                2,
                1045,
                260,
                2,
                1036,
                226,
                2,
                970,
                316,
                1,
                968,
                355,
                1,
                987,
                267,
                2,
                1107,
                249,
                2,
                1153,
                341,
                2,
                1131,
                384,
                2
            ],
            "action": "sit down",
            "age": "elder",
            "disabled": false,
            "mask": true,
            "get_on": false,
            "get_off": false
        },
        {
            "id": 1,
            "bbox": [
                1413,
                347,
                1886,
                1079
            ],
            "occluded": true,
            "num_keypoints": 16,
            "keypoints": [
                1507,
                1079,
                0,
                1507,
                932,
                0,
                1525,
                1069,
                1,
                1758,
                1069,
                1,
                1790,
                932,
                0,
                1790,
                1079,
                0,
                1657,
                1065,
                1,
                1684,
                898,
                2,
                1703,
                682,
                1,
                1708,
                577,
                2,
                1459,
                713,
                0,
                1470,
                973,
                2,
                1526,
                665,
                2,
                1843,
                687,
                2,
                1803,
                991,
                2,
                1838,
                713,
                0
            ],
            "action": "sit down",
            "age": "adult",
            "disabled": false,
            "mask": true,
            "get_on": false,
            "get_off": false
        },
        {
            "id": 2,
            "bbox": [
                695,
                273,
                1085,
                938
            ],
            "occluded": true,
            "num_keypoints": 16,
            "keypoints": [
                967,
                873,
                2,
                945,
                772,
                2,
                798,
                611,
                2,
                852,
                573,
                2,
                1016,
                658,
                2,
                988,
                765,
                1,
                830,
                588,
                2,
                864,
                535,
                2,
                965,
                443,
                2,
                996,
                385,
                2,
                942,
                718,
                2,
                904,
                666,
                2,
                949,
                535,
                2,
                942,
                414,
                1,
                958,
                483,
                1,
                1011,
                490,
                2
            ],
            "action": "walk",
            "age": "elder",
            "disabled": false,
            "mask": true,
            "get_on": true,
            "get_off": false
        }
    ]
}