{
    "info": {
        "description": "AIHub Bus Passenger Dataset",
        "year": 2020,
        "version": "1.0",
        "img_path": "",
        "width": 1920,
        "height": 1080,
        "G-Sensor": "25,-16,918",
        "Gyro": "0,0,0"
    },
    "annotations": [
        {
            "id": 0,
            "bbox": [
                936,
                163,
                1170,
                610
            ],
            "occluded": true,
            "num_keypoints": 16,
            "keypoints": [
                1021,
                549,
                2,
                980,
                468,
                2,
                1007,
                401,
                2,
                1113,
                398,
                1,
                1129,
                478,
                2,
                1137,
                552,
                2,
                1055,
                400,
                1,
                1047,
                334,
                1,
                1037,
                257,
                1,
                1030,
                216,
                2,
                967,
                319,
                1,
                959,
                357,
                2,
                980,
                269,
                2,
                1094,
                252,
                2,
                1138,
                343,
                2,
                1128,
                386,
                2
            ],
            "action": "sit down",
            "age": "elder",
            "disabled": false,
            "mask": true,
            "get_on": false,
            "get_off": false
        },
        {
            "id": 1,
            "bbox": [
                1384,
                351,
                1889,
                1079
            ],
            "occluded": true,
            "num_keypoints": 16,
            "keypoints": [
                1484,
                1079,
                0,
                1484,
                932,
                0,
                1503,
                1069,
                1,
                1753,
                1069,
                1,
                1787,
                932,
                0,
                1787,
                1079,
                0,
                1631,
                1072,
                1,
                1640,
                944,
                2,
                1696,
                670,
                2,
                1703,
                569,
                2,
                1433,
                715,
                0,
                1445,
                973,
                2,
                1521,
                639,
                2,
                1860,
                734,
                2,
                1780,
                1057,
                2,
                1838,
                715,
                0
            ],
            "action": "sit down",
            "age": "adult",
            "disabled": false,
            "mask": true,
            "get_on": false,
            "get_off": false
        },
        {
            "id": 2,
            "bbox": [
                1335,
                175,
                1591,
                648
            ],
            "occluded": true,
            "num_keypoints": 16,
            "keypoints": [
                1371,
                611,
                1,
                1364,
                491,
                1,
                1427,
                421,
                2,
                1490,
                428,
                1,
                1468,
                519,
                1,
                1475,
                626,
                1,
                1455,
                423,
                2,
                1463,
                372,
                2,
                1456,
                308,
                2,
                1443,
                270,
                2,
                1356,
                429,
                1,
                1358,
                344,
                1,
                1396,
                278,
                2,
                1529,
                273,
                2,
                1579,
                346,
                2,
                1546,
                349,
                2
            ],
            "action": "sit down",
            "age": "elder",
            "disabled": false,
            "mask": true,
            "get_on": true,
            "get_off": false
        }
    ]
}