{
    "info": {
        "description": "AIHub Bus Passenger Dataset",
        "year": 2020,
        "version": "1.0",
        "img_path": "",
        "width": 1920,
        "height": 1080,
        "G-Sensor": "-41,31,1174",
        "Gyro": "0,0,0"
    },
    "annotations": [
        {
            "id": 0,
            "bbox": [
                936,
                151,
                1170,
                610
            ],
            "occluded": true,
            "num_keypoints": 16,
            "keypoints": [
                1021,
                548,
                2,
                983,
                474,
                2,
                1004,
                399,
                2,
                1113,
                394,
                1,
                1144,
                472,
                2,
                1145,
                547,
                2,
                1056,
                399,
                1,
                1037,
                327,
                1,
                1026,
                260,
                1,
                1015,
                216,
                1,
                971,
                319,
                1,
                965,
                349,
                2,
                977,
                271,
                2,
                1095,
                248,
                2,
                1136,
                330,
                2,
                1122,
                374,
                2
            ],
            "action": "sit down",
            "age": "elder",
            "disabled": false,
            "mask": true,
            "get_on": false,
            "get_off": false
        },
        {
            "id": 1,
            "bbox": [
                1413,
                349,
                1891,
                1079
            ],
            "occluded": true,
            "num_keypoints": 16,
            "keypoints": [
                1508,
                1079,
                0,
                1508,
                932,
                0,
                1526,
                1069,
                1,
                1776,
                1075,
                1,
                1794,
                932,
                0,
                1794,
                1079,
                0,
                1658,
                1073,
                1,
                1686,
                898,
                2,
                1701,
                683,
                2,
                1755,
                575,
                2,
                1460,
                714,
                0,
                1461,
                978,
                2,
                1527,
                666,
                2,
                1861,
                694,
                2,
                1803,
                1038,
                2,
                1842,
                714,
                0
            ],
            "action": "sit down",
            "age": "adult",
            "disabled": false,
            "mask": true,
            "get_on": false,
            "get_off": false
        }
    ]
}