{
    "info": {
        "description": "AIHub Bus Passenger Dataset",
        "year": 2020,
        "version": "1.0",
        "img_path": "",
        "width": 1920,
        "height": 1080,
        "G-Sensor": "-18,-43,1035",
        "Gyro": "0,0,0"
    },
    "annotations": [
        {
            "id": 0,
            "bbox": [
                936,
                157,
                1170,
                609
            ],
            "occluded": true,
            "num_keypoints": 16,
            "keypoints": [
                1021,
                548,
                2,
                987,
                469,
                1,
                1010,
                397,
                2,
                1113,
                396,
                1,
                1129,
                476,
                2,
                1137,
                551,
                2,
                1062,
                396,
                1,
                1051,
                329,
                2,
                1039,
                261,
                2,
                1033,
                227,
                2,
                967,
                316,
                1,
                965,
                355,
                2,
                987,
                275,
                2,
                1103,
                250,
                2,
                1143,
                333,
                2,
                1128,
                384,
                2
            ],
            "action": "sit down",
            "age": "elder",
            "disabled": false,
            "mask": true,
            "get_on": false,
            "get_off": false
        },
        {
            "id": 1,
            "bbox": [
                1413,
                347,
                1889,
                1079
            ],
            "occluded": true,
            "num_keypoints": 16,
            "keypoints": [
                1508,
                1079,
                0,
                1508,
                932,
                0,
                1525,
                1069,
                1,
                1761,
                1069,
                1,
                1793,
                932,
                0,
                1793,
                1079,
                0,
                1659,
                1065,
                1,
                1685,
                898,
                2,
                1702,
                677,
                1,
                1712,
                579,
                2,
                1460,
                713,
                0,
                1471,
                973,
                2,
                1526,
                665,
                2,
                1841,
                717,
                2,
                1803,
                1008,
                2,
                1841,
                713,
                0
            ],
            "action": "sit down",
            "age": "adult",
            "disabled": false,
            "mask": true,
            "get_on": false,
            "get_off": false
        },
        {
            "id": 2,
            "bbox": [
                659,
                329,
                1085,
                938
            ],
            "occluded": true,
            "num_keypoints": 16,
            "keypoints": [
                960,
                876,
                2,
                941,
                761,
                2,
                757,
                631,
                2,
                815,
                603,
                2,
                886,
                759,
                1,
                885,
                818,
                2,
                788,
                614,
                2,
                830,
                573,
                2,
                898,
                480,
                2,
                942,
                443,
                2,
                921,
                734,
                2,
                857,
                711,
                2,
                901,
                559,
                2,
                979,
                473,
                1,
                958,
                507,
                1,
                1011,
                495,
                2
            ],
            "action": "walk",
            "age": "elder",
            "disabled": false,
            "mask": true,
            "get_on": true,
            "get_off": false
        }
    ]
}