{
    "info": {
        "description": "AIHub Bus Passenger Dataset",
        "year": 2020,
        "version": "1.0",
        "img_path": "",
        "width": 1920,
        "height": 1080,
        "G-Sensor": "53,-29,896",
        "Gyro": "0,0,0"
    },
    "annotations": [
        {
            "id": 0,
            "bbox": [
                936,
                152,
                1170,
                610
            ],
            "occluded": true,
            "num_keypoints": 16,
            "keypoints": [
                1021,
                548,
                2,
                983,
                474,
                2,
                1004,
                399,
                2,
                1113,
                394,
                1,
                1129,
                475,
                2,
                1137,
                551,
                2,
                1058,
                394,
                1,
                1054,
                330,
                2,
                1045,
                254,
                2,
                1038,
                223,
                2,
                967,
                313,
                1,
                974,
                348,
                2,
                994,
                263,
                2,
                1114,
                253,
                2,
                1150,
                338,
                2,
                1128,
                382,
                2
            ],
            "action": "sit down",
            "age": "elder",
            "disabled": false,
            "mask": true,
            "get_on": false,
            "get_off": false
        },
        {
            "id": 1,
            "bbox": [
                1398,
                353,
                1881,
                1079
            ],
            "occluded": true,
            "num_keypoints": 16,
            "keypoints": [
                1493,
                1079,
                0,
                1493,
                931,
                0,
                1512,
                1067,
                1,
                1754,
                1072,
                1,
                1781,
                931,
                0,
                1781,
                1079,
                0,
                1641,
                1069,
                1,
                1662,
                916,
                2,
                1695,
                682,
                1,
                1726,
                587,
                2,
                1444,
                714,
                0,
                1447,
                988,
                2,
                1499,
                680,
                2,
                1857,
                695,
                2,
                1792,
                1032,
                2,
                1830,
                714,
                0
            ],
            "action": "sit down",
            "age": "adult",
            "disabled": false,
            "mask": true,
            "get_on": false,
            "get_off": false
        },
        {
            "id": 2,
            "bbox": [
                702,
                338,
                1068,
                972
            ],
            "occluded": true,
            "num_keypoints": 16,
            "keypoints": [
                851,
                920,
                1,
                826,
                834,
                2,
                794,
                709,
                2,
                847,
                678,
                2,
                856,
                778,
                2,
                868,
                852,
                2,
                824,
                693,
                2,
                818,
                594,
                2,
                798,
                482,
                2,
                816,
                419,
                2,
                788,
                747,
                2,
                726,
                669,
                1,
                735,
                503,
                1,
                848,
                457,
                2,
                886,
                517,
                2,
                984,
                510,
                2
            ],
            "action": "walk",
            "age": "elder",
            "disabled": false,
            "mask": true,
            "get_on": true,
            "get_off": false
        }
    ]
}