{
    "info": {
        "description": "AIHub Bus Passenger Dataset",
        "year": 2020,
        "version": "1.0",
        "img_path": "",
        "width": 1920,
        "height": 1080,
        "G-Sensor": "25,-35,955",
        "Gyro": "0,0,0"
    },
    "annotations": [
        {
            "id": 0,
            "bbox": [
                936,
                159,
                1170,
                610
            ],
            "occluded": true,
            "num_keypoints": 16,
            "keypoints": [
                1021,
                549,
                2,
                980,
                467,
                2,
                1007,
                400,
                2,
                1113,
                397,
                1,
                1129,
                477,
                2,
                1137,
                552,
                2,
                1055,
                399,
                1,
                1040,
                333,
                1,
                1024,
                266,
                1,
                1016,
                235,
                1,
                967,
                318,
                1,
                964,
                361,
                2,
                980,
                272,
                2,
                1081,
                248,
                2,
                1135,
                344,
                2,
                1128,
                386,
                2
            ],
            "action": "sit down",
            "age": "elder",
            "disabled": false,
            "mask": true,
            "get_on": false,
            "get_off": false
        },
        {
            "id": 1,
            "bbox": [
                1413,
                347,
                1886,
                1079
            ],
            "occluded": true,
            "num_keypoints": 16,
            "keypoints": [
                1507,
                1079,
                0,
                1507,
                932,
                0,
                1525,
                1069,
                1,
                1758,
                1069,
                1,
                1790,
                932,
                0,
                1790,
                1079,
                0,
                1657,
                1065,
                1,
                1684,
                898,
                2,
                1711,
                684,
                2,
                1686,
                585,
                2,
                1459,
                713,
                0,
                1470,
                973,
                2,
                1526,
                665,
                2,
                1844,
                688,
                2,
                1803,
                1018,
                2,
                1838,
                713,
                0
            ],
            "action": "sit down",
            "age": "adult",
            "disabled": false,
            "mask": true,
            "get_on": false,
            "get_off": false
        },
        {
            "id": 2,
            "bbox": [
                1380,
                162,
                1660,
                682
            ],
            "occluded": true,
            "num_keypoints": 16,
            "keypoints": [
                1430,
                628,
                2,
                1427,
                521,
                2,
                1470,
                407,
                1,
                1552,
                408,
                1,
                1565,
                507,
                1,
                1564,
                623,
                1,
                1511,
                408,
                1,
                1511,
                338,
                2,
                1508,
                267,
                2,
                1507,
                236,
                2,
                1468,
                372,
                1,
                1448,
                359,
                2,
                1439,
                266,
                2,
                1575,
                274,
                2,
                1590,
                330,
                2,
                1635,
                350,
                1
            ],
            "action": "sit down",
            "age": "elder",
            "disabled": false,
            "mask": true,
            "get_on": true,
            "get_off": false
        }
    ]
}