{
    "info": {
        "description": "AIHub Bus Passenger Dataset",
        "year": 2020,
        "version": "1.0",
        "img_path": "",
        "width": 1920,
        "height": 1080,
        "G-Sensor": "2,-31,980",
        "Gyro": "0,0,0"
    },
    "annotations": [
        {
            "id": 0,
            "bbox": [
                936,
                162,
                1170,
                610
            ],
            "occluded": true,
            "num_keypoints": 16,
            "keypoints": [
                1024,
                537,
                2,
                992,
                438,
                2,
                1007,
                400,
                2,
                1113,
                397,
                1,
                1129,
                476,
                2,
                1135,
                534,
                2,
                1055,
                399,
                1,
                1043,
                326,
                1,
                1027,
                256,
                1,
                1020,
                227,
                1,
                967,
                317,
                1,
                959,
                355,
                2,
                980,
                267,
                2,
                1094,
                250,
                2,
                1134,
                341,
                2,
                1128,
                384,
                2
            ],
            "action": "sit down",
            "age": "elder",
            "disabled": false,
            "mask": true,
            "get_on": false,
            "get_off": false
        },
        {
            "id": 1,
            "bbox": [
                1397,
                353,
                1901,
                1079
            ],
            "occluded": true,
            "num_keypoints": 16,
            "keypoints": [
                1496,
                1079,
                0,
                1496,
                931,
                0,
                1510,
                1070,
                1,
                1767,
                1076,
                1,
                1798,
                931,
                0,
                1798,
                1079,
                0,
                1656,
                1073,
                1,
                1668,
                922,
                2,
                1707,
                693,
                1,
                1718,
                601,
                2,
                1445,
                715,
                0,
                1444,
                963,
                2,
                1489,
                657,
                2,
                1869,
                722,
                2,
                1819,
                1019,
                2,
                1799,
                794,
                2
            ],
            "action": "sit down",
            "age": "adult",
            "disabled": false,
            "mask": true,
            "get_on": false,
            "get_off": false
        },
        {
            "id": 2,
            "bbox": [
                1295,
                64,
                1689,
                689
            ],
            "occluded": true,
            "num_keypoints": 16,
            "keypoints": [
                1357,
                632,
                1,
                1355,
                508,
                1,
                1409,
                386,
                1,
                1497,
                389,
                2,
                1478,
                512,
                1,
                1471,
                654,
                1,
                1450,
                386,
                1,
                1450,
                300,
                2,
                1445,
                212,
                2,
                1443,
                158,
                2,
                1436,
                375,
                2,
                1322,
                344,
                2,
                1348,
                201,
                1,
                1521,
                195,
                2,
                1600,
                283,
                2,
                1658,
                346,
                2
            ],
            "action": "stand",
            "age": "elder",
            "disabled": false,
            "mask": true,
            "get_on": true,
            "get_off": false
        }
    ]
}