{
    "info": {
        "description": "AIHub Bus Passenger Dataset",
        "year": 2020,
        "version": "1.0",
        "img_path": "",
        "width": 1920,
        "height": 1080,
        "G-Sensor": "-18,-41,1043",
        "Gyro": "0,0,0"
    },
    "annotations": [
        {
            "id": 0,
            "bbox": [
                936,
                142,
                1170,
                610
            ],
            "occluded": true,
            "num_keypoints": 16,
            "keypoints": [
                1021,
                547,
                2,
                983,
                472,
                2,
                1004,
                395,
                2,
                1113,
                390,
                1,
                1129,
                473,
                2,
                1137,
                550,
                2,
                1058,
                390,
                1,
                1051,
                321,
                2,
                1041,
                256,
                2,
                1029,
                212,
                2,
                967,
                307,
                1,
                974,
                344,
                2,
                987,
                263,
                2,
                1102,
                245,
                2,
                1150,
                333,
                2,
                1128,
                378,
                2
            ],
            "action": "sit down",
            "age": "elder",
            "disabled": false,
            "mask": true,
            "get_on": false,
            "get_off": false
        },
        {
            "id": 1,
            "bbox": [
                1413,
                347,
                1891,
                1079
            ],
            "occluded": true,
            "num_keypoints": 16,
            "keypoints": [
                1508,
                1079,
                0,
                1508,
                932,
                0,
                1526,
                1069,
                1,
                1762,
                1069,
                1,
                1794,
                932,
                0,
                1794,
                1079,
                0,
                1660,
                1065,
                1,
                1686,
                898,
                2,
                1709,
                681,
                2,
                1683,
                579,
                2,
                1460,
                713,
                0,
                1471,
                973,
                2,
                1527,
                665,
                2,
                1848,
                691,
                2,
                1813,
                1017,
                2,
                1842,
                713,
                0
            ],
            "action": "sit down",
            "age": "adult",
            "disabled": false,
            "mask": true,
            "get_on": false,
            "get_off": false
        },
        {
            "id": 2,
            "bbox": [
                675,
                340,
                1084,
                974
            ],
            "occluded": true,
            "num_keypoints": 16,
            "keypoints": [
                854,
                911,
                1,
                823,
                841,
                2,
                795,
                697,
                2,
                858,
                665,
                2,
                867,
                770,
                2,
                873,
                856,
                2,
                826,
                684,
                2,
                807,
                596,
                2,
                794,
                482,
                2,
                801,
                421,
                2,
                756,
                740,
                1,
                693,
                647,
                2,
                706,
                492,
                1,
                855,
                454,
                2,
                914,
                505,
                2,
                1016,
                495,
                2
            ],
            "action": "walk",
            "age": "elder",
            "disabled": false,
            "mask": true,
            "get_on": true,
            "get_off": false
        }
    ]
}