{
    "info": {
        "description": "AIHub Bus Passenger Dataset",
        "year": 2020,
        "version": "1.0",
        "img_path": "",
        "width": 1920,
        "height": 1080,
        "G-Sensor": "-18,-41,1043",
        "Gyro": "0,0,0"
    },
    "annotations": [
        {
            "id": 0,
            "bbox": [
                936,
                156,
                1170,
                610
            ],
            "occluded": true,
            "num_keypoints": 16,
            "keypoints": [
                1021,
                548,
                2,
                983,
                476,
                2,
                1004,
                401,
                2,
                1113,
                396,
                1,
                1129,
                477,
                2,
                1137,
                551,
                2,
                1058,
                396,
                1,
                1051,
                329,
                2,
                1039,
                252,
                2,
                1033,
                226,
                2,
                967,
                316,
                1,
                974,
                351,
                2,
                987,
                275,
                2,
                1102,
                255,
                2,
                1150,
                341,
                2,
                1128,
                384,
                2
            ],
            "action": "sit down",
            "age": "elder",
            "disabled": false,
            "mask": true,
            "get_on": false,
            "get_off": false
        },
        {
            "id": 1,
            "bbox": [
                1413,
                347,
                1891,
                1079
            ],
            "occluded": true,
            "num_keypoints": 16,
            "keypoints": [
                1508,
                1079,
                0,
                1508,
                932,
                0,
                1526,
                1069,
                1,
                1762,
                1069,
                1,
                1794,
                932,
                0,
                1794,
                1079,
                0,
                1660,
                1065,
                1,
                1686,
                898,
                2,
                1699,
                691,
                2,
                1686,
                582,
                2,
                1460,
                713,
                0,
                1471,
                973,
                2,
                1527,
                665,
                2,
                1843,
                717,
                2,
                1809,
                1027,
                2,
                1842,
                713,
                0
            ],
            "action": "sit down",
            "age": "adult",
            "disabled": false,
            "mask": true,
            "get_on": false,
            "get_off": false
        },
        {
            "id": 2,
            "bbox": [
                668,
                340,
                1083,
                974
            ],
            "occluded": true,
            "num_keypoints": 16,
            "keypoints": [
                849,
                911,
                1,
                823,
                838,
                2,
                790,
                697,
                2,
                853,
                665,
                2,
                863,
                770,
                2,
                869,
                856,
                2,
                822,
                684,
                2,
                802,
                596,
                2,
                789,
                482,
                2,
                796,
                421,
                2,
                750,
                730,
                1,
                679,
                621,
                2,
                699,
                492,
                1,
                850,
                454,
                2,
                910,
                505,
                2,
                1014,
                495,
                2
            ],
            "action": "walk",
            "age": "elder",
            "disabled": false,
            "mask": true,
            "get_on": true,
            "get_off": false
        }
    ]
}