{
    "info": {
        "description": "AIHub Bus Passenger Dataset",
        "year": 2020,
        "version": "1.0",
        "img_path": "",
        "width": 1920,
        "height": 1080,
        "G-Sensor": "-12,-37,1025",
        "Gyro": "0,0,0"
    },
    "annotations": [
        {
            "id": 0,
            "bbox": [
                936,
                162,
                1170,
                610
            ],
            "occluded": true,
            "num_keypoints": 16,
            "keypoints": [
                1021,
                549,
                2,
                980,
                468,
                2,
                1007,
                401,
                2,
                1113,
                398,
                1,
                1129,
                478,
                2,
                1137,
                552,
                2,
                1055,
                400,
                1,
                1043,
                334,
                1,
                1029,
                256,
                1,
                1030,
                216,
                2,
                967,
                319,
                1,
                958,
                364,
                2,
                980,
                269,
                2,
                1094,
                252,
                2,
                1132,
                352,
                2,
                1128,
                386,
                2
            ],
            "action": "sit down",
            "age": "elder",
            "disabled": false,
            "mask": true,
            "get_on": false,
            "get_off": false
        },
        {
            "id": 1,
            "bbox": [
                1365,
                354,
                1893,
                1079
            ],
            "occluded": true,
            "num_keypoints": 16,
            "keypoints": [
                1470,
                1079,
                0,
                1470,
                933,
                0,
                1505,
                1022,
                2,
                1751,
                1069,
                1,
                1786,
                933,
                0,
                1786,
                1079,
                0,
                1600,
                1066,
                1,
                1645,
                899,
                2,
                1691,
                671,
                2,
                1712,
                579,
                2,
                1436,
                894,
                2,
                1451,
                943,
                2,
                1535,
                640,
                2,
                1856,
                748,
                2,
                1786,
                1063,
                2,
                1839,
                716,
                0
            ],
            "action": "sit down",
            "age": "adult",
            "disabled": false,
            "mask": true,
            "get_on": false,
            "get_off": false
        },
        {
            "id": 2,
            "bbox": [
                1381,
                159,
                1664,
                690
            ],
            "occluded": true,
            "num_keypoints": 16,
            "keypoints": [
                1432,
                635,
                2,
                1429,
                526,
                2,
                1457,
                379,
                2,
                1553,
                379,
                1,
                1568,
                511,
                1,
                1567,
                630,
                1,
                1503,
                382,
                2,
                1502,
                339,
                2,
                1499,
                278,
                2,
                1502,
                237,
                2,
                1412,
                432,
                2,
                1401,
                363,
                2,
                1441,
                265,
                2,
                1563,
                271,
                2,
                1593,
                332,
                2,
                1638,
                351,
                1
            ],
            "action": "sit down",
            "age": "elder",
            "disabled": false,
            "mask": true,
            "get_on": true,
            "get_off": false
        }
    ]
}