{
    "info": {
        "description": "AIHub Bus Passenger Dataset",
        "year": 2020,
        "version": "1.0",
        "img_path": "",
        "width": 1920,
        "height": 1080,
        "G-Sensor": "-12,-37,1025",
        "Gyro": "0,0,0"
    },
    "annotations": [
        {
            "id": 0,
            "bbox": [
                936,
                162,
                1170,
                610
            ],
            "occluded": true,
            "num_keypoints": 16,
            "keypoints": [
                1021,
                549,
                2,
                980,
                468,
                2,
                1007,
                401,
                2,
                1113,
                398,
                1,
                1129,
                478,
                2,
                1137,
                552,
                2,
                1055,
                400,
                1,
                1043,
                334,
                1,
                1029,
                256,
                1,
                1030,
                216,
                2,
                967,
                319,
                1,
                958,
                364,
                2,
                980,
                269,
                2,
                1094,
                252,
                2,
                1132,
                352,
                2,
                1128,
                386,
                2
            ],
            "action": "sit down",
            "age": "elder",
            "disabled": false,
            "mask": true,
            "get_on": false,
            "get_off": false
        },
        {
            "id": 1,
            "bbox": [
                1359,
                357,
                1895,
                1079
            ],
            "occluded": true,
            "num_keypoints": 16,
            "keypoints": [
                1465,
                1079,
                0,
                1465,
                934,
                0,
                1509,
                1017,
                2,
                1750,
                1069,
                1,
                1786,
                934,
                0,
                1786,
                1079,
                0,
                1585,
                1063,
                1,
                1635,
                902,
                2,
                1701,
                679,
                2,
                1690,
                575,
                2,
                1434,
                868,
                2,
                1457,
                922,
                2,
                1530,
                640,
                2,
                1865,
                742,
                2,
                1779,
                1062,
                2,
                1840,
                718,
                0
            ],
            "action": "sit down",
            "age": "adult",
            "disabled": false,
            "mask": true,
            "get_on": false,
            "get_off": false
        },
        {
            "id": 2,
            "bbox": [
                1381,
                166,
                1664,
                690
            ],
            "occluded": true,
            "num_keypoints": 16,
            "keypoints": [
                1432,
                635,
                2,
                1429,
                528,
                2,
                1457,
                383,
                2,
                1553,
                383,
                1,
                1568,
                513,
                1,
                1567,
                630,
                1,
                1503,
                386,
                2,
                1502,
                343,
                2,
                1499,
                283,
                2,
                1500,
                248,
                2,
                1412,
                435,
                2,
                1401,
                367,
                2,
                1441,
                270,
                2,
                1563,
                276,
                2,
                1593,
                336,
                2,
                1638,
                355,
                1
            ],
            "action": "sit down",
            "age": "elder",
            "disabled": false,
            "mask": true,
            "get_on": true,
            "get_off": false
        }
    ]
}