{
    "info": {
        "description": "AIHub Bus Passenger Dataset",
        "year": 2020,
        "version": "1.0",
        "img_path": "",
        "width": 1920,
        "height": 1080,
        "G-Sensor": "90,-39,932",
        "Gyro": "0,0,0"
    },
    "annotations": [
        {
            "id": 0,
            "bbox": [
                936,
                148,
                1170,
                610
            ],
            "occluded": true,
            "num_keypoints": 16,
            "keypoints": [
                1021,
                547,
                2,
                983,
                473,
                2,
                1004,
                397,
                2,
                1113,
                392,
                1,
                1144,
                471,
                2,
                1145,
                546,
                2,
                1056,
                397,
                1,
                1054,
                327,
                2,
                1043,
                255,
                2,
                1036,
                220,
                2,
                967,
                310,
                1,
                964,
                349,
                2,
                992,
                259,
                2,
                1104,
                250,
                2,
                1142,
                336,
                2,
                1125,
                379,
                2
            ],
            "action": "sit down",
            "age": "elder",
            "disabled": false,
            "mask": true,
            "get_on": false,
            "get_off": false
        },
        {
            "id": 1,
            "bbox": [
                1401,
                368,
                1884,
                1079
            ],
            "occluded": true,
            "num_keypoints": 16,
            "keypoints": [
                1496,
                1079,
                0,
                1496,
                935,
                0,
                1515,
                1068,
                1,
                1757,
                1073,
                1,
                1784,
                935,
                0,
                1784,
                1079,
                0,
                1647,
                1071,
                1,
                1665,
                920,
                2,
                1689,
                692,
                2,
                1739,
                604,
                2,
                1447,
                722,
                0,
                1450,
                990,
                2,
                1502,
                689,
                2,
                1860,
                703,
                2,
                1795,
                1033,
                2,
                1833,
                722,
                0
            ],
            "action": "sit down",
            "age": "adult",
            "disabled": false,
            "mask": true,
            "get_on": false,
            "get_off": false
        },
        {
            "id": 2,
            "bbox": [
                333,
                533,
                557,
                1043
            ],
            "occluded": true,
            "num_keypoints": 16,
            "keypoints": [
                436,
                1027,
                1,
                437,
                900,
                1,
                419,
                807,
                1,
                458,
                777,
                1,
                490,
                878,
                1,
                465,
                975,
                1,
                437,
                791,
                1,
                411,
                685,
                1,
                404,
                623,
                1,
                406,
                580,
                1,
                462,
                755,
                1,
                406,
                715,
                1,
                385,
                655,
                2,
                435,
                622,
                1,
                491,
                663,
                1,
                542,
                686,
                1
            ],
            "action": "walk",
            "age": "elder",
            "disabled": false,
            "mask": false,
            "get_on": true,
            "get_off": false
        }
    ]
}