{
    "info": {
        "description": "AIHub Bus Passenger Dataset",
        "year": 2020,
        "version": "1.0",
        "img_path": "",
        "width": 1920,
        "height": 1080,
        "G-Sensor": "84,6,1125",
        "Gyro": "0,0,0"
    },
    "annotations": [
        {
            "id": 0,
            "bbox": [
                936,
                143,
                1170,
                610
            ],
            "occluded": true,
            "num_keypoints": 16,
            "keypoints": [
                1022,
                548,
                2,
                977,
                456,
                2,
                1012,
                391,
                2,
                1121,
                388,
                1,
                1129,
                468,
                2,
                1138,
                559,
                2,
                1063,
                389,
                1,
                1059,
                322,
                2,
                1055,
                249,
                2,
                1051,
                209,
                2,
                965,
                328,
                2,
                988,
                358,
                2,
                1004,
                258,
                2,
                1115,
                242,
                2,
                1149,
                334,
                2,
                1131,
                380,
                2
            ],
            "action": "sit down",
            "age": "elder",
            "disabled": false,
            "mask": true,
            "get_on": false,
            "get_off": false
        },
        {
            "id": 1,
            "bbox": [
                1413,
                354,
                1890,
                1079
            ],
            "occluded": true,
            "num_keypoints": 16,
            "keypoints": [
                1508,
                1079,
                0,
                1508,
                933,
                0,
                1526,
                1069,
                1,
                1762,
                1074,
                1,
                1793,
                933,
                0,
                1793,
                1079,
                0,
                1648,
                1074,
                1,
                1672,
                919,
                2,
                1702,
                673,
                2,
                1758,
                584,
                2,
                1460,
                716,
                0,
                1472,
                998,
                2,
                1507,
                692,
                2,
                1859,
                710,
                2,
                1799,
                1021,
                2,
                1841,
                716,
                0
            ],
            "action": "sit down",
            "age": "adult",
            "disabled": false,
            "mask": true,
            "get_on": false,
            "get_off": false
        }
    ]
}