{
    "info": {
        "description": "AIHub Bus Passenger Dataset",
        "year": 2020,
        "version": "1.0",
        "img_path": "",
        "width": 1920,
        "height": 1080,
        "G-Sensor": "-68,-59,1012",
        "Gyro": "0,0,0"
    },
    "annotations": [
        {
            "id": 0,
            "bbox": [
                938,
                156,
                1172,
                607
            ],
            "occluded": true,
            "num_keypoints": 16,
            "keypoints": [
                1026,
                533,
                2,
                983,
                452,
                2,
                1018,
                388,
                2,
                1102,
                388,
                2,
                1135,
                466,
                2,
                1137,
                529,
                2,
                1062,
                390,
                1,
                1058,
                328,
                2,
                1048,
                249,
                2,
                1045,
                208,
                2,
                969,
                311,
                1,
                973,
                356,
                2,
                1001,
                257,
                2,
                1115,
                255,
                2,
                1139,
                341,
                2,
                1130,
                378,
                2
            ],
            "action": "sit down",
            "age": "elder",
            "disabled": false,
            "mask": true,
            "get_on": false,
            "get_off": false
        },
        {
            "id": 1,
            "bbox": [
                1409,
                365,
                1884,
                1079
            ],
            "occluded": true,
            "num_keypoints": 16,
            "keypoints": [
                1501,
                1079,
                0,
                1501,
                933,
                0,
                1514,
                1069,
                1,
                1757,
                1075,
                1,
                1785,
                933,
                0,
                1785,
                1079,
                0,
                1651,
                1072,
                1,
                1667,
                915,
                2,
                1689,
                671,
                2,
                1734,
                587,
                2,
                1453,
                720,
                0,
                1452,
                964,
                2,
                1508,
                675,
                2,
                1864,
                718,
                2,
                1817,
                997,
                2,
                1777,
                801,
                0
            ],
            "action": "sit down",
            "age": "adult",
            "disabled": false,
            "mask": true,
            "get_on": false,
            "get_off": false
        },
        {
            "id": 2,
            "bbox": [
                1401,
                168,
                1688,
                684
            ],
            "occluded": true,
            "num_keypoints": 16,
            "keypoints": [
                1459,
                630,
                1,
                1470,
                518,
                1,
                1513,
                402,
                2,
                1615,
                404,
                1,
                1595,
                534,
                1,
                1594,
                646,
                1,
                1563,
                403,
                1,
                1566,
                359,
                2,
                1573,
                280,
                2,
                1576,
                239,
                2,
                1522,
                359,
                1,
                1504,
                343,
                2,
                1518,
                275,
                2,
                1630,
                282,
                2,
                1643,
                350,
                1,
                1677,
                379,
                1
            ],
            "action": "stand",
            "age": "elder",
            "disabled": false,
            "mask": true,
            "get_on": true,
            "get_off": false
        }
    ]
}