{
    "info": {
        "description": "AIHub Bus Passenger Dataset",
        "year": 2020,
        "version": "1.0",
        "img_path": "",
        "width": 1920,
        "height": 1080,
        "G-Sensor": "61,-20,898",
        "Gyro": "0,0,0"
    },
    "annotations": [
        {
            "id": 0,
            "bbox": [
                936,
                154,
                1170,
                610
            ],
            "occluded": true,
            "num_keypoints": 16,
            "keypoints": [
                1021,
                548,
                1,
                983,
                475,
                1,
                1010,
                396,
                1,
                1113,
                395,
                1,
                1129,
                476,
                1,
                1137,
                551,
                1,
                1062,
                395,
                1,
                1051,
                328,
                1,
                1040,
                255,
                2,
                1033,
                225,
                2,
                967,
                314,
                1,
                965,
                354,
                2,
                987,
                273,
                2,
                1103,
                252,
                1,
                1150,
                340,
                1,
                1128,
                383,
                1
            ],
            "action": "sit down",
            "age": "elder",
            "disabled": false,
            "mask": true,
            "get_on": false,
            "get_off": false
        },
        {
            "id": 1,
            "bbox": [
                1413,
                347,
                1888,
                1079
            ],
            "occluded": true,
            "num_keypoints": 16,
            "keypoints": [
                1507,
                1079,
                0,
                1507,
                932,
                0,
                1525,
                1069,
                1,
                1760,
                1069,
                1,
                1792,
                932,
                0,
                1792,
                1079,
                0,
                1658,
                1065,
                1,
                1685,
                898,
                2,
                1713,
                677,
                1,
                1721,
                581,
                2,
                1459,
                713,
                0,
                1471,
                973,
                2,
                1518,
                674,
                2,
                1855,
                701,
                2,
                1812,
                984,
                2,
                1840,
                713,
                0
            ],
            "action": "sit down",
            "age": "adult",
            "disabled": false,
            "mask": true,
            "get_on": false,
            "get_off": false
        },
        {
            "id": 2,
            "bbox": [
                1054,
                66,
                1511,
                873
            ],
            "occluded": true,
            "num_keypoints": 16,
            "keypoints": [
                1149,
                819,
                2,
                1218,
                657,
                2,
                1220,
                494,
                2,
                1156,
                467,
                2,
                1202,
                605,
                1,
                1238,
                707,
                2,
                1188,
                481,
                2,
                1190,
                382,
                2,
                1210,
                202,
                2,
                1229,
                154,
                2,
                1460,
                371,
                2,
                1354,
                385,
                1,
                1281,
                255,
                2,
                1133,
                212,
                2,
                1127,
                380,
                1,
                1212,
                466,
                1
            ],
            "action": "walk",
            "age": "elder",
            "disabled": false,
            "mask": true,
            "get_on": true,
            "get_off": false
        }
    ]
}