{
    "info": {
        "description": "AIHub Bus Passenger Dataset",
        "year": 2020,
        "version": "1.0",
        "img_path": "",
        "width": 1920,
        "height": 1080,
        "G-Sensor": "55,-35,898",
        "Gyro": "0,0,0"
    },
    "annotations": [
        {
            "id": 0,
            "bbox": [
                936,
                159,
                1170,
                610
            ],
            "occluded": true,
            "num_keypoints": 16,
            "keypoints": [
                1024,
                537,
                2,
                992,
                437,
                2,
                1007,
                399,
                2,
                1113,
                396,
                1,
                1129,
                476,
                2,
                1135,
                534,
                2,
                1055,
                398,
                1,
                1047,
                331,
                1,
                1037,
                253,
                1,
                1030,
                212,
                2,
                967,
                316,
                1,
                959,
                354,
                2,
                980,
                265,
                2,
                1094,
                248,
                2,
                1134,
                340,
                2,
                1128,
                383,
                2
            ],
            "action": "sit down",
            "age": "elder",
            "disabled": false,
            "mask": true,
            "get_on": false,
            "get_off": false
        },
        {
            "id": 1,
            "bbox": [
                1390,
                356,
                1891,
                1079
            ],
            "occluded": true,
            "num_keypoints": 16,
            "keypoints": [
                1490,
                1079,
                0,
                1490,
                933,
                0,
                1504,
                1072,
                1,
                1730,
                1077,
                1,
                1790,
                933,
                0,
                1790,
                1079,
                0,
                1625,
                1074,
                1,
                1658,
                943,
                2,
                1708,
                689,
                1,
                1731,
                595,
                2,
                1439,
                717,
                0,
                1436,
                955,
                2,
                1498,
                682,
                2,
                1864,
                747,
                2,
                1808,
                1034,
                2,
                1840,
                717,
                0
            ],
            "action": "sit down",
            "age": "adult",
            "disabled": false,
            "mask": true,
            "get_on": false,
            "get_off": false
        },
        {
            "id": 2,
            "bbox": [
                1157,
                54,
                1635,
                770
            ],
            "occluded": true,
            "num_keypoints": 16,
            "keypoints": [
                1263,
                697,
                2,
                1280,
                571,
                2,
                1276,
                412,
                2,
                1393,
                405,
                2,
                1373,
                575,
                1,
                1361,
                695,
                1,
                1328,
                420,
                2,
                1324,
                319,
                2,
                1316,
                220,
                1,
                1315,
                158,
                1,
                1261,
                479,
                2,
                1173,
                371,
                2,
                1204,
                228,
                2,
                1401,
                202,
                2,
                1479,
                267,
                2,
                1560,
                325,
                2
            ],
            "action": "stand",
            "age": "elder",
            "disabled": false,
            "mask": true,
            "get_on": true,
            "get_off": false
        }
    ]
}