{
    "info": {
        "description": "AIHub Bus Passenger Dataset",
        "year": 2020,
        "version": "1.0",
        "img_path": "",
        "width": 1920,
        "height": 1080,
        "G-Sensor": "88,20,836",
        "Gyro": "0,0,0"
    },
    "annotations": [
        {
            "id": 0,
            "bbox": [
                936,
                152,
                1170,
                610
            ],
            "occluded": true,
            "num_keypoints": 16,
            "keypoints": [
                1021,
                548,
                2,
                983,
                474,
                2,
                1004,
                399,
                2,
                1113,
                394,
                1,
                1144,
                472,
                2,
                1145,
                547,
                2,
                1056,
                399,
                1,
                1041,
                332,
                1,
                1026,
                261,
                1,
                1015,
                217,
                1,
                967,
                314,
                1,
                965,
                349,
                2,
                972,
                273,
                2,
                1093,
                247,
                2,
                1136,
                331,
                2,
                1122,
                375,
                2
            ],
            "action": "sit down",
            "age": "elder",
            "disabled": false,
            "mask": true,
            "get_on": false,
            "get_off": false
        },
        {
            "id": 1,
            "bbox": [
                1414,
                346,
                1888,
                1079
            ],
            "occluded": true,
            "num_keypoints": 16,
            "keypoints": [
                1508,
                1079,
                0,
                1508,
                931,
                0,
                1526,
                1068,
                1,
                1764,
                1073,
                1,
                1791,
                931,
                0,
                1791,
                1079,
                0,
                1657,
                1071,
                1,
                1674,
                916,
                2,
                1697,
                686,
                2,
                1749,
                580,
                2,
                1460,
                712,
                0,
                1463,
                988,
                2,
                1514,
                678,
                2,
                1862,
                688,
                2,
                1802,
                1032,
                2,
                1839,
                712,
                0
            ],
            "action": "sit down",
            "age": "adult",
            "disabled": false,
            "mask": true,
            "get_on": false,
            "get_off": false
        }
    ]
}