{
    "info": {
        "description": "AIHub Bus Passenger Dataset",
        "year": 2020,
        "version": "1.0",
        "img_path": "",
        "width": 1920,
        "height": 1080,
        "G-Sensor": "143,-61,908",
        "Gyro": "0,0,0"
    },
    "annotations": [
        {
            "id": 0,
            "bbox": [
                938,
                162,
                1172,
                607
            ],
            "occluded": true,
            "num_keypoints": 16,
            "keypoints": [
                1026,
                534,
                2,
                994,
                436,
                2,
                1009,
                398,
                2,
                1115,
                395,
                1,
                1131,
                473,
                2,
                1137,
                531,
                2,
                1057,
                397,
                1,
                1060,
                325,
                2,
                1048,
                254,
                2,
                1034,
                215,
                2,
                969,
                315,
                1,
                978,
                345,
                2,
                1001,
                262,
                2,
                1115,
                260,
                2,
                1136,
                339,
                2,
                1130,
                382,
                2
            ],
            "action": "sit down",
            "age": "elder",
            "disabled": false,
            "mask": true,
            "get_on": false,
            "get_off": false
        },
        {
            "id": 1,
            "bbox": [
                1409,
                365,
                1884,
                1079
            ],
            "occluded": true,
            "num_keypoints": 16,
            "keypoints": [
                1501,
                1079,
                0,
                1501,
                933,
                0,
                1514,
                1069,
                1,
                1757,
                1075,
                1,
                1785,
                933,
                0,
                1785,
                1079,
                0,
                1651,
                1072,
                1,
                1667,
                915,
                2,
                1704,
                680,
                2,
                1753,
                593,
                2,
                1453,
                720,
                0,
                1452,
                964,
                2,
                1508,
                675,
                2,
                1862,
                720,
                2,
                1817,
                997,
                2,
                1777,
                801,
                0
            ],
            "action": "sit down",
            "age": "adult",
            "disabled": false,
            "mask": true,
            "get_on": false,
            "get_off": false
        },
        {
            "id": 2,
            "bbox": [
                1399,
                158,
                1686,
                683
            ],
            "occluded": true,
            "num_keypoints": 16,
            "keypoints": [
                1452,
                634,
                1,
                1478,
                518,
                1,
                1510,
                392,
                2,
                1613,
                399,
                1,
                1593,
                531,
                1,
                1592,
                645,
                1,
                1560,
                399,
                1,
                1570,
                350,
                2,
                1573,
                292,
                2,
                1576,
                239,
                2,
                1520,
                353,
                1,
                1494,
                330,
                2,
                1509,
                263,
                2,
                1628,
                284,
                2,
                1641,
                344,
                1,
                1675,
                373,
                1
            ],
            "action": "stand",
            "age": "elder",
            "disabled": false,
            "mask": true,
            "get_on": true,
            "get_off": false
        }
    ]
}