{
    "info": {
        "description": "AIHub Bus Passenger Dataset",
        "year": 2020,
        "version": "1.0",
        "img_path": "",
        "width": 1920,
        "height": 1080,
        "G-Sensor": "57,-35,893",
        "Gyro": "0,0,0"
    },
    "annotations": [
        {
            "id": 0,
            "bbox": [
                936,
                159,
                1170,
                610
            ],
            "occluded": true,
            "num_keypoints": 16,
            "keypoints": [
                1021,
                548,
                2,
                980,
                466,
                2,
                1007,
                399,
                2,
                1113,
                396,
                1,
                1129,
                476,
                2,
                1137,
                551,
                2,
                1055,
                398,
                1,
                1047,
                331,
                1,
                1037,
                253,
                1,
                1030,
                212,
                2,
                967,
                316,
                1,
                959,
                354,
                2,
                980,
                265,
                2,
                1094,
                248,
                2,
                1138,
                340,
                2,
                1128,
                383,
                2
            ],
            "action": "sit down",
            "age": "elder",
            "disabled": false,
            "mask": true,
            "get_on": false,
            "get_off": false
        },
        {
            "id": 1,
            "bbox": [
                1385,
                359,
                1892,
                1078
            ],
            "occluded": true,
            "num_keypoints": 16,
            "keypoints": [
                1486,
                1078,
                0,
                1486,
                933,
                0,
                1505,
                1068,
                1,
                1755,
                1068,
                1,
                1789,
                933,
                0,
                1789,
                1078,
                0,
                1647,
                1064,
                1,
                1675,
                900,
                2,
                1696,
                672,
                2,
                1698,
                555,
                2,
                1435,
                718,
                0,
                1447,
                973,
                2,
                1518,
                641,
                2,
                1861,
                748,
                2,
                1791,
                1022,
                2,
                1840,
                718,
                0
            ],
            "action": "sit down",
            "age": "adult",
            "disabled": false,
            "mask": true,
            "get_on": false,
            "get_off": false
        },
        {
            "id": 2,
            "bbox": [
                1078,
                48,
                1557,
                769
            ],
            "occluded": true,
            "num_keypoints": 16,
            "keypoints": [
                1333,
                612,
                1,
                1275,
                561,
                2,
                1255,
                379,
                2,
                1350,
                398,
                1,
                1356,
                588,
                1,
                1352,
                709,
                1,
                1299,
                390,
                2,
                1296,
                294,
                2,
                1295,
                204,
                2,
                1286,
                136,
                2,
                1132,
                419,
                2,
                1184,
                313,
                2,
                1215,
                196,
                2,
                1397,
                190,
                2,
                1445,
                278,
                2,
                1465,
                337,
                2
            ],
            "action": "stand",
            "age": "elder",
            "disabled": false,
            "mask": true,
            "get_on": true,
            "get_off": false
        }
    ]
}