{
    "info": {
        "description": "AIHub Bus Passenger Dataset",
        "year": 2020,
        "version": "1.0",
        "img_path": "",
        "width": 1920,
        "height": 1080,
        "G-Sensor": "47,-29,896",
        "Gyro": "0,0,0"
    },
    "annotations": [
        {
            "id": 0,
            "bbox": [
                936,
                155,
                1170,
                610
            ],
            "occluded": true,
            "num_keypoints": 16,
            "keypoints": [
                1021,
                548,
                2,
                983,
                475,
                2,
                1004,
                400,
                2,
                1113,
                396,
                1,
                1129,
                476,
                2,
                1137,
                551,
                2,
                1058,
                396,
                1,
                1051,
                329,
                2,
                1044,
                255,
                2,
                1033,
                225,
                2,
                967,
                315,
                1,
                974,
                351,
                2,
                987,
                274,
                2,
                1098,
                245,
                2,
                1150,
                340,
                2,
                1128,
                384,
                2
            ],
            "action": "sit down",
            "age": "elder",
            "disabled": false,
            "mask": true,
            "get_on": false,
            "get_off": false
        },
        {
            "id": 1,
            "bbox": [
                1419,
                348,
                1885,
                1079
            ],
            "occluded": true,
            "num_keypoints": 16,
            "keypoints": [
                1512,
                1079,
                0,
                1512,
                932,
                0,
                1529,
                1069,
                1,
                1759,
                1069,
                1,
                1791,
                932,
                0,
                1791,
                1079,
                0,
                1660,
                1065,
                1,
                1686,
                898,
                2,
                1706,
                691,
                2,
                1699,
                588,
                2,
                1465,
                713,
                0,
                1476,
                973,
                2,
                1530,
                665,
                2,
                1840,
                704,
                2,
                1792,
                1024,
                2,
                1838,
                713,
                0
            ],
            "action": "sit down",
            "age": "adult",
            "disabled": false,
            "mask": true,
            "get_on": false,
            "get_off": false
        },
        {
            "id": 2,
            "bbox": [
                661,
                318,
                1087,
                969
            ],
            "occluded": true,
            "num_keypoints": 16,
            "keypoints": [
                852,
                911,
                1,
                824,
                830,
                2,
                780,
                675,
                2,
                851,
                651,
                2,
                865,
                761,
                2,
                868,
                850,
                2,
                819,
                667,
                2,
                798,
                580,
                2,
                780,
                454,
                2,
                782,
                399,
                2,
                739,
                716,
                1,
                672,
                606,
                1,
                693,
                474,
                1,
                840,
                441,
                2,
                910,
                487,
                2,
                1012,
                488,
                2
            ],
            "action": "walk",
            "age": "elder",
            "disabled": false,
            "mask": true,
            "get_on": true,
            "get_off": false
        }
    ]
}