{
    "info": {
        "description": "AIHub Bus Passenger Dataset",
        "year": 2020,
        "version": "1.0",
        "img_path": "",
        "width": 1920,
        "height": 1080,
        "G-Sensor": "96,-47,1064",
        "Gyro": "0,0,0"
    },
    "annotations": [
        {
            "id": 0,
            "bbox": [
                936,
                157,
                1170,
                610
            ],
            "occluded": true,
            "num_keypoints": 16,
            "keypoints": [
                1021,
                549,
                2,
                983,
                476,
                2,
                1004,
                401,
                2,
                1113,
                397,
                1,
                1144,
                474,
                2,
                1145,
                548,
                2,
                1056,
                401,
                1,
                1043,
                333,
                1,
                1026,
                257,
                1,
                1014,
                231,
                1,
                962,
                314,
                1,
                964,
                354,
                2,
                975,
                277,
                2,
                1090,
                244,
                2,
                1136,
                334,
                2,
                1122,
                377,
                2
            ],
            "action": "sit down",
            "age": "elder",
            "disabled": false,
            "mask": true,
            "get_on": false,
            "get_off": false
        },
        {
            "id": 1,
            "bbox": [
                1407,
                387,
                1891,
                1079
            ],
            "occluded": true,
            "num_keypoints": 16,
            "keypoints": [
                1502,
                1079,
                0,
                1502,
                939,
                0,
                1521,
                1068,
                1,
                1763,
                1073,
                1,
                1791,
                939,
                0,
                1791,
                1079,
                0,
                1654,
                1071,
                1,
                1672,
                924,
                2,
                1691,
                723,
                2,
                1766,
                627,
                2,
                1453,
                732,
                0,
                1456,
                992,
                2,
                1508,
                699,
                2,
                1866,
                733,
                2,
                1802,
                1034,
                2,
                1840,
                732,
                0
            ],
            "action": "sit down",
            "age": "adult",
            "disabled": false,
            "mask": true,
            "get_on": false,
            "get_off": false
        },
        {
            "id": 2,
            "bbox": [
                174,
                580,
                395,
                1079
            ],
            "occluded": true,
            "num_keypoints": 16,
            "keypoints": [
                351,
                1052,
                1,
                321,
                948,
                1,
                283,
                847,
                1,
                327,
                819,
                1,
                340,
                929,
                1,
                310,
                1042,
                1,
                305,
                835,
                1,
                280,
                764,
                2,
                242,
                678,
                2,
                244,
                642,
                2,
                275,
                895,
                1,
                226,
                842,
                2,
                210,
                710,
                2,
                267,
                661,
                1,
                296,
                733,
                1,
                365,
                732,
                1
            ],
            "action": "walk",
            "age": "elder",
            "disabled": false,
            "mask": true,
            "get_on": true,
            "get_off": false
        }
    ]
}