{
    "info": {
        "description": "AIHub Bus Passenger Dataset",
        "year": 2020,
        "version": "1.0",
        "img_path": "",
        "width": 1920,
        "height": 1080,
        "G-Sensor": "105,-53,785",
        "Gyro": "0,0,0"
    },
    "annotations": [
        {
            "id": 0,
            "bbox": [
                936,
                158,
                1170,
                610
            ],
            "occluded": true,
            "num_keypoints": 16,
            "keypoints": [
                1019,
                541,
                2,
                996,
                463,
                2,
                1013,
                401,
                2,
                1116,
                394,
                1,
                1129,
                472,
                2,
                1138,
                560,
                2,
                1057,
                397,
                1,
                1036,
                323,
                1,
                1009,
                264,
                2,
                1000,
                226,
                2,
                961,
                328,
                2,
                969,
                355,
                2,
                963,
                279,
                2,
                1071,
                244,
                2,
                1120,
                336,
                2,
                1107,
                385,
                2
            ],
            "action": "sit down",
            "age": "elder",
            "disabled": false,
            "mask": true,
            "get_on": false,
            "get_off": false
        },
        {
            "id": 1,
            "bbox": [
                1410,
                343,
                1888,
                1079
            ],
            "occluded": true,
            "num_keypoints": 16,
            "keypoints": [
                1505,
                1079,
                0,
                1505,
                931,
                0,
                1515,
                1068,
                1,
                1758,
                1071,
                1,
                1791,
                931,
                0,
                1791,
                1079,
                0,
                1640,
                1068,
                1,
                1661,
                904,
                2,
                1680,
                683,
                2,
                1734,
                571,
                2,
                1457,
                711,
                0,
                1452,
                994,
                2,
                1494,
                682,
                2,
                1855,
                697,
                2,
                1806,
                1013,
                2,
                1839,
                711,
                0
            ],
            "action": "sit down",
            "age": "adult",
            "disabled": false,
            "mask": true,
            "get_on": false,
            "get_off": false
        }
    ]
}