{
    "info": {
        "description": "AIHub Bus Passenger Dataset",
        "year": 2020,
        "version": "1.0",
        "img_path": "",
        "width": 1920,
        "height": 1080,
        "G-Sensor": "51,-16,895",
        "Gyro": "0,0,0"
    },
    "annotations": [
        {
            "id": 0,
            "bbox": [
                936,
                158,
                1170,
                610
            ],
            "occluded": true,
            "num_keypoints": 16,
            "keypoints": [
                1021,
                549,
                2,
                980,
                467,
                2,
                1007,
                400,
                2,
                1113,
                397,
                1,
                1129,
                477,
                2,
                1137,
                552,
                2,
                1055,
                399,
                1,
                1040,
                332,
                1,
                1024,
                258,
                1,
                1016,
                220,
                1,
                967,
                317,
                1,
                958,
                362,
                2,
                980,
                266,
                2,
                1094,
                249,
                2,
                1135,
                344,
                2,
                1128,
                385,
                2
            ],
            "action": "sit down",
            "age": "elder",
            "disabled": false,
            "mask": true,
            "get_on": false,
            "get_off": false
        },
        {
            "id": 1,
            "bbox": [
                1308,
                360,
                1893,
                1079
            ],
            "occluded": true,
            "num_keypoints": 16,
            "keypoints": [
                1424,
                1079,
                0,
                1424,
                934,
                0,
                1488,
                1012,
                2,
                1691,
                1067,
                1,
                1775,
                934,
                0,
                1775,
                1079,
                0,
                1582,
                1059,
                1,
                1643,
                869,
                2,
                1689,
                669,
                2,
                1673,
                564,
                2,
                1415,
                847,
                2,
                1461,
                912,
                2,
                1529,
                639,
                2,
                1855,
                742,
                2,
                1775,
                1057,
                2,
                1834,
                719,
                0
            ],
            "action": "sit down",
            "age": "adult",
            "disabled": false,
            "mask": true,
            "get_on": false,
            "get_off": false
        },
        {
            "id": 2,
            "bbox": [
                1381,
                159,
                1664,
                690
            ],
            "occluded": true,
            "num_keypoints": 16,
            "keypoints": [
                1432,
                635,
                2,
                1429,
                526,
                2,
                1470,
                392,
                1,
                1559,
                384,
                1,
                1568,
                511,
                1,
                1567,
                630,
                1,
                1518,
                387,
                2,
                1514,
                341,
                2,
                1509,
                264,
                2,
                1503,
                224,
                2,
                1470,
                374,
                1,
                1449,
                360,
                2,
                1441,
                265,
                2,
                1578,
                273,
                2,
                1590,
                329,
                2,
                1637,
                354,
                1
            ],
            "action": "sit down",
            "age": "elder",
            "disabled": false,
            "mask": true,
            "get_on": true,
            "get_off": false
        }
    ]
}