{
    "info": {
        "description": "AIHub Bus Passenger Dataset",
        "year": 2020,
        "version": "1.0",
        "img_path": "",
        "width": 1920,
        "height": 1080,
        "G-Sensor": "-123,-12,1063",
        "Gyro": "0,0,0"
    },
    "annotations": [
        {
            "id": 0,
            "bbox": [
                936,
                162,
                1170,
                610
            ],
            "occluded": true,
            "num_keypoints": 16,
            "keypoints": [
                1024,
                537,
                2,
                992,
                438,
                2,
                1007,
                400,
                2,
                1113,
                397,
                1,
                1129,
                476,
                2,
                1135,
                534,
                2,
                1055,
                399,
                1,
                1046,
                332,
                1,
                1026,
                253,
                1,
                1019,
                223,
                1,
                967,
                317,
                1,
                959,
                355,
                2,
                980,
                267,
                2,
                1094,
                250,
                2,
                1134,
                341,
                2,
                1128,
                384,
                2
            ],
            "action": "sit down",
            "age": "elder",
            "disabled": false,
            "mask": true,
            "get_on": false,
            "get_off": false
        },
        {
            "id": 1,
            "bbox": [
                1400,
                372,
                1884,
                1079
            ],
            "occluded": true,
            "num_keypoints": 16,
            "keypoints": [
                1494,
                1079,
                0,
                1494,
                934,
                0,
                1508,
                1070,
                1,
                1755,
                1076,
                1,
                1784,
                934,
                0,
                1784,
                1079,
                0,
                1647,
                1073,
                1,
                1663,
                916,
                2,
                1690,
                675,
                2,
                1731,
                587,
                2,
                1445,
                724,
                0,
                1444,
                965,
                2,
                1501,
                679,
                2,
                1862,
                724,
                2,
                1799,
                1020,
                2,
                1775,
                804,
                0
            ],
            "action": "sit down",
            "age": "adult",
            "disabled": false,
            "mask": true,
            "get_on": false,
            "get_off": false
        },
        {
            "id": 2,
            "bbox": [
                1399,
                158,
                1686,
                683
            ],
            "occluded": true,
            "num_keypoints": 16,
            "keypoints": [
                1452,
                634,
                1,
                1470,
                538,
                1,
                1508,
                395,
                2,
                1613,
                399,
                1,
                1600,
                538,
                1,
                1592,
                645,
                1,
                1560,
                399,
                1,
                1561,
                345,
                2,
                1559,
                279,
                2,
                1559,
                222,
                2,
                1493,
                347,
                1,
                1472,
                334,
                2,
                1500,
                264,
                2,
                1615,
                269,
                2,
                1641,
                344,
                1,
                1675,
                373,
                1
            ],
            "action": "stand",
            "age": "elder",
            "disabled": false,
            "mask": true,
            "get_on": true,
            "get_off": false
        }
    ]
}