{
    "info": {
        "description": "AIHub Bus Passenger Dataset",
        "year": 2020,
        "version": "1.0",
        "img_path": "",
        "width": 1920,
        "height": 1080,
        "G-Sensor": "68,-29,893",
        "Gyro": "0,0,0"
    },
    "annotations": [
        {
            "id": 0,
            "bbox": [
                936,
                156,
                1170,
                610
            ],
            "occluded": true,
            "num_keypoints": 16,
            "keypoints": [
                1021,
                548,
                2,
                980,
                466,
                2,
                1010,
                397,
                2,
                1113,
                396,
                1,
                1129,
                477,
                2,
                1137,
                551,
                2,
                1062,
                396,
                1,
                1052,
                328,
                2,
                1037,
                256,
                2,
                1016,
                214,
                1,
                967,
                316,
                1,
                956,
                353,
                2,
                981,
                268,
                2,
                1093,
                249,
                2,
                1141,
                333,
                2,
                1128,
                384,
                2
            ],
            "action": "sit down",
            "age": "elder",
            "disabled": false,
            "mask": true,
            "get_on": false,
            "get_off": false
        },
        {
            "id": 1,
            "bbox": [
                1413,
                347,
                1884,
                1079
            ],
            "occluded": true,
            "num_keypoints": 16,
            "keypoints": [
                1507,
                1079,
                0,
                1507,
                932,
                0,
                1524,
                1069,
                1,
                1757,
                1069,
                1,
                1789,
                932,
                0,
                1789,
                1079,
                0,
                1656,
                1065,
                1,
                1682,
                898,
                2,
                1709,
                675,
                2,
                1680,
                557,
                2,
                1459,
                713,
                0,
                1470,
                973,
                2,
                1525,
                665,
                2,
                1846,
                704,
                2,
                1796,
                1022,
                2,
                1836,
                713,
                0
            ],
            "action": "sit down",
            "age": "adult",
            "disabled": false,
            "mask": true,
            "get_on": false,
            "get_off": false
        },
        {
            "id": 2,
            "bbox": [
                1380,
                155,
                1651,
                690
            ],
            "occluded": true,
            "num_keypoints": 16,
            "keypoints": [
                1429,
                635,
                2,
                1434,
                506,
                2,
                1460,
                399,
                1,
                1553,
                401,
                1,
                1560,
                510,
                1,
                1558,
                627,
                1,
                1511,
                400,
                2,
                1508,
                336,
                2,
                1506,
                266,
                2,
                1503,
                232,
                2,
                1466,
                371,
                1,
                1448,
                353,
                2,
                1438,
                262,
                2,
                1569,
                270,
                2,
                1591,
                328,
                2,
                1627,
                348,
                1
            ],
            "action": "sit down",
            "age": "elder",
            "disabled": false,
            "mask": true,
            "get_on": true,
            "get_off": false
        }
    ]
}