{
    "info": {
        "description": "AIHub Bus Passenger Dataset",
        "year": 2020,
        "version": "1.0",
        "img_path": "",
        "width": 1920,
        "height": 1080,
        "G-Sensor": "6,-31,982",
        "Gyro": "0,0,0"
    },
    "annotations": [
        {
            "id": 0,
            "bbox": [
                936,
                158,
                1170,
                613
            ],
            "occluded": true,
            "num_keypoints": 16,
            "keypoints": [
                1021,
                551,
                2,
                983,
                478,
                1,
                1010,
                400,
                1,
                1113,
                399,
                1,
                1129,
                479,
                2,
                1137,
                554,
                2,
                1062,
                399,
                1,
                1051,
                332,
                1,
                1040,
                269,
                1,
                1033,
                228,
                1,
                975,
                322,
                1,
                965,
                358,
                1,
                987,
                277,
                1,
                1102,
                258,
                2,
                1150,
                343,
                2,
                1128,
                387,
                2
            ],
            "action": "sit down",
            "age": "elder",
            "disabled": false,
            "mask": true,
            "get_on": false,
            "get_off": false
        },
        {
            "id": 1,
            "bbox": [
                1413,
                347,
                1896,
                1079
            ],
            "occluded": true,
            "num_keypoints": 16,
            "keypoints": [
                1509,
                1079,
                0,
                1509,
                932,
                0,
                1527,
                1069,
                1,
                1766,
                1069,
                1,
                1798,
                932,
                0,
                1798,
                1079,
                0,
                1663,
                1065,
                1,
                1689,
                898,
                2,
                1702,
                675,
                1,
                1718,
                582,
                2,
                1460,
                713,
                0,
                1472,
                973,
                2,
                1528,
                665,
                2,
                1842,
                685,
                2,
                1808,
                982,
                2,
                1847,
                713,
                0
            ],
            "action": "sit down",
            "age": "adult",
            "disabled": false,
            "mask": true,
            "get_on": false,
            "get_off": false
        },
        {
            "id": 2,
            "bbox": [
                783,
                170,
                1088,
                931
            ],
            "occluded": true,
            "num_keypoints": 16,
            "keypoints": [
                958,
                860,
                2,
                968,
                728,
                2,
                836,
                553,
                2,
                891,
                532,
                2,
                1018,
                663,
                2,
                1009,
                776,
                2,
                868,
                539,
                2,
                909,
                476,
                2,
                1005,
                332,
                2,
                1035,
                279,
                2,
                982,
                668,
                2,
                959,
                575,
                2,
                995,
                404,
                2,
                963,
                310,
                1,
                965,
                464,
                1,
                990,
                560,
                1
            ],
            "action": "walk",
            "age": "elder",
            "disabled": false,
            "mask": true,
            "get_on": true,
            "get_off": false
        }
    ]
}