{
    "info": {
        "description": "AIHub Bus Passenger Dataset",
        "year": 2020,
        "version": "1.0",
        "img_path": "",
        "width": 1920,
        "height": 1080,
        "G-Sensor": "117,21,955",
        "Gyro": "0,0,0"
    },
    "annotations": [
        {
            "id": 0,
            "bbox": [
                936,
                142,
                1170,
                610
            ],
            "occluded": true,
            "num_keypoints": 16,
            "keypoints": [
                1021,
                547,
                2,
                983,
                472,
                2,
                1004,
                395,
                2,
                1113,
                390,
                1,
                1144,
                470,
                2,
                1145,
                546,
                2,
                1056,
                395,
                1,
                1041,
                326,
                1,
                1026,
                254,
                1,
                1015,
                209,
                1,
                967,
                308,
                1,
                965,
                344,
                2,
                980,
                264,
                2,
                1093,
                240,
                2,
                1136,
                325,
                2,
                1122,
                370,
                2
            ],
            "action": "sit down",
            "age": "elder",
            "disabled": false,
            "mask": true,
            "get_on": false,
            "get_off": false
        },
        {
            "id": 1,
            "bbox": [
                1401,
                363,
                1884,
                1079
            ],
            "occluded": true,
            "num_keypoints": 16,
            "keypoints": [
                1496,
                1079,
                0,
                1496,
                934,
                0,
                1515,
                1068,
                1,
                1757,
                1073,
                1,
                1785,
                934,
                0,
                1785,
                1079,
                0,
                1648,
                1071,
                1,
                1665,
                919,
                2,
                1686,
                694,
                2,
                1735,
                600,
                2,
                1447,
                720,
                0,
                1450,
                990,
                2,
                1502,
                687,
                2,
                1860,
                732,
                2,
                1796,
                1033,
                2,
                1834,
                720,
                0
            ],
            "action": "sit down",
            "age": "adult",
            "disabled": false,
            "mask": true,
            "get_on": false,
            "get_off": false
        }
    ]
}