{
    "info": {
        "description": "AIHub Bus Passenger Dataset",
        "year": 2020,
        "version": "1.0",
        "img_path": "",
        "width": 1920,
        "height": 1080,
        "G-Sensor": "53,-29,896",
        "Gyro": "0,0,0"
    },
    "annotations": [
        {
            "id": 0,
            "bbox": [
                937,
                152,
                1171,
                610
            ],
            "occluded": true,
            "num_keypoints": 16,
            "keypoints": [
                1022,
                548,
                2,
                984,
                474,
                2,
                1005,
                399,
                2,
                1114,
                394,
                1,
                1130,
                475,
                2,
                1138,
                551,
                2,
                1059,
                394,
                1,
                1055,
                330,
                2,
                1041,
                252,
                2,
                1036,
                221,
                2,
                968,
                313,
                1,
                971,
                347,
                2,
                991,
                264,
                2,
                1104,
                248,
                2,
                1151,
                338,
                2,
                1129,
                382,
                2
            ],
            "action": "sit down",
            "age": "elder",
            "disabled": false,
            "mask": true,
            "get_on": false,
            "get_off": false
        },
        {
            "id": 1,
            "bbox": [
                1400,
                353,
                1881,
                1079
            ],
            "occluded": true,
            "num_keypoints": 16,
            "keypoints": [
                1494,
                1079,
                0,
                1494,
                931,
                0,
                1513,
                1067,
                1,
                1754,
                1072,
                1,
                1781,
                931,
                0,
                1781,
                1079,
                0,
                1641,
                1069,
                1,
                1662,
                916,
                2,
                1693,
                684,
                1,
                1695,
                574,
                2,
                1445,
                714,
                0,
                1448,
                988,
                2,
                1500,
                680,
                2,
                1857,
                695,
                2,
                1792,
                1032,
                2,
                1830,
                714,
                0
            ],
            "action": "sit down",
            "age": "adult",
            "disabled": false,
            "mask": true,
            "get_on": false,
            "get_off": false
        },
        {
            "id": 2,
            "bbox": [
                690,
                339,
                1091,
                973
            ],
            "occluded": true,
            "num_keypoints": 16,
            "keypoints": [
                853,
                921,
                1,
                827,
                825,
                2,
                792,
                706,
                2,
                848,
                679,
                2,
                859,
                779,
                2,
                871,
                853,
                2,
                823,
                694,
                2,
                810,
                596,
                2,
                806,
                481,
                2,
                815,
                420,
                2,
                783,
                739,
                2,
                711,
                655,
                1,
                721,
                491,
                1,
                863,
                459,
                2,
                921,
                506,
                2,
                1004,
                498,
                2
            ],
            "action": "walk",
            "age": "elder",
            "disabled": false,
            "mask": true,
            "get_on": true,
            "get_off": false
        }
    ]
}