{
    "info": {
        "description": "AIHub Bus Passenger Dataset",
        "year": 2020,
        "version": "1.0",
        "img_path": "",
        "width": 1920,
        "height": 1080,
        "G-Sensor": "-27,-70,1057",
        "Gyro": "0,0,0"
    },
    "annotations": [
        {
            "id": 0,
            "bbox": [
                936,
                142,
                1174,
                614
            ],
            "occluded": true,
            "num_keypoints": 16,
            "keypoints": [
                1020,
                542,
                2,
                972,
                466,
                2,
                1013,
                393,
                2,
                1119,
                389,
                1,
                1132,
                470,
                2,
                1141,
                562,
                2,
                1059,
                392,
                1,
                1057,
                326,
                2,
                1055,
                239,
                2,
                1052,
                202,
                2,
                965,
                329,
                2,
                989,
                343,
                2,
                1000,
                249,
                2,
                1122,
                240,
                2,
                1149,
                323,
                2,
                1129,
                375,
                2
            ],
            "action": "sit down",
            "age": "elder",
            "disabled": false,
            "mask": true,
            "get_on": false,
            "get_off": false
        },
        {
            "id": 1,
            "bbox": [
                1413,
                347,
                1888,
                1079
            ],
            "occluded": true,
            "num_keypoints": 16,
            "keypoints": [
                1507,
                1079,
                0,
                1507,
                932,
                0,
                1522,
                1058,
                1,
                1768,
                1065,
                1,
                1792,
                932,
                0,
                1792,
                1079,
                0,
                1659,
                1065,
                1,
                1685,
                898,
                2,
                1716,
                676,
                2,
                1757,
                578,
                2,
                1459,
                713,
                0,
                1472,
                988,
                2,
                1516,
                674,
                2,
                1863,
                694,
                2,
                1801,
                1027,
                2,
                1840,
                713,
                0
            ],
            "action": "sit down",
            "age": "adult",
            "disabled": false,
            "mask": true,
            "get_on": false,
            "get_off": false
        }
    ]
}