{
    "info": {
        "description": "AIHub Bus Passenger Dataset",
        "year": 2020,
        "version": "1.0",
        "img_path": "",
        "width": 1920,
        "height": 1080,
        "G-Sensor": "105,-53,785",
        "Gyro": "0,0,0"
    },
    "annotations": [
        {
            "id": 0,
            "bbox": [
                936,
                155,
                1170,
                609
            ],
            "occluded": true,
            "num_keypoints": 16,
            "keypoints": [
                1019,
                540,
                2,
                974,
                461,
                2,
                997,
                383,
                1,
                1110,
                386,
                1,
                1129,
                471,
                2,
                1138,
                555,
                2,
                1046,
                391,
                1,
                1033,
                325,
                1,
                1020,
                253,
                1,
                1015,
                225,
                1,
                956,
                322,
                2,
                968,
                347,
                2,
                972,
                280,
                2,
                1082,
                243,
                2,
                1128,
                326,
                2,
                1118,
                379,
                2
            ],
            "action": "sit down",
            "age": "elder",
            "disabled": false,
            "mask": true,
            "get_on": false,
            "get_off": false
        },
        {
            "id": 1,
            "bbox": [
                1410,
                334,
                1889,
                1079
            ],
            "occluded": true,
            "num_keypoints": 16,
            "keypoints": [
                1504,
                1079,
                0,
                1504,
                929,
                0,
                1515,
                1068,
                1,
                1758,
                1071,
                1,
                1791,
                929,
                0,
                1791,
                1079,
                0,
                1640,
                1069,
                1,
                1664,
                900,
                2,
                1689,
                667,
                2,
                1734,
                569,
                2,
                1456,
                706,
                0,
                1459,
                987,
                2,
                1514,
                682,
                2,
                1867,
                709,
                2,
                1794,
                1019,
                2,
                1839,
                706,
                0
            ],
            "action": "sit down",
            "age": "adult",
            "disabled": false,
            "mask": true,
            "get_on": false,
            "get_off": false
        }
    ]
}