{
    "info": {
        "description": "AIHub Bus Passenger Dataset",
        "year": 2020,
        "version": "1.0",
        "img_path": "",
        "width": 1920,
        "height": 1080,
        "G-Sensor": "-18,-41,1045",
        "Gyro": "0,0,0"
    },
    "annotations": [
        {
            "id": 0,
            "bbox": [
                931,
                163,
                1170,
                610
            ],
            "occluded": true,
            "num_keypoints": 16,
            "keypoints": [
                1017,
                549,
                2,
                975,
                468,
                2,
                1003,
                402,
                2,
                1111,
                399,
                1,
                1128,
                479,
                2,
                1136,
                552,
                2,
                1052,
                401,
                1,
                1041,
                336,
                1,
                1029,
                269,
                1,
                1016,
                222,
                1,
                962,
                320,
                1,
                962,
                362,
                2,
                976,
                274,
                2,
                1091,
                244,
                2,
                1136,
                340,
                2,
                1127,
                388,
                2
            ],
            "action": "sit down",
            "age": "elder",
            "disabled": false,
            "mask": true,
            "get_on": false,
            "get_off": false
        },
        {
            "id": 1,
            "bbox": [
                1413,
                354,
                1888,
                1079
            ],
            "occluded": true,
            "num_keypoints": 16,
            "keypoints": [
                1507,
                1079,
                0,
                1507,
                933,
                0,
                1525,
                1069,
                1,
                1760,
                1069,
                1,
                1792,
                933,
                0,
                1792,
                1079,
                0,
                1658,
                1065,
                1,
                1685,
                899,
                2,
                1705,
                687,
                2,
                1670,
                584,
                2,
                1459,
                716,
                0,
                1471,
                974,
                2,
                1526,
                668,
                2,
                1844,
                690,
                2,
                1803,
                1024,
                2,
                1840,
                716,
                0
            ],
            "action": "sit down",
            "age": "adult",
            "disabled": false,
            "mask": true,
            "get_on": false,
            "get_off": false
        },
        {
            "id": 2,
            "bbox": [
                1381,
                159,
                1664,
                690
            ],
            "occluded": true,
            "num_keypoints": 16,
            "keypoints": [
                1432,
                635,
                2,
                1429,
                526,
                2,
                1470,
                392,
                1,
                1562,
                392,
                1,
                1568,
                511,
                1,
                1567,
                630,
                1,
                1518,
                387,
                2,
                1514,
                341,
                2,
                1509,
                264,
                2,
                1503,
                224,
                2,
                1467,
                365,
                1,
                1449,
                360,
                2,
                1441,
                265,
                2,
                1578,
                273,
                2,
                1611,
                345,
                2,
                1633,
                349,
                1
            ],
            "action": "sit down",
            "age": "elder",
            "disabled": false,
            "mask": true,
            "get_on": true,
            "get_off": false
        }
    ]
}