{
    "info": {
        "description": "AIHub Bus Passenger Dataset",
        "year": 2020,
        "version": "1.0",
        "img_path": "",
        "width": 1920,
        "height": 1080,
        "G-Sensor": "59,-23,893",
        "Gyro": "0,0,0"
    },
    "annotations": [
        {
            "id": 0,
            "bbox": [
                936,
                162,
                1170,
                610
            ],
            "occluded": true,
            "num_keypoints": 16,
            "keypoints": [
                1021,
                549,
                2,
                980,
                468,
                2,
                1007,
                401,
                2,
                1113,
                398,
                1,
                1129,
                478,
                2,
                1137,
                552,
                2,
                1055,
                400,
                1,
                1043,
                334,
                1,
                1029,
                256,
                1,
                1030,
                216,
                2,
                967,
                319,
                1,
                958,
                364,
                2,
                980,
                269,
                2,
                1094,
                252,
                2,
                1132,
                352,
                2,
                1128,
                386,
                2
            ],
            "action": "sit down",
            "age": "elder",
            "disabled": false,
            "mask": true,
            "get_on": false,
            "get_off": false
        },
        {
            "id": 1,
            "bbox": [
                1389,
                347,
                1891,
                1079
            ],
            "occluded": true,
            "num_keypoints": 16,
            "keypoints": [
                1489,
                1079,
                0,
                1489,
                932,
                0,
                1535,
                1072,
                1,
                1756,
                1069,
                1,
                1789,
                932,
                0,
                1789,
                1079,
                0,
                1635,
                1070,
                1,
                1656,
                900,
                2,
                1699,
                668,
                2,
                1694,
                565,
                2,
                1438,
                713,
                0,
                1450,
                973,
                2,
                1515,
                645,
                2,
                1848,
                709,
                2,
                1789,
                1047,
                2,
                1840,
                713,
                0
            ],
            "action": "sit down",
            "age": "adult",
            "disabled": false,
            "mask": true,
            "get_on": false,
            "get_off": false
        },
        {
            "id": 2,
            "bbox": [
                1299,
                196,
                1596,
                653
            ],
            "occluded": true,
            "num_keypoints": 16,
            "keypoints": [
                1373,
                605,
                1,
                1368,
                538,
                1,
                1413,
                432,
                2,
                1498,
                426,
                1,
                1466,
                540,
                1,
                1464,
                635,
                1,
                1449,
                429,
                2,
                1437,
                387,
                2,
                1413,
                317,
                2,
                1405,
                281,
                2,
                1369,
                463,
                1,
                1309,
                390,
                2,
                1359,
                312,
                1,
                1498,
                286,
                2,
                1579,
                338,
                2,
                1544,
                350,
                2
            ],
            "action": "sit down",
            "age": "elder",
            "disabled": false,
            "mask": true,
            "get_on": true,
            "get_off": false
        }
    ]
}