{
    "info": {
        "description": "AIHub Bus Passenger Dataset",
        "year": 2020,
        "version": "1.0",
        "img_path": "",
        "width": 1920,
        "height": 1080,
        "G-Sensor": "-2,-29,898",
        "Gyro": "0,0,0"
    },
    "annotations": [
        {
            "id": 0,
            "bbox": [
                936,
                142,
                1170,
                610
            ],
            "occluded": true,
            "num_keypoints": 16,
            "keypoints": [
                1021,
                547,
                2,
                982,
                462,
                2,
                1018,
                394,
                2,
                1120,
                394,
                1,
                1139,
                465,
                2,
                1137,
                551,
                2,
                1065,
                396,
                1,
                1069,
                325,
                2,
                1073,
                246,
                2,
                1068,
                209,
                2,
                1000,
                361,
                2,
                999,
                316,
                1,
                1023,
                239,
                1,
                1138,
                244,
                2,
                1159,
                329,
                2,
                1143,
                384,
                2
            ],
            "action": "sit down",
            "age": "elder",
            "disabled": false,
            "mask": true,
            "get_on": false,
            "get_off": false
        },
        {
            "id": 1,
            "bbox": [
                1414,
                346,
                1893,
                1079
            ],
            "occluded": true,
            "num_keypoints": 16,
            "keypoints": [
                1509,
                1079,
                0,
                1509,
                931,
                0,
                1527,
                1068,
                1,
                1767,
                1073,
                1,
                1796,
                931,
                0,
                1796,
                1079,
                0,
                1658,
                1072,
                1,
                1688,
                897,
                2,
                1706,
                683,
                2,
                1747,
                579,
                2,
                1461,
                712,
                0,
                1461,
                977,
                2,
                1528,
                664,
                2,
                1865,
                704,
                2,
                1811,
                1034,
                2,
                1844,
                712,
                0
            ],
            "action": "sit down",
            "age": "adult",
            "disabled": false,
            "mask": true,
            "get_on": false,
            "get_off": false
        }
    ]
}