{
    "info": {
        "description": "AIHub Bus Passenger Dataset",
        "year": 2020,
        "version": "1.0",
        "img_path": "",
        "width": 1920,
        "height": 1080,
        "G-Sensor": "-27,-70,1057",
        "Gyro": "0,0,0"
    },
    "annotations": [
        {
            "id": 0,
            "bbox": [
                936,
                142,
                1170,
                610
            ],
            "occluded": true,
            "num_keypoints": 16,
            "keypoints": [
                1024,
                543,
                2,
                985,
                455,
                2,
                1007,
                392,
                2,
                1108,
                385,
                1,
                1129,
                468,
                2,
                1138,
                559,
                2,
                1057,
                390,
                1,
                1046,
                323,
                1,
                1035,
                240,
                2,
                1024,
                202,
                2,
                965,
                328,
                2,
                974,
                344,
                2,
                985,
                258,
                2,
                1101,
                237,
                2,
                1146,
                322,
                2,
                1126,
                374,
                2
            ],
            "action": "sit down",
            "age": "elder",
            "disabled": false,
            "mask": true,
            "get_on": false,
            "get_off": false
        },
        {
            "id": 1,
            "bbox": [
                1412,
                354,
                1906,
                1079
            ],
            "occluded": true,
            "num_keypoints": 16,
            "keypoints": [
                1510,
                1079,
                0,
                1510,
                933,
                0,
                1530,
                1074,
                1,
                1772,
                1072,
                1,
                1806,
                933,
                0,
                1806,
                1079,
                0,
                1646,
                1075,
                1,
                1681,
                898,
                2,
                1707,
                685,
                2,
                1757,
                577,
                2,
                1460,
                716,
                0,
                1462,
                988,
                2,
                1521,
                675,
                2,
                1857,
                680,
                2,
                1808,
                1030,
                2,
                1856,
                716,
                0
            ],
            "action": "sit down",
            "age": "adult",
            "disabled": false,
            "mask": true,
            "get_on": false,
            "get_off": false
        }
    ]
}