{
    "info": {
        "description": "AIHub Bus Passenger Dataset",
        "year": 2020,
        "version": "1.0",
        "img_path": "",
        "width": 1920,
        "height": 1080,
        "G-Sensor": "31,-37,947",
        "Gyro": "0,0,0"
    },
    "annotations": [
        {
            "id": 0,
            "bbox": [
                936,
                162,
                1170,
                610
            ],
            "occluded": true,
            "num_keypoints": 16,
            "keypoints": [
                1021,
                549,
                2,
                980,
                468,
                2,
                1007,
                401,
                2,
                1113,
                398,
                1,
                1129,
                478,
                2,
                1137,
                552,
                2,
                1055,
                400,
                1,
                1047,
                334,
                1,
                1037,
                257,
                1,
                1030,
                216,
                2,
                967,
                319,
                1,
                959,
                357,
                2,
                980,
                269,
                2,
                1094,
                252,
                2,
                1132,
                352,
                2,
                1128,
                386,
                2
            ],
            "action": "sit down",
            "age": "elder",
            "disabled": false,
            "mask": true,
            "get_on": false,
            "get_off": false
        },
        {
            "id": 1,
            "bbox": [
                1388,
                355,
                1888,
                1079
            ],
            "occluded": true,
            "num_keypoints": 16,
            "keypoints": [
                1487,
                1079,
                0,
                1487,
                933,
                0,
                1506,
                1069,
                1,
                1753,
                1069,
                1,
                1787,
                933,
                0,
                1787,
                1079,
                0,
                1614,
                1070,
                1,
                1638,
                904,
                2,
                1705,
                670,
                2,
                1698,
                568,
                2,
                1437,
                717,
                0,
                1449,
                974,
                2,
                1514,
                643,
                2,
                1864,
                740,
                2,
                1778,
                1053,
                2,
                1837,
                717,
                0
            ],
            "action": "sit down",
            "age": "adult",
            "disabled": false,
            "mask": true,
            "get_on": false,
            "get_off": false
        },
        {
            "id": 2,
            "bbox": [
                1378,
                152,
                1657,
                678
            ],
            "occluded": true,
            "num_keypoints": 16,
            "keypoints": [
                1432,
                624,
                2,
                1437,
                498,
                2,
                1449,
                394,
                2,
                1527,
                398,
                1,
                1522,
                501,
                1,
                1545,
                631,
                1,
                1483,
                396,
                2,
                1486,
                340,
                2,
                1497,
                257,
                2,
                1495,
                214,
                2,
                1437,
                457,
                2,
                1413,
                369,
                2,
                1434,
                253,
                2,
                1566,
                262,
                2,
                1587,
                317,
                2,
                1644,
                359,
                1
            ],
            "action": "sit down",
            "age": "elder",
            "disabled": false,
            "mask": true,
            "get_on": true,
            "get_off": false
        }
    ]
}