{
    "info": {
        "description": "AIHub Bus Passenger Dataset",
        "year": 2020,
        "version": "1.0",
        "img_path": "",
        "width": 1920,
        "height": 1080,
        "G-Sensor": "68,-29,867",
        "Gyro": "0,0,0"
    },
    "annotations": [
        {
            "id": 0,
            "bbox": [
                936,
                162,
                1170,
                610
            ],
            "occluded": true,
            "num_keypoints": 16,
            "keypoints": [
                1021,
                549,
                2,
                980,
                468,
                2,
                1007,
                401,
                2,
                1113,
                398,
                1,
                1129,
                478,
                2,
                1137,
                552,
                2,
                1055,
                400,
                1,
                1047,
                334,
                1,
                1037,
                257,
                1,
                1030,
                216,
                2,
                967,
                319,
                1,
                959,
                357,
                2,
                980,
                269,
                2,
                1094,
                252,
                2,
                1132,
                352,
                2,
                1128,
                386,
                2
            ],
            "action": "sit down",
            "age": "elder",
            "disabled": false,
            "mask": true,
            "get_on": false,
            "get_off": false
        },
        {
            "id": 1,
            "bbox": [
                1389,
                347,
                1890,
                1079
            ],
            "occluded": true,
            "num_keypoints": 16,
            "keypoints": [
                1489,
                1079,
                0,
                1489,
                932,
                0,
                1507,
                1069,
                1,
                1755,
                1069,
                1,
                1789,
                932,
                0,
                1789,
                1079,
                0,
                1634,
                1073,
                1,
                1645,
                902,
                2,
                1700,
                662,
                2,
                1704,
                555,
                2,
                1438,
                713,
                0,
                1450,
                973,
                2,
                1528,
                648,
                2,
                1859,
                730,
                2,
                1790,
                1059,
                2,
                1839,
                713,
                0
            ],
            "action": "sit down",
            "age": "adult",
            "disabled": false,
            "mask": true,
            "get_on": false,
            "get_off": false
        },
        {
            "id": 2,
            "bbox": [
                1378,
                151,
                1657,
                677
            ],
            "occluded": true,
            "num_keypoints": 16,
            "keypoints": [
                1432,
                623,
                2,
                1437,
                497,
                2,
                1449,
                393,
                2,
                1532,
                396,
                1,
                1540,
                502,
                1,
                1549,
                625,
                1,
                1490,
                396,
                2,
                1492,
                339,
                2,
                1497,
                256,
                2,
                1495,
                213,
                2,
                1437,
                456,
                2,
                1413,
                368,
                2,
                1434,
                252,
                2,
                1566,
                261,
                2,
                1589,
                317,
                2,
                1644,
                358,
                1
            ],
            "action": "sit down",
            "age": "elder",
            "disabled": false,
            "mask": true,
            "get_on": true,
            "get_off": false
        }
    ]
}