{
    "info": {
        "description": "AIHub Bus Passenger Dataset",
        "year": 2020,
        "version": "1.0",
        "img_path": "",
        "width": 1920,
        "height": 1080,
        "G-Sensor": "-18,-41,1059",
        "Gyro": "0,0,0"
    },
    "annotations": [
        {
            "id": 0,
            "bbox": [
                938,
                158,
                1172,
                609
            ],
            "occluded": true,
            "num_keypoints": 16,
            "keypoints": [
                1023,
                548,
                2,
                982,
                466,
                2,
                1012,
                397,
                2,
                1115,
                396,
                1,
                1131,
                476,
                2,
                1139,
                551,
                2,
                1064,
                396,
                1,
                1055,
                327,
                2,
                1047,
                258,
                2,
                1044,
                222,
                2,
                969,
                317,
                1,
                961,
                359,
                2,
                988,
                267,
                2,
                1096,
                246,
                2,
                1152,
                342,
                2,
                1130,
                385,
                2
            ],
            "action": "sit down",
            "age": "elder",
            "disabled": false,
            "mask": true,
            "get_on": false,
            "get_off": false
        },
        {
            "id": 1,
            "bbox": [
                1418,
                358,
                1885,
                1079
            ],
            "occluded": true,
            "num_keypoints": 16,
            "keypoints": [
                1511,
                1079,
                0,
                1511,
                934,
                0,
                1528,
                1069,
                1,
                1759,
                1069,
                1,
                1790,
                934,
                0,
                1790,
                1079,
                0,
                1659,
                1065,
                1,
                1685,
                900,
                2,
                1707,
                688,
                2,
                1683,
                582,
                2,
                1464,
                718,
                0,
                1475,
                974,
                2,
                1529,
                671,
                2,
                1846,
                684,
                2,
                1806,
                1014,
                2,
                1837,
                718,
                0
            ],
            "action": "sit down",
            "age": "adult",
            "disabled": false,
            "mask": true,
            "get_on": false,
            "get_off": false
        },
        {
            "id": 2,
            "bbox": [
                1382,
                156,
                1653,
                684
            ],
            "occluded": true,
            "num_keypoints": 16,
            "keypoints": [
                1431,
                630,
                2,
                1428,
                521,
                2,
                1474,
                401,
                1,
                1553,
                403,
                1,
                1562,
                507,
                1,
                1561,
                629,
                1,
                1512,
                403,
                1,
                1515,
                335,
                2,
                1508,
                267,
                2,
                1508,
                227,
                2,
                1467,
                367,
                1,
                1441,
                359,
                2,
                1440,
                262,
                2,
                1571,
                270,
                2,
                1604,
                333,
                2,
                1629,
                347,
                1
            ],
            "action": "sit down",
            "age": "elder",
            "disabled": false,
            "mask": true,
            "get_on": true,
            "get_off": false
        }
    ]
}