{
    "info": {
        "description": "AIHub Bus Passenger Dataset",
        "year": 2020,
        "version": "1.0",
        "img_path": "",
        "width": 1920,
        "height": 1080,
        "G-Sensor": "72,-37,863",
        "Gyro": "0,0,0"
    },
    "annotations": [
        {
            "id": 0,
            "bbox": [
                938,
                159,
                1172,
                610
            ],
            "occluded": true,
            "num_keypoints": 16,
            "keypoints": [
                1023,
                549,
                2,
                982,
                467,
                2,
                1012,
                398,
                2,
                1115,
                397,
                1,
                1131,
                477,
                2,
                1139,
                552,
                2,
                1064,
                397,
                1,
                1055,
                328,
                2,
                1044,
                259,
                2,
                1037,
                216,
                2,
                969,
                318,
                1,
                964,
                357,
                2,
                988,
                263,
                2,
                1103,
                244,
                2,
                1152,
                343,
                2,
                1130,
                386,
                2
            ],
            "action": "sit down",
            "age": "elder",
            "disabled": false,
            "mask": true,
            "get_on": false,
            "get_off": false
        },
        {
            "id": 1,
            "bbox": [
                1413,
                347,
                1886,
                1079
            ],
            "occluded": true,
            "num_keypoints": 16,
            "keypoints": [
                1507,
                1079,
                0,
                1507,
                932,
                0,
                1525,
                1069,
                1,
                1758,
                1069,
                1,
                1790,
                932,
                0,
                1790,
                1079,
                0,
                1657,
                1065,
                1,
                1684,
                898,
                2,
                1715,
                678,
                1,
                1724,
                585,
                2,
                1459,
                713,
                0,
                1470,
                973,
                2,
                1526,
                665,
                2,
                1849,
                700,
                2,
                1801,
                1018,
                2,
                1838,
                713,
                0
            ],
            "action": "sit down",
            "age": "adult",
            "disabled": false,
            "mask": true,
            "get_on": false,
            "get_off": false
        },
        {
            "id": 2,
            "bbox": [
                1371,
                156,
                1653,
                637
            ],
            "occluded": true,
            "num_keypoints": 16,
            "keypoints": [
                1400,
                594,
                2,
                1440,
                483,
                2,
                1457,
                417,
                2,
                1540,
                419,
                1,
                1521,
                487,
                1,
                1503,
                593,
                1,
                1501,
                418,
                1,
                1504,
                339,
                2,
                1496,
                274,
                2,
                1479,
                234,
                2,
                1465,
                368,
                1,
                1432,
                367,
                2,
                1416,
                278,
                2,
                1564,
                260,
                2,
                1601,
                329,
                2,
                1633,
                349,
                1
            ],
            "action": "sit down",
            "age": "elder",
            "disabled": false,
            "mask": true,
            "get_on": true,
            "get_off": false
        }
    ]
}