{
    "info": {
        "description": "AIHub Bus Passenger Dataset",
        "year": 2020,
        "version": "1.0",
        "img_path": "",
        "width": 1920,
        "height": 1080,
        "G-Sensor": "12,-6,955",
        "Gyro": "0,0,0"
    },
    "annotations": [
        {
            "id": 0,
            "bbox": [
                936,
                163,
                1170,
                610
            ],
            "occluded": true,
            "num_keypoints": 16,
            "keypoints": [
                1021,
                549,
                2,
                980,
                468,
                2,
                1007,
                401,
                2,
                1113,
                398,
                1,
                1129,
                478,
                2,
                1137,
                552,
                2,
                1055,
                400,
                1,
                1047,
                334,
                1,
                1037,
                257,
                1,
                1030,
                216,
                2,
                967,
                319,
                1,
                959,
                357,
                2,
                980,
                269,
                2,
                1094,
                252,
                2,
                1132,
                352,
                2,
                1128,
                386,
                2
            ],
            "action": "sit down",
            "age": "elder",
            "disabled": false,
            "mask": true,
            "get_on": false,
            "get_off": false
        },
        {
            "id": 1,
            "bbox": [
                1388,
                355,
                1894,
                1079
            ],
            "occluded": true,
            "num_keypoints": 16,
            "keypoints": [
                1489,
                1079,
                0,
                1489,
                933,
                0,
                1508,
                1069,
                1,
                1758,
                1069,
                1,
                1792,
                933,
                0,
                1792,
                1079,
                0,
                1635,
                1072,
                1,
                1660,
                899,
                2,
                1701,
                672,
                2,
                1701,
                572,
                2,
                1438,
                717,
                0,
                1450,
                974,
                2,
                1523,
                648,
                2,
                1850,
                722,
                2,
                1781,
                1048,
                2,
                1843,
                717,
                0
            ],
            "action": "sit down",
            "age": "adult",
            "disabled": false,
            "mask": true,
            "get_on": false,
            "get_off": false
        },
        {
            "id": 2,
            "bbox": [
                1370,
                152,
                1656,
                678
            ],
            "occluded": true,
            "num_keypoints": 16,
            "keypoints": [
                1436,
                624,
                2,
                1427,
                538,
                2,
                1442,
                398,
                2,
                1541,
                399,
                1,
                1545,
                502,
                1,
                1544,
                623,
                1,
                1494,
                399,
                2,
                1499,
                338,
                2,
                1500,
                269,
                2,
                1504,
                210,
                2,
                1442,
                452,
                2,
                1406,
                364,
                2,
                1430,
                269,
                2,
                1566,
                264,
                2,
                1601,
                323,
                2,
                1646,
                360,
                1
            ],
            "action": "sit down",
            "age": "elder",
            "disabled": false,
            "mask": true,
            "get_on": true,
            "get_off": false
        }
    ]
}