{
    "info": {
        "description": "AIHub Bus Passenger Dataset",
        "year": 2020,
        "version": "1.0",
        "img_path": "",
        "width": 1920,
        "height": 1080,
        "G-Sensor": "49,-33,934",
        "Gyro": "0,0,0"
    },
    "annotations": [
        {
            "id": 0,
            "bbox": [
                936,
                163,
                1170,
                610
            ],
            "occluded": true,
            "num_keypoints": 16,
            "keypoints": [
                1021,
                549,
                2,
                980,
                468,
                2,
                1007,
                401,
                2,
                1113,
                398,
                1,
                1129,
                478,
                2,
                1137,
                552,
                2,
                1055,
                400,
                1,
                1047,
                334,
                1,
                1035,
                253,
                1,
                1030,
                216,
                2,
                967,
                319,
                1,
                959,
                357,
                2,
                980,
                269,
                2,
                1094,
                252,
                2,
                1138,
                343,
                2,
                1128,
                386,
                2
            ],
            "action": "sit down",
            "age": "elder",
            "disabled": false,
            "mask": true,
            "get_on": false,
            "get_off": false
        },
        {
            "id": 1,
            "bbox": [
                1384,
                350,
                1890,
                1079
            ],
            "occluded": true,
            "num_keypoints": 16,
            "keypoints": [
                1485,
                1079,
                0,
                1485,
                932,
                0,
                1504,
                1069,
                1,
                1754,
                1069,
                1,
                1788,
                932,
                0,
                1788,
                1079,
                0,
                1624,
                1072,
                1,
                1633,
                899,
                2,
                1697,
                669,
                2,
                1695,
                579,
                2,
                1434,
                714,
                0,
                1446,
                973,
                2,
                1528,
                640,
                2,
                1850,
                739,
                2,
                1791,
                1055,
                2,
                1839,
                714,
                0
            ],
            "action": "sit down",
            "age": "adult",
            "disabled": false,
            "mask": true,
            "get_on": false,
            "get_off": false
        },
        {
            "id": 2,
            "bbox": [
                1334,
                152,
                1569,
                648
            ],
            "occluded": true,
            "num_keypoints": 16,
            "keypoints": [
                1396,
                601,
                2,
                1391,
                487,
                2,
                1427,
                393,
                2,
                1504,
                393,
                1,
                1469,
                504,
                1,
                1474,
                616,
                1,
                1462,
                394,
                2,
                1464,
                334,
                1,
                1464,
                261,
                2,
                1461,
                214,
                2,
                1360,
                431,
                1,
                1384,
                349,
                2,
                1409,
                259,
                2,
                1541,
                264,
                2,
                1555,
                336,
                2,
                1544,
                342,
                2
            ],
            "action": "sit down",
            "age": "elder",
            "disabled": false,
            "mask": true,
            "get_on": true,
            "get_off": false
        }
    ]
}