{
    "info": {
        "description": "AIHub Bus Passenger Dataset",
        "year": 2020,
        "version": "1.0",
        "img_path": "",
        "width": 1920,
        "height": 1080,
        "G-Sensor": "63,-31,893",
        "Gyro": "0,0,0"
    },
    "annotations": [
        {
            "id": 0,
            "bbox": [
                936,
                157,
                1170,
                610
            ],
            "occluded": true,
            "num_keypoints": 16,
            "keypoints": [
                1021,
                549,
                2,
                983,
                476,
                2,
                1004,
                401,
                2,
                1113,
                397,
                1,
                1129,
                477,
                2,
                1137,
                551,
                2,
                1058,
                397,
                1,
                1051,
                330,
                2,
                1040,
                255,
                2,
                1033,
                227,
                2,
                967,
                316,
                1,
                974,
                352,
                2,
                987,
                276,
                2,
                1105,
                247,
                2,
                1150,
                341,
                2,
                1128,
                385,
                2
            ],
            "action": "sit down",
            "age": "elder",
            "disabled": false,
            "mask": true,
            "get_on": false,
            "get_off": false
        },
        {
            "id": 1,
            "bbox": [
                1413,
                347,
                1889,
                1079
            ],
            "occluded": true,
            "num_keypoints": 16,
            "keypoints": [
                1508,
                1079,
                0,
                1508,
                932,
                0,
                1525,
                1069,
                1,
                1761,
                1069,
                1,
                1793,
                932,
                0,
                1793,
                1079,
                0,
                1659,
                1065,
                1,
                1685,
                898,
                2,
                1705,
                694,
                2,
                1691,
                585,
                2,
                1460,
                713,
                0,
                1471,
                973,
                2,
                1526,
                665,
                2,
                1841,
                717,
                2,
                1799,
                1018,
                2,
                1841,
                713,
                0
            ],
            "action": "sit down",
            "age": "adult",
            "disabled": false,
            "mask": true,
            "get_on": false,
            "get_off": false
        },
        {
            "id": 2,
            "bbox": [
                659,
                320,
                1085,
                971
            ],
            "occluded": true,
            "num_keypoints": 16,
            "keypoints": [
                858,
                922,
                1,
                831,
                829,
                2,
                778,
                677,
                2,
                849,
                653,
                2,
                863,
                763,
                2,
                866,
                852,
                2,
                816,
                671,
                2,
                796,
                582,
                2,
                778,
                453,
                2,
                780,
                401,
                2,
                733,
                679,
                1,
                669,
                608,
                1,
                691,
                476,
                1,
                826,
                439,
                2,
                908,
                489,
                2,
                1010,
                490,
                2
            ],
            "action": "walk",
            "age": "elder",
            "disabled": false,
            "mask": true,
            "get_on": true,
            "get_off": false
        }
    ]
}