{
    "info": {
        "description": "AIHub Bus Passenger Dataset",
        "year": 2020,
        "version": "1.0",
        "img_path": "",
        "width": 1920,
        "height": 1080,
        "G-Sensor": "25,-35,955",
        "Gyro": "0,0,0"
    },
    "annotations": [
        {
            "id": 0,
            "bbox": [
                935,
                160,
                1169,
                610
            ],
            "occluded": true,
            "num_keypoints": 16,
            "keypoints": [
                1020,
                549,
                2,
                979,
                467,
                2,
                1006,
                401,
                2,
                1112,
                398,
                1,
                1128,
                478,
                2,
                1136,
                552,
                2,
                1054,
                400,
                1,
                1039,
                334,
                1,
                1024,
                260,
                1,
                1014,
                224,
                1,
                966,
                318,
                1,
                960,
                358,
                2,
                977,
                274,
                2,
                1090,
                251,
                2,
                1134,
                345,
                2,
                1127,
                386,
                2
            ],
            "action": "sit down",
            "age": "elder",
            "disabled": false,
            "mask": true,
            "get_on": false,
            "get_off": false
        },
        {
            "id": 1,
            "bbox": [
                1413,
                347,
                1889,
                1079
            ],
            "occluded": true,
            "num_keypoints": 16,
            "keypoints": [
                1508,
                1079,
                0,
                1508,
                932,
                0,
                1525,
                1069,
                1,
                1761,
                1069,
                1,
                1793,
                932,
                0,
                1793,
                1079,
                0,
                1659,
                1065,
                1,
                1685,
                898,
                2,
                1703,
                689,
                2,
                1674,
                590,
                2,
                1460,
                713,
                0,
                1471,
                973,
                2,
                1526,
                665,
                2,
                1836,
                684,
                2,
                1811,
                1000,
                2,
                1841,
                713,
                0
            ],
            "action": "sit down",
            "age": "adult",
            "disabled": false,
            "mask": true,
            "get_on": false,
            "get_off": false
        },
        {
            "id": 2,
            "bbox": [
                1380,
                162,
                1663,
                690
            ],
            "occluded": true,
            "num_keypoints": 16,
            "keypoints": [
                1431,
                636,
                2,
                1428,
                527,
                2,
                1469,
                394,
                1,
                1561,
                394,
                1,
                1567,
                513,
                1,
                1566,
                631,
                1,
                1517,
                391,
                2,
                1513,
                339,
                2,
                1509,
                269,
                2,
                1508,
                238,
                2,
                1469,
                373,
                1,
                1448,
                362,
                2,
                1440,
                268,
                2,
                1577,
                276,
                2,
                1594,
                335,
                2,
                1637,
                353,
                1
            ],
            "action": "sit down",
            "age": "elder",
            "disabled": false,
            "mask": true,
            "get_on": true,
            "get_off": false
        }
    ]
}