{
    "info": {
        "description": "AIHub Bus Passenger Dataset",
        "year": 2020,
        "version": "1.0",
        "img_path": "",
        "width": 1920,
        "height": 1080,
        "G-Sensor": "-18,-41,1059",
        "Gyro": "0,0,0"
    },
    "annotations": [
        {
            "id": 0,
            "bbox": [
                936,
                158,
                1170,
                610
            ],
            "occluded": true,
            "num_keypoints": 16,
            "keypoints": [
                1021,
                549,
                2,
                988,
                464,
                2,
                1010,
                398,
                2,
                1113,
                397,
                1,
                1129,
                477,
                2,
                1137,
                552,
                2,
                1062,
                397,
                1,
                1053,
                327,
                2,
                1040,
                269,
                2,
                1033,
                234,
                2,
                967,
                317,
                1,
                955,
                350,
                2,
                987,
                276,
                2,
                1102,
                257,
                2,
                1147,
                334,
                2,
                1128,
                385,
                2
            ],
            "action": "sit down",
            "age": "elder",
            "disabled": false,
            "mask": true,
            "get_on": false,
            "get_off": false
        },
        {
            "id": 1,
            "bbox": [
                1413,
                352,
                1886,
                1079
            ],
            "occluded": true,
            "num_keypoints": 16,
            "keypoints": [
                1507,
                1079,
                0,
                1507,
                933,
                0,
                1525,
                1069,
                1,
                1758,
                1069,
                1,
                1790,
                933,
                0,
                1790,
                1079,
                0,
                1657,
                1065,
                1,
                1684,
                899,
                2,
                1706,
                687,
                2,
                1668,
                575,
                2,
                1459,
                715,
                0,
                1470,
                973,
                2,
                1526,
                667,
                2,
                1851,
                697,
                2,
                1801,
                1010,
                2,
                1838,
                715,
                0
            ],
            "action": "sit down",
            "age": "adult",
            "disabled": false,
            "mask": true,
            "get_on": false,
            "get_off": false
        },
        {
            "id": 2,
            "bbox": [
                1380,
                155,
                1651,
                683
            ],
            "occluded": true,
            "num_keypoints": 16,
            "keypoints": [
                1429,
                629,
                2,
                1426,
                520,
                2,
                1462,
                408,
                1,
                1556,
                413,
                1,
                1560,
                506,
                1,
                1558,
                621,
                1,
                1507,
                413,
                1,
                1511,
                337,
                2,
                1504,
                267,
                2,
                1503,
                231,
                2,
                1466,
                369,
                1,
                1448,
                351,
                2,
                1438,
                261,
                2,
                1569,
                269,
                2,
                1592,
                329,
                2,
                1635,
                349,
                1
            ],
            "action": "sit down",
            "age": "elder",
            "disabled": false,
            "mask": true,
            "get_on": true,
            "get_off": false
        }
    ]
}