{
    "info": {
        "description": "AIHub Bus Passenger Dataset",
        "year": 2020,
        "version": "1.0",
        "img_path": "",
        "width": 1920,
        "height": 1080,
        "G-Sensor": "-53,-45,1229",
        "Gyro": "0,0,0"
    },
    "annotations": [
        {
            "id": 0,
            "bbox": [
                936,
                162,
                1170,
                607
            ],
            "occluded": true,
            "num_keypoints": 16,
            "keypoints": [
                1024,
                534,
                2,
                992,
                436,
                2,
                1007,
                398,
                2,
                1113,
                395,
                1,
                1129,
                473,
                2,
                1135,
                531,
                2,
                1055,
                397,
                1,
                1048,
                329,
                2,
                1038,
                261,
                1,
                1030,
                219,
                2,
                967,
                315,
                1,
                959,
                353,
                2,
                998,
                261,
                2,
                1094,
                249,
                2,
                1134,
                339,
                2,
                1128,
                382,
                2
            ],
            "action": "sit down",
            "age": "elder",
            "disabled": false,
            "mask": true,
            "get_on": false,
            "get_off": false
        },
        {
            "id": 1,
            "bbox": [
                1409,
                365,
                1884,
                1079
            ],
            "occluded": true,
            "num_keypoints": 16,
            "keypoints": [
                1501,
                1079,
                0,
                1501,
                933,
                0,
                1514,
                1069,
                1,
                1757,
                1075,
                1,
                1785,
                933,
                0,
                1785,
                1079,
                0,
                1651,
                1072,
                1,
                1667,
                915,
                2,
                1693,
                671,
                2,
                1714,
                578,
                2,
                1453,
                720,
                0,
                1452,
                964,
                2,
                1508,
                675,
                2,
                1862,
                720,
                2,
                1817,
                997,
                2,
                1777,
                801,
                0
            ],
            "action": "sit down",
            "age": "adult",
            "disabled": false,
            "mask": true,
            "get_on": false,
            "get_off": false
        },
        {
            "id": 2,
            "bbox": [
                1399,
                158,
                1686,
                683
            ],
            "occluded": true,
            "num_keypoints": 16,
            "keypoints": [
                1452,
                634,
                1,
                1472,
                515,
                1,
                1513,
                397,
                2,
                1613,
                399,
                1,
                1593,
                531,
                1,
                1592,
                645,
                1,
                1560,
                399,
                1,
                1564,
                338,
                2,
                1570,
                285,
                2,
                1571,
                237,
                2,
                1493,
                347,
                1,
                1471,
                342,
                2,
                1495,
                274,
                2,
                1611,
                283,
                2,
                1641,
                344,
                1,
                1675,
                373,
                1
            ],
            "action": "stand",
            "age": "elder",
            "disabled": false,
            "mask": true,
            "get_on": true,
            "get_off": false
        }
    ]
}