{
    "info": {
        "description": "AIHub Bus Passenger Dataset",
        "year": 2020,
        "version": "1.0",
        "img_path": "",
        "width": 1920,
        "height": 1080,
        "G-Sensor": "45,-39,939",
        "Gyro": "0,0,0"
    },
    "annotations": [
        {
            "id": 0,
            "bbox": [
                936,
                142,
                1170,
                610
            ],
            "occluded": true,
            "num_keypoints": 16,
            "keypoints": [
                1021,
                547,
                2,
                983,
                472,
                2,
                1004,
                395,
                2,
                1113,
                390,
                1,
                1129,
                473,
                2,
                1137,
                550,
                2,
                1058,
                390,
                1,
                1051,
                321,
                2,
                1037,
                253,
                2,
                1029,
                212,
                2,
                967,
                307,
                1,
                974,
                344,
                2,
                984,
                261,
                2,
                1102,
                245,
                2,
                1150,
                333,
                2,
                1128,
                378,
                2
            ],
            "action": "sit down",
            "age": "elder",
            "disabled": false,
            "mask": true,
            "get_on": false,
            "get_off": false
        },
        {
            "id": 1,
            "bbox": [
                1413,
                347,
                1888,
                1079
            ],
            "occluded": true,
            "num_keypoints": 16,
            "keypoints": [
                1507,
                1079,
                0,
                1507,
                932,
                0,
                1525,
                1069,
                1,
                1760,
                1069,
                1,
                1792,
                932,
                0,
                1792,
                1079,
                0,
                1658,
                1065,
                1,
                1685,
                898,
                2,
                1706,
                668,
                2,
                1682,
                585,
                2,
                1459,
                713,
                0,
                1471,
                973,
                2,
                1526,
                665,
                2,
                1853,
                705,
                2,
                1801,
                1025,
                2,
                1840,
                713,
                0
            ],
            "action": "sit down",
            "age": "adult",
            "disabled": false,
            "mask": true,
            "get_on": false,
            "get_off": false
        },
        {
            "id": 2,
            "bbox": [
                682,
                339,
                1084,
                973
            ],
            "occluded": true,
            "num_keypoints": 16,
            "keypoints": [
                857,
                910,
                1,
                833,
                847,
                2,
                791,
                700,
                2,
                859,
                665,
                2,
                871,
                769,
                2,
                877,
                855,
                2,
                831,
                683,
                2,
                802,
                596,
                2,
                799,
                481,
                2,
                806,
                420,
                2,
                761,
                739,
                1,
                700,
                646,
                2,
                712,
                491,
                1,
                858,
                453,
                2,
                914,
                506,
                2,
                1017,
                494,
                2
            ],
            "action": "walk",
            "age": "elder",
            "disabled": false,
            "mask": true,
            "get_on": true,
            "get_off": false
        }
    ]
}