{
    "info": {
        "description": "AIHub Bus Passenger Dataset",
        "year": 2020,
        "version": "1.0",
        "img_path": "",
        "width": 1920,
        "height": 1080,
        "G-Sensor": "-18,-41,1059",
        "Gyro": "0,0,0"
    },
    "annotations": [
        {
            "id": 0,
            "bbox": [
                936,
                156,
                1170,
                610
            ],
            "occluded": true,
            "num_keypoints": 16,
            "keypoints": [
                1021,
                548,
                2,
                980,
                466,
                2,
                1010,
                397,
                2,
                1113,
                396,
                1,
                1129,
                477,
                2,
                1137,
                551,
                2,
                1062,
                396,
                1,
                1053,
                326,
                2,
                1042,
                256,
                2,
                1038,
                227,
                2,
                967,
                316,
                1,
                958,
                349,
                2,
                987,
                268,
                2,
                1102,
                246,
                2,
                1150,
                341,
                2,
                1128,
                384,
                2
            ],
            "action": "sit down",
            "age": "elder",
            "disabled": false,
            "mask": true,
            "get_on": false,
            "get_off": false
        },
        {
            "id": 1,
            "bbox": [
                1413,
                347,
                1888,
                1079
            ],
            "occluded": true,
            "num_keypoints": 16,
            "keypoints": [
                1507,
                1079,
                0,
                1507,
                932,
                0,
                1525,
                1069,
                1,
                1760,
                1069,
                1,
                1792,
                932,
                0,
                1792,
                1079,
                0,
                1658,
                1065,
                1,
                1685,
                898,
                2,
                1706,
                668,
                1,
                1725,
                575,
                2,
                1459,
                713,
                0,
                1471,
                973,
                2,
                1526,
                665,
                2,
                1845,
                687,
                2,
                1806,
                995,
                2,
                1840,
                713,
                0
            ],
            "action": "sit down",
            "age": "adult",
            "disabled": false,
            "mask": true,
            "get_on": false,
            "get_off": false
        },
        {
            "id": 2,
            "bbox": [
                1382,
                156,
                1653,
                684
            ],
            "occluded": true,
            "num_keypoints": 16,
            "keypoints": [
                1431,
                630,
                2,
                1428,
                521,
                2,
                1457,
                410,
                1,
                1551,
                409,
                1,
                1562,
                507,
                1,
                1560,
                622,
                1,
                1513,
                409,
                1,
                1510,
                337,
                2,
                1516,
                271,
                2,
                1516,
                233,
                2,
                1469,
                370,
                1,
                1441,
                352,
                2,
                1440,
                262,
                2,
                1571,
                270,
                2,
                1604,
                333,
                2,
                1629,
                347,
                1
            ],
            "action": "sit down",
            "age": "elder",
            "disabled": false,
            "mask": true,
            "get_on": true,
            "get_off": false
        }
    ]
}