{
    "info": {
        "description": "AIHub Bus Passenger Dataset",
        "year": 2020,
        "version": "1.0",
        "img_path": "",
        "width": 1920,
        "height": 1080,
        "G-Sensor": "72,-37,863",
        "Gyro": "0,0,0"
    },
    "annotations": [
        {
            "id": 0,
            "bbox": [
                936,
                159,
                1170,
                610
            ],
            "occluded": true,
            "num_keypoints": 16,
            "keypoints": [
                1021,
                549,
                2,
                980,
                467,
                2,
                1010,
                398,
                2,
                1113,
                397,
                1,
                1129,
                477,
                2,
                1137,
                552,
                2,
                1062,
                397,
                1,
                1053,
                328,
                2,
                1042,
                258,
                2,
                1038,
                230,
                2,
                967,
                318,
                1,
                963,
                355,
                2,
                991,
                269,
                2,
                1099,
                247,
                2,
                1150,
                343,
                2,
                1128,
                386,
                2
            ],
            "action": "sit down",
            "age": "elder",
            "disabled": false,
            "mask": true,
            "get_on": false,
            "get_off": false
        },
        {
            "id": 1,
            "bbox": [
                1413,
                347,
                1890,
                1079
            ],
            "occluded": true,
            "num_keypoints": 16,
            "keypoints": [
                1508,
                1079,
                0,
                1508,
                932,
                0,
                1526,
                1069,
                1,
                1761,
                1069,
                1,
                1793,
                932,
                0,
                1793,
                1079,
                0,
                1659,
                1065,
                1,
                1686,
                898,
                2,
                1699,
                668,
                2,
                1738,
                585,
                2,
                1460,
                713,
                0,
                1471,
                973,
                2,
                1527,
                665,
                2,
                1848,
                682,
                2,
                1813,
                1008,
                2,
                1841,
                713,
                0
            ],
            "action": "sit down",
            "age": "adult",
            "disabled": false,
            "mask": true,
            "get_on": false,
            "get_off": false
        },
        {
            "id": 2,
            "bbox": [
                1371,
                156,
                1653,
                637
            ],
            "occluded": true,
            "num_keypoints": 16,
            "keypoints": [
                1410,
                588,
                2,
                1434,
                486,
                2,
                1458,
                411,
                2,
                1539,
                414,
                1,
                1520,
                487,
                1,
                1519,
                590,
                1,
                1501,
                412,
                1,
                1503,
                341,
                2,
                1504,
                276,
                2,
                1502,
                229,
                2,
                1481,
                372,
                1,
                1441,
                357,
                2,
                1443,
                259,
                2,
                1570,
                266,
                2,
                1601,
                329,
                2,
                1628,
                346,
                1
            ],
            "action": "sit down",
            "age": "elder",
            "disabled": false,
            "mask": true,
            "get_on": true,
            "get_off": false
        }
    ]
}