{
    "info": {
        "description": "AIHub Bus Passenger Dataset",
        "year": 2020,
        "version": "1.0",
        "img_path": "",
        "width": 1920,
        "height": 1080,
        "G-Sensor": "39,43,924",
        "Gyro": "0,0,0"
    },
    "annotations": [
        {
            "id": 0,
            "bbox": [
                936,
                162,
                1170,
                610
            ],
            "occluded": true,
            "num_keypoints": 16,
            "keypoints": [
                1024,
                537,
                2,
                992,
                438,
                2,
                1007,
                400,
                2,
                1113,
                397,
                1,
                1129,
                476,
                2,
                1135,
                534,
                2,
                1055,
                399,
                1,
                1046,
                332,
                1,
                1028,
                251,
                1,
                1020,
                221,
                1,
                967,
                317,
                1,
                959,
                355,
                2,
                980,
                267,
                2,
                1094,
                250,
                2,
                1134,
                341,
                2,
                1128,
                384,
                2
            ],
            "action": "sit down",
            "age": "elder",
            "disabled": false,
            "mask": true,
            "get_on": false,
            "get_off": false
        },
        {
            "id": 1,
            "bbox": [
                1408,
                357,
                1884,
                1079
            ],
            "occluded": true,
            "num_keypoints": 16,
            "keypoints": [
                1500,
                1079,
                0,
                1500,
                931,
                0,
                1514,
                1069,
                1,
                1757,
                1075,
                1,
                1785,
                931,
                0,
                1785,
                1079,
                0,
                1650,
                1072,
                1,
                1666,
                913,
                2,
                1693,
                666,
                2,
                1739,
                590,
                2,
                1452,
                716,
                0,
                1451,
                962,
                2,
                1507,
                670,
                2,
                1862,
                716,
                2,
                1817,
                996,
                2,
                1776,
                797,
                0
            ],
            "action": "sit down",
            "age": "adult",
            "disabled": false,
            "mask": true,
            "get_on": false,
            "get_off": false
        },
        {
            "id": 2,
            "bbox": [
                1399,
                158,
                1686,
                683
            ],
            "occluded": true,
            "num_keypoints": 16,
            "keypoints": [
                1452,
                634,
                1,
                1470,
                538,
                1,
                1508,
                395,
                2,
                1613,
                399,
                1,
                1600,
                538,
                1,
                1592,
                645,
                1,
                1560,
                399,
                1,
                1561,
                345,
                2,
                1559,
                279,
                2,
                1559,
                222,
                2,
                1493,
                347,
                1,
                1474,
                343,
                2,
                1505,
                260,
                2,
                1620,
                268,
                2,
                1641,
                344,
                1,
                1675,
                373,
                1
            ],
            "action": "stand",
            "age": "elder",
            "disabled": false,
            "mask": true,
            "get_on": true,
            "get_off": false
        }
    ]
}