{
    "info": {
        "description": "AIHub Bus Passenger Dataset",
        "year": 2020,
        "version": "1.0",
        "img_path": "",
        "width": 1920,
        "height": 1080,
        "G-Sensor": "-12,55,1211",
        "Gyro": "0,0,0"
    },
    "annotations": [
        {
            "id": 0,
            "bbox": [
                936,
                150,
                1170,
                610
            ],
            "occluded": true,
            "num_keypoints": 16,
            "keypoints": [
                1021,
                548,
                2,
                976,
                463,
                2,
                1016,
                397,
                2,
                1120,
                397,
                1,
                1144,
                472,
                2,
                1137,
                552,
                2,
                1065,
                399,
                1,
                1058,
                328,
                2,
                1050,
                252,
                2,
                1043,
                214,
                2,
                971,
                319,
                1,
                976,
                342,
                2,
                989,
                260,
                2,
                1115,
                245,
                2,
                1151,
                328,
                2,
                1133,
                380,
                2
            ],
            "action": "sit down",
            "age": "elder",
            "disabled": false,
            "mask": true,
            "get_on": false,
            "get_off": false
        },
        {
            "id": 1,
            "bbox": [
                1413,
                347,
                1889,
                1079
            ],
            "occluded": true,
            "num_keypoints": 16,
            "keypoints": [
                1508,
                1079,
                0,
                1508,
                932,
                0,
                1524,
                1071,
                1,
                1772,
                1072,
                1,
                1793,
                932,
                0,
                1793,
                1079,
                0,
                1655,
                1074,
                1,
                1685,
                898,
                2,
                1703,
                691,
                2,
                1743,
                584,
                2,
                1460,
                713,
                0,
                1463,
                1004,
                2,
                1526,
                665,
                2,
                1852,
                688,
                2,
                1799,
                1035,
                2,
                1841,
                713,
                0
            ],
            "action": "sit down",
            "age": "adult",
            "disabled": false,
            "mask": true,
            "get_on": false,
            "get_off": false
        }
    ]
}