{
    "info": {
        "description": "AIHub Bus Passenger Dataset",
        "year": 2020,
        "version": "1.0",
        "img_path": "",
        "width": 1920,
        "height": 1080,
        "G-Sensor": "-14,-39,1014",
        "Gyro": "0,0,0"
    },
    "annotations": [
        {
            "id": 0,
            "bbox": [
                936,
                162,
                1170,
                610
            ],
            "occluded": true,
            "num_keypoints": 16,
            "keypoints": [
                1021,
                549,
                2,
                980,
                468,
                2,
                1007,
                401,
                2,
                1113,
                398,
                1,
                1129,
                478,
                2,
                1137,
                552,
                2,
                1055,
                400,
                1,
                1043,
                334,
                1,
                1029,
                256,
                1,
                1030,
                216,
                2,
                967,
                319,
                1,
                959,
                357,
                2,
                980,
                269,
                2,
                1094,
                252,
                2,
                1132,
                352,
                2,
                1128,
                386,
                2
            ],
            "action": "sit down",
            "age": "elder",
            "disabled": false,
            "mask": true,
            "get_on": false,
            "get_off": false
        },
        {
            "id": 1,
            "bbox": [
                1386,
                347,
                1889,
                1079
            ],
            "occluded": true,
            "num_keypoints": 16,
            "keypoints": [
                1486,
                1079,
                0,
                1486,
                932,
                0,
                1505,
                1069,
                1,
                1753,
                1069,
                1,
                1787,
                932,
                0,
                1787,
                1079,
                0,
                1609,
                1070,
                1,
                1629,
                904,
                2,
                1697,
                668,
                2,
                1685,
                569,
                2,
                1435,
                713,
                0,
                1447,
                973,
                2,
                1515,
                638,
                2,
                1859,
                733,
                2,
                1774,
                1038,
                2,
                1838,
                713,
                0
            ],
            "action": "sit down",
            "age": "adult",
            "disabled": false,
            "mask": true,
            "get_on": false,
            "get_off": false
        },
        {
            "id": 2,
            "bbox": [
                1322,
                170,
                1596,
                652
            ],
            "occluded": true,
            "num_keypoints": 16,
            "keypoints": [
                1389,
                592,
                2,
                1384,
                518,
                2,
                1421,
                410,
                2,
                1500,
                411,
                1,
                1482,
                516,
                1,
                1475,
                625,
                1,
                1456,
                409,
                2,
                1454,
                369,
                2,
                1446,
                282,
                2,
                1442,
                247,
                2,
                1385,
                450,
                2,
                1352,
                364,
                1,
                1393,
                270,
                2,
                1513,
                263,
                2,
                1570,
                351,
                2,
                1543,
                353,
                2
            ],
            "action": "sit down",
            "age": "elder",
            "disabled": false,
            "mask": true,
            "get_on": true,
            "get_off": false
        }
    ]
}