{
    "info": {
        "description": "AIHub Bus Passenger Dataset",
        "year": 2020,
        "version": "1.0",
        "img_path": "",
        "width": 1920,
        "height": 1080,
        "G-Sensor": "59,-23,893",
        "Gyro": "0,0,0"
    },
    "annotations": [
        {
            "id": 0,
            "bbox": [
                936,
                162,
                1170,
                610
            ],
            "occluded": true,
            "num_keypoints": 16,
            "keypoints": [
                1021,
                549,
                2,
                980,
                468,
                2,
                1007,
                401,
                2,
                1113,
                398,
                1,
                1129,
                478,
                2,
                1137,
                552,
                2,
                1055,
                400,
                1,
                1043,
                334,
                1,
                1029,
                256,
                1,
                1030,
                216,
                2,
                967,
                319,
                1,
                958,
                364,
                2,
                980,
                269,
                2,
                1094,
                252,
                2,
                1132,
                352,
                2,
                1128,
                386,
                2
            ],
            "action": "sit down",
            "age": "elder",
            "disabled": false,
            "mask": true,
            "get_on": false,
            "get_off": false
        },
        {
            "id": 1,
            "bbox": [
                1381,
                347,
                1893,
                1079
            ],
            "occluded": true,
            "num_keypoints": 16,
            "keypoints": [
                1483,
                1079,
                0,
                1483,
                932,
                0,
                1512,
                1048,
                2,
                1705,
                1079,
                1,
                1789,
                932,
                0,
                1789,
                1079,
                0,
                1618,
                1069,
                1,
                1644,
                907,
                2,
                1689,
                672,
                2,
                1654,
                567,
                2,
                1433,
                1064,
                2,
                1449,
                878,
                2,
                1493,
                642,
                2,
                1854,
                727,
                2,
                1781,
                1049,
                2,
                1841,
                713,
                0
            ],
            "action": "sit down",
            "age": "adult",
            "disabled": false,
            "mask": true,
            "get_on": false,
            "get_off": false
        },
        {
            "id": 2,
            "bbox": [
                1320,
                177,
                1596,
                641
            ],
            "occluded": true,
            "num_keypoints": 16,
            "keypoints": [
                1390,
                597,
                2,
                1365,
                529,
                1,
                1419,
                418,
                2,
                1505,
                411,
                1,
                1465,
                513,
                1,
                1465,
                623,
                1,
                1459,
                418,
                2,
                1449,
                371,
                2,
                1429,
                300,
                2,
                1419,
                264,
                2,
                1370,
                454,
                1,
                1338,
                373,
                1,
                1376,
                295,
                2,
                1496,
                274,
                2,
                1573,
                333,
                2,
                1535,
                344,
                2
            ],
            "action": "sit down",
            "age": "elder",
            "disabled": false,
            "mask": true,
            "get_on": true,
            "get_off": false
        }
    ]
}