{
    "info": {
        "description": "AIHub Bus Passenger Dataset",
        "year": 2020,
        "version": "1.0",
        "img_path": "",
        "width": 1920,
        "height": 1080,
        "G-Sensor": "25,-16,918",
        "Gyro": "0,0,0"
    },
    "annotations": [
        {
            "id": 0,
            "bbox": [
                936,
                163,
                1170,
                610
            ],
            "occluded": true,
            "num_keypoints": 16,
            "keypoints": [
                1021,
                549,
                2,
                980,
                468,
                2,
                1007,
                401,
                2,
                1113,
                398,
                1,
                1129,
                478,
                2,
                1137,
                552,
                2,
                1055,
                400,
                1,
                1047,
                334,
                1,
                1037,
                257,
                1,
                1030,
                216,
                2,
                967,
                319,
                1,
                959,
                357,
                2,
                980,
                269,
                2,
                1094,
                252,
                2,
                1138,
                343,
                2,
                1128,
                386,
                2
            ],
            "action": "sit down",
            "age": "elder",
            "disabled": false,
            "mask": true,
            "get_on": false,
            "get_off": false
        },
        {
            "id": 1,
            "bbox": [
                1390,
                349,
                1896,
                1079
            ],
            "occluded": true,
            "num_keypoints": 16,
            "keypoints": [
                1491,
                1079,
                0,
                1491,
                932,
                0,
                1510,
                1069,
                1,
                1760,
                1069,
                1,
                1794,
                932,
                0,
                1794,
                1079,
                0,
                1635,
                1073,
                1,
                1654,
                905,
                2,
                1703,
                669,
                2,
                1683,
                577,
                2,
                1440,
                714,
                0,
                1452,
                973,
                2,
                1529,
                639,
                2,
                1856,
                724,
                2,
                1801,
                1042,
                2,
                1845,
                714,
                0
            ],
            "action": "sit down",
            "age": "adult",
            "disabled": false,
            "mask": true,
            "get_on": false,
            "get_off": false
        },
        {
            "id": 2,
            "bbox": [
                1335,
                152,
                1571,
                648
            ],
            "occluded": true,
            "num_keypoints": 16,
            "keypoints": [
                1410,
                602,
                2,
                1420,
                479,
                2,
                1437,
                403,
                2,
                1512,
                407,
                1,
                1491,
                496,
                1,
                1484,
                613,
                1,
                1479,
                406,
                2,
                1475,
                344,
                1,
                1479,
                266,
                2,
                1478,
                226,
                2,
                1389,
                331,
                2,
                1364,
                343,
                1,
                1429,
                251,
                2,
                1551,
                264,
                2,
                1556,
                341,
                2,
                1541,
                347,
                2
            ],
            "action": "sit down",
            "age": "elder",
            "disabled": false,
            "mask": true,
            "get_on": true,
            "get_off": false
        }
    ]
}