{
    "info": {
        "description": "AIHub Bus Passenger Dataset",
        "year": 2020,
        "version": "1.0",
        "img_path": "",
        "width": 1920,
        "height": 1080,
        "G-Sensor": "49,-33,934",
        "Gyro": "0,0,0"
    },
    "annotations": [
        {
            "id": 0,
            "bbox": [
                936,
                163,
                1170,
                610
            ],
            "occluded": true,
            "num_keypoints": 16,
            "keypoints": [
                1021,
                549,
                2,
                980,
                468,
                2,
                1007,
                401,
                2,
                1113,
                398,
                1,
                1129,
                478,
                2,
                1137,
                552,
                2,
                1055,
                400,
                1,
                1047,
                334,
                1,
                1037,
                257,
                1,
                1030,
                216,
                2,
                967,
                319,
                1,
                959,
                357,
                2,
                980,
                269,
                2,
                1094,
                252,
                2,
                1138,
                343,
                2,
                1128,
                386,
                2
            ],
            "action": "sit down",
            "age": "elder",
            "disabled": false,
            "mask": true,
            "get_on": false,
            "get_off": false
        },
        {
            "id": 1,
            "bbox": [
                1391,
                352,
                1897,
                1079
            ],
            "occluded": true,
            "num_keypoints": 16,
            "keypoints": [
                1492,
                1079,
                0,
                1492,
                933,
                0,
                1511,
                1069,
                1,
                1761,
                1069,
                1,
                1795,
                933,
                0,
                1795,
                1079,
                0,
                1653,
                1065,
                1,
                1645,
                913,
                2,
                1704,
                670,
                2,
                1695,
                579,
                2,
                1441,
                715,
                0,
                1453,
                973,
                2,
                1525,
                647,
                2,
                1854,
                727,
                2,
                1786,
                1057,
                2,
                1846,
                715,
                0
            ],
            "action": "sit down",
            "age": "adult",
            "disabled": false,
            "mask": true,
            "get_on": false,
            "get_off": false
        },
        {
            "id": 2,
            "bbox": [
                1334,
                152,
                1574,
                648
            ],
            "occluded": true,
            "num_keypoints": 16,
            "keypoints": [
                1399,
                604,
                2,
                1401,
                509,
                2,
                1420,
                394,
                2,
                1509,
                398,
                2,
                1471,
                509,
                1,
                1474,
                610,
                1,
                1460,
                397,
                2,
                1462,
                334,
                1,
                1460,
                266,
                2,
                1462,
                226,
                2,
                1370,
                444,
                1,
                1377,
                358,
                2,
                1410,
                261,
                2,
                1541,
                264,
                2,
                1558,
                336,
                2,
                1544,
                341,
                2
            ],
            "action": "sit down",
            "age": "elder",
            "disabled": false,
            "mask": true,
            "get_on": true,
            "get_off": false
        }
    ]
}