{
    "info": {
        "description": "AIHub Bus Passenger Dataset",
        "year": 2020,
        "version": "1.0",
        "img_path": "",
        "width": 1920,
        "height": 1080,
        "G-Sensor": "31,-37,947",
        "Gyro": "0,0,0"
    },
    "annotations": [
        {
            "id": 0,
            "bbox": [
                936,
                163,
                1170,
                610
            ],
            "occluded": true,
            "num_keypoints": 16,
            "keypoints": [
                1021,
                549,
                2,
                980,
                468,
                2,
                1007,
                401,
                2,
                1113,
                398,
                1,
                1129,
                478,
                2,
                1137,
                552,
                2,
                1055,
                400,
                1,
                1047,
                334,
                1,
                1037,
                257,
                1,
                1030,
                216,
                2,
                967,
                319,
                1,
                959,
                357,
                2,
                980,
                269,
                2,
                1094,
                252,
                2,
                1132,
                352,
                2,
                1128,
                386,
                2
            ],
            "action": "sit down",
            "age": "elder",
            "disabled": false,
            "mask": true,
            "get_on": false,
            "get_off": false
        },
        {
            "id": 1,
            "bbox": [
                1385,
                354,
                1891,
                1079
            ],
            "occluded": true,
            "num_keypoints": 16,
            "keypoints": [
                1486,
                1079,
                0,
                1486,
                933,
                0,
                1505,
                1069,
                1,
                1755,
                1069,
                1,
                1789,
                933,
                0,
                1789,
                1079,
                0,
                1624,
                1075,
                1,
                1648,
                908,
                2,
                1698,
                671,
                2,
                1698,
                568,
                2,
                1435,
                716,
                0,
                1447,
                974,
                2,
                1510,
                650,
                2,
                1858,
                743,
                2,
                1779,
                1063,
                2,
                1840,
                716,
                0
            ],
            "action": "sit down",
            "age": "adult",
            "disabled": false,
            "mask": true,
            "get_on": false,
            "get_off": false
        },
        {
            "id": 2,
            "bbox": [
                1378,
                152,
                1646,
                678
            ],
            "occluded": true,
            "num_keypoints": 16,
            "keypoints": [
                1430,
                624,
                2,
                1435,
                498,
                2,
                1447,
                397,
                2,
                1547,
                397,
                1,
                1539,
                505,
                1,
                1535,
                622,
                1,
                1497,
                398,
                2,
                1497,
                338,
                2,
                1493,
                257,
                2,
                1491,
                214,
                2,
                1435,
                457,
                2,
                1412,
                369,
                2,
                1446,
                258,
                2,
                1559,
                262,
                2,
                1579,
                317,
                2,
                1634,
                359,
                1
            ],
            "action": "sit down",
            "age": "elder",
            "disabled": false,
            "mask": true,
            "get_on": true,
            "get_off": false
        }
    ]
}