{
    "info": {
        "description": "AIHub Bus Passenger Dataset",
        "year": 2020,
        "version": "1.0",
        "img_path": "",
        "width": 1920,
        "height": 1080,
        "G-Sensor": "55,-35,898",
        "Gyro": "0,0,0"
    },
    "annotations": [
        {
            "id": 0,
            "bbox": [
                936,
                159,
                1170,
                610
            ],
            "occluded": true,
            "num_keypoints": 16,
            "keypoints": [
                1024,
                537,
                2,
                992,
                437,
                2,
                1007,
                399,
                2,
                1113,
                396,
                1,
                1129,
                476,
                2,
                1135,
                534,
                2,
                1055,
                398,
                1,
                1047,
                331,
                1,
                1037,
                253,
                1,
                1030,
                212,
                2,
                967,
                316,
                1,
                959,
                354,
                2,
                980,
                265,
                2,
                1094,
                248,
                2,
                1134,
                340,
                2,
                1128,
                383,
                2
            ],
            "action": "sit down",
            "age": "elder",
            "disabled": false,
            "mask": true,
            "get_on": false,
            "get_off": false
        },
        {
            "id": 1,
            "bbox": [
                1393,
                349,
                1889,
                1079
            ],
            "occluded": true,
            "num_keypoints": 16,
            "keypoints": [
                1492,
                1079,
                0,
                1492,
                931,
                0,
                1505,
                1071,
                1,
                1729,
                1076,
                1,
                1789,
                931,
                0,
                1789,
                1079,
                0,
                1625,
                1073,
                1,
                1660,
                922,
                2,
                1697,
                687,
                2,
                1740,
                604,
                2,
                1441,
                713,
                0,
                1445,
                946,
                2,
                1509,
                652,
                2,
                1864,
                717,
                2,
                1810,
                1010,
                2,
                1838,
                713,
                0
            ],
            "action": "sit down",
            "age": "adult",
            "disabled": false,
            "mask": true,
            "get_on": false,
            "get_off": false
        },
        {
            "id": 2,
            "bbox": [
                1195,
                78,
                1661,
                770
            ],
            "occluded": true,
            "num_keypoints": 16,
            "keypoints": [
                1368,
                678,
                1,
                1334,
                582,
                2,
                1308,
                426,
                1,
                1412,
                427,
                1,
                1373,
                597,
                1,
                1348,
                707,
                1,
                1361,
                431,
                1,
                1358,
                323,
                1,
                1353,
                220,
                1,
                1351,
                175,
                1,
                1368,
                421,
                1,
                1241,
                379,
                2,
                1248,
                225,
                2,
                1436,
                213,
                2,
                1518,
                283,
                2,
                1607,
                343,
                2
            ],
            "action": "stand",
            "age": "elder",
            "disabled": false,
            "mask": true,
            "get_on": true,
            "get_off": false
        }
    ]
}