{
    "info": {
        "description": "AIHub Bus Passenger Dataset",
        "year": 2020,
        "version": "1.0",
        "img_path": "",
        "width": 1920,
        "height": 1080,
        "G-Sensor": "-2,-47,1023",
        "Gyro": "0,0,0"
    },
    "annotations": [
        {
            "id": 0,
            "bbox": [
                936,
                163,
                1170,
                610
            ],
            "occluded": true,
            "num_keypoints": 16,
            "keypoints": [
                1021,
                549,
                2,
                980,
                468,
                2,
                1007,
                401,
                2,
                1113,
                398,
                1,
                1129,
                478,
                2,
                1137,
                552,
                2,
                1055,
                400,
                1,
                1047,
                334,
                1,
                1037,
                257,
                1,
                1030,
                216,
                2,
                967,
                319,
                1,
                959,
                357,
                2,
                980,
                269,
                2,
                1094,
                252,
                2,
                1138,
                343,
                2,
                1128,
                386,
                2
            ],
            "action": "sit down",
            "age": "elder",
            "disabled": false,
            "mask": true,
            "get_on": false,
            "get_off": false
        },
        {
            "id": 1,
            "bbox": [
                1390,
                355,
                1896,
                1079
            ],
            "occluded": true,
            "num_keypoints": 16,
            "keypoints": [
                1491,
                1079,
                0,
                1491,
                933,
                0,
                1510,
                1069,
                1,
                1760,
                1069,
                1,
                1794,
                933,
                0,
                1794,
                1079,
                0,
                1630,
                1070,
                1,
                1658,
                907,
                2,
                1703,
                672,
                2,
                1699,
                578,
                2,
                1440,
                717,
                0,
                1452,
                974,
                2,
                1520,
                647,
                2,
                1854,
                729,
                2,
                1786,
                1045,
                2,
                1845,
                717,
                0
            ],
            "action": "sit down",
            "age": "adult",
            "disabled": false,
            "mask": true,
            "get_on": false,
            "get_off": false
        },
        {
            "id": 2,
            "bbox": [
                1285,
                152,
                1565,
                634
            ],
            "occluded": true,
            "num_keypoints": 16,
            "keypoints": [
                1409,
                610,
                2,
                1417,
                505,
                2,
                1426,
                402,
                2,
                1506,
                400,
                2,
                1483,
                509,
                1,
                1476,
                602,
                1,
                1466,
                403,
                1,
                1466,
                333,
                1,
                1464,
                261,
                2,
                1466,
                208,
                2,
                1341,
                314,
                1,
                1365,
                323,
                1,
                1406,
                259,
                2,
                1538,
                257,
                2,
                1553,
                333,
                2,
                1544,
                341,
                2
            ],
            "action": "sit down",
            "age": "elder",
            "disabled": false,
            "mask": true,
            "get_on": true,
            "get_off": false
        }
    ]
}