{
    "info": {
        "description": "AIHub Bus Passenger Dataset",
        "year": 2020,
        "version": "1.0",
        "img_path": "",
        "width": 1920,
        "height": 1080,
        "G-Sensor": "-68,-59,1012",
        "Gyro": "0,0,0"
    },
    "annotations": [
        {
            "id": 0,
            "bbox": [
                938,
                153,
                1172,
                607
            ],
            "occluded": true,
            "num_keypoints": 16,
            "keypoints": [
                1026,
                532,
                2,
                994,
                432,
                2,
                1009,
                393,
                2,
                1115,
                390,
                1,
                1131,
                470,
                2,
                1137,
                529,
                2,
                1057,
                392,
                1,
                1058,
                326,
                2,
                1049,
                251,
                2,
                1045,
                206,
                2,
                969,
                309,
                1,
                971,
                346,
                2,
                1001,
                255,
                2,
                1115,
                252,
                2,
                1139,
                339,
                2,
                1130,
                377,
                2
            ],
            "action": "sit down",
            "age": "elder",
            "disabled": false,
            "mask": true,
            "get_on": false,
            "get_off": false
        },
        {
            "id": 1,
            "bbox": [
                1409,
                365,
                1884,
                1079
            ],
            "occluded": true,
            "num_keypoints": 16,
            "keypoints": [
                1501,
                1079,
                0,
                1501,
                933,
                0,
                1514,
                1069,
                1,
                1757,
                1075,
                1,
                1785,
                933,
                0,
                1785,
                1079,
                0,
                1651,
                1072,
                1,
                1667,
                915,
                2,
                1685,
                703,
                2,
                1763,
                609,
                2,
                1453,
                720,
                0,
                1451,
                948,
                2,
                1533,
                664,
                2,
                1868,
                737,
                2,
                1791,
                1017,
                2,
                1751,
                855,
                2
            ],
            "action": "sit down",
            "age": "adult",
            "disabled": false,
            "mask": true,
            "get_on": false,
            "get_off": false
        },
        {
            "id": 2,
            "bbox": [
                1399,
                165,
                1686,
                683
            ],
            "occluded": true,
            "num_keypoints": 16,
            "keypoints": [
                1452,
                634,
                1,
                1478,
                520,
                1,
                1510,
                395,
                2,
                1613,
                402,
                1,
                1593,
                533,
                1,
                1592,
                645,
                1,
                1566,
                407,
                1,
                1570,
                354,
                2,
                1573,
                285,
                2,
                1576,
                244,
                2,
                1520,
                357,
                1,
                1499,
                344,
                2,
                1513,
                261,
                2,
                1628,
                289,
                2,
                1641,
                348,
                1,
                1675,
                377,
                1
            ],
            "action": "stand",
            "age": "elder",
            "disabled": false,
            "mask": true,
            "get_on": true,
            "get_off": false
        }
    ]
}