{
    "info": {
        "description": "AIHub Bus Passenger Dataset",
        "year": 2020,
        "version": "1.0",
        "img_path": "",
        "width": 1920,
        "height": 1080,
        "G-Sensor": "23,-35,959",
        "Gyro": "0,0,0"
    },
    "annotations": [
        {
            "id": 0,
            "bbox": [
                936,
                160,
                1170,
                609
            ],
            "occluded": true,
            "num_keypoints": 16,
            "keypoints": [
                1021,
                548,
                2,
                980,
                467,
                2,
                1010,
                398,
                2,
                1113,
                397,
                1,
                1129,
                477,
                2,
                1137,
                551,
                2,
                1062,
                397,
                1,
                1053,
                328,
                2,
                1046,
                261,
                2,
                1047,
                220,
                2,
                967,
                318,
                1,
                960,
                355,
                2,
                989,
                268,
                2,
                1100,
                249,
                2,
                1150,
                343,
                2,
                1128,
                386,
                2
            ],
            "action": "sit down",
            "age": "elder",
            "disabled": false,
            "mask": true,
            "get_on": false,
            "get_off": false
        },
        {
            "id": 1,
            "bbox": [
                1413,
                347,
                1886,
                1079
            ],
            "occluded": true,
            "num_keypoints": 16,
            "keypoints": [
                1507,
                1079,
                0,
                1507,
                932,
                0,
                1525,
                1069,
                1,
                1758,
                1069,
                1,
                1790,
                932,
                0,
                1790,
                1079,
                0,
                1657,
                1065,
                1,
                1684,
                898,
                2,
                1698,
                679,
                2,
                1745,
                589,
                2,
                1459,
                713,
                0,
                1470,
                973,
                2,
                1526,
                665,
                2,
                1844,
                682,
                2,
                1809,
                1012,
                2,
                1838,
                713,
                0
            ],
            "action": "sit down",
            "age": "adult",
            "disabled": false,
            "mask": true,
            "get_on": false,
            "get_off": false
        },
        {
            "id": 2,
            "bbox": [
                1371,
                156,
                1653,
                637
            ],
            "occluded": true,
            "num_keypoints": 16,
            "keypoints": [
                1418,
                606,
                2,
                1434,
                486,
                2,
                1467,
                393,
                1,
                1546,
                397,
                1,
                1530,
                486,
                1,
                1523,
                592,
                1,
                1509,
                395,
                2,
                1510,
                332,
                2,
                1512,
                263,
                2,
                1511,
                227,
                2,
                1463,
                369,
                1,
                1441,
                354,
                2,
                1443,
                259,
                2,
                1570,
                266,
                2,
                1601,
                329,
                2,
                1635,
                352,
                1
            ],
            "action": "sit down",
            "age": "elder",
            "disabled": false,
            "mask": true,
            "get_on": true,
            "get_off": false
        }
    ]
}