{
    "info": {
        "description": "AIHub Bus Passenger Dataset",
        "year": 2020,
        "version": "1.0",
        "img_path": "",
        "width": 1920,
        "height": 1080,
        "G-Sensor": "14,-59,1035",
        "Gyro": "0,0,0"
    },
    "annotations": [
        {
            "id": 0,
            "bbox": [
                938,
                162,
                1172,
                607
            ],
            "occluded": true,
            "num_keypoints": 16,
            "keypoints": [
                1026,
                534,
                2,
                994,
                436,
                2,
                1009,
                398,
                2,
                1115,
                395,
                1,
                1131,
                473,
                2,
                1137,
                531,
                2,
                1057,
                397,
                1,
                1060,
                325,
                2,
                1066,
                253,
                2,
                1064,
                217,
                2,
                969,
                315,
                1,
                995,
                335,
                2,
                1024,
                253,
                1,
                1115,
                260,
                2,
                1136,
                339,
                2,
                1130,
                382,
                2
            ],
            "action": "sit down",
            "age": "elder",
            "disabled": false,
            "mask": true,
            "get_on": false,
            "get_off": false
        },
        {
            "id": 1,
            "bbox": [
                1409,
                365,
                1884,
                1079
            ],
            "occluded": true,
            "num_keypoints": 16,
            "keypoints": [
                1501,
                1079,
                0,
                1501,
                933,
                0,
                1514,
                1069,
                1,
                1757,
                1075,
                1,
                1785,
                933,
                0,
                1785,
                1079,
                0,
                1651,
                1072,
                1,
                1667,
                915,
                2,
                1693,
                671,
                2,
                1750,
                587,
                2,
                1453,
                720,
                0,
                1452,
                964,
                2,
                1508,
                675,
                2,
                1862,
                720,
                2,
                1817,
                997,
                2,
                1777,
                801,
                0
            ],
            "action": "sit down",
            "age": "adult",
            "disabled": false,
            "mask": true,
            "get_on": false,
            "get_off": false
        },
        {
            "id": 2,
            "bbox": [
                1399,
                158,
                1686,
                683
            ],
            "occluded": true,
            "num_keypoints": 16,
            "keypoints": [
                1452,
                634,
                1,
                1472,
                515,
                1,
                1505,
                399,
                2,
                1613,
                399,
                1,
                1593,
                531,
                1,
                1592,
                645,
                1,
                1560,
                399,
                1,
                1570,
                350,
                2,
                1579,
                287,
                2,
                1576,
                239,
                2,
                1554,
                347,
                2,
                1503,
                383,
                2,
                1484,
                282,
                2,
                1619,
                288,
                2,
                1641,
                344,
                1,
                1675,
                373,
                1
            ],
            "action": "stand",
            "age": "elder",
            "disabled": false,
            "mask": true,
            "get_on": true,
            "get_off": false
        }
    ]
}