{
    "info": {
        "description": "AIHub Bus Passenger Dataset",
        "year": 2020,
        "version": "1.0",
        "img_path": "",
        "width": 1920,
        "height": 1080,
        "G-Sensor": "21,-33,1004",
        "Gyro": "0,0,0"
    },
    "annotations": [
        {
            "id": 0,
            "bbox": [
                936,
                148,
                1170,
                610
            ],
            "occluded": true,
            "num_keypoints": 16,
            "keypoints": [
                1021,
                547,
                2,
                983,
                473,
                2,
                1004,
                397,
                2,
                1113,
                392,
                1,
                1129,
                474,
                2,
                1137,
                550,
                2,
                1058,
                392,
                1,
                1054,
                327,
                2,
                1044,
                253,
                2,
                1038,
                220,
                2,
                967,
                310,
                1,
                974,
                346,
                2,
                995,
                256,
                2,
                1114,
                250,
                2,
                1150,
                336,
                2,
                1128,
                380,
                2
            ],
            "action": "sit down",
            "age": "elder",
            "disabled": false,
            "mask": true,
            "get_on": false,
            "get_off": false
        },
        {
            "id": 1,
            "bbox": [
                1401,
                368,
                1884,
                1079
            ],
            "occluded": true,
            "num_keypoints": 16,
            "keypoints": [
                1496,
                1079,
                0,
                1496,
                935,
                0,
                1515,
                1068,
                1,
                1757,
                1073,
                1,
                1784,
                935,
                0,
                1784,
                1079,
                0,
                1647,
                1071,
                1,
                1665,
                920,
                2,
                1689,
                692,
                2,
                1739,
                604,
                2,
                1447,
                722,
                0,
                1450,
                990,
                2,
                1502,
                689,
                2,
                1860,
                703,
                2,
                1795,
                1033,
                2,
                1833,
                722,
                0
            ],
            "action": "sit down",
            "age": "adult",
            "disabled": false,
            "mask": true,
            "get_on": false,
            "get_off": false
        },
        {
            "id": 2,
            "bbox": [
                579,
                458,
                878,
                974
            ],
            "occluded": true,
            "num_keypoints": 16,
            "keypoints": [
                674,
                903,
                1,
                690,
                837,
                1,
                663,
                743,
                1,
                731,
                756,
                1,
                770,
                840,
                1,
                819,
                937,
                1,
                701,
                749,
                1,
                705,
                654,
                1,
                646,
                557,
                1,
                659,
                509,
                1,
                698,
                802,
                1,
                635,
                682,
                1,
                648,
                610,
                1,
                721,
                559,
                1,
                768,
                590,
                2,
                854,
                629,
                2
            ],
            "action": "walk",
            "age": "elder",
            "disabled": false,
            "mask": false,
            "get_on": true,
            "get_off": false
        }
    ]
}