{
    "info": {
        "description": "AIHub Bus Passenger Dataset",
        "year": 2020,
        "version": "1.0",
        "img_path": "",
        "width": 1920,
        "height": 1080,
        "G-Sensor": "47,-29,896",
        "Gyro": "0,0,0"
    },
    "annotations": [
        {
            "id": 0,
            "bbox": [
                936,
                158,
                1170,
                610
            ],
            "occluded": true,
            "num_keypoints": 16,
            "keypoints": [
                1021,
                549,
                2,
                983,
                476,
                2,
                1004,
                402,
                2,
                1113,
                397,
                1,
                1129,
                477,
                2,
                1137,
                552,
                2,
                1058,
                397,
                1,
                1051,
                330,
                2,
                1043,
                253,
                2,
                1033,
                228,
                2,
                967,
                317,
                1,
                974,
                353,
                2,
                987,
                276,
                2,
                1103,
                248,
                2,
                1150,
                342,
                2,
                1128,
                385,
                2
            ],
            "action": "sit down",
            "age": "elder",
            "disabled": false,
            "mask": true,
            "get_on": false,
            "get_off": false
        },
        {
            "id": 1,
            "bbox": [
                1413,
                347,
                1889,
                1079
            ],
            "occluded": true,
            "num_keypoints": 16,
            "keypoints": [
                1508,
                1079,
                0,
                1508,
                932,
                0,
                1525,
                1069,
                1,
                1761,
                1069,
                1,
                1793,
                932,
                0,
                1793,
                1079,
                0,
                1659,
                1065,
                1,
                1685,
                898,
                2,
                1708,
                691,
                2,
                1686,
                584,
                2,
                1460,
                713,
                0,
                1471,
                973,
                2,
                1526,
                665,
                2,
                1851,
                701,
                2,
                1812,
                998,
                2,
                1841,
                713,
                0
            ],
            "action": "sit down",
            "age": "adult",
            "disabled": false,
            "mask": true,
            "get_on": false,
            "get_off": false
        },
        {
            "id": 2,
            "bbox": [
                658,
                324,
                1073,
                958
            ],
            "occluded": true,
            "num_keypoints": 16,
            "keypoints": [
                839,
                895,
                1,
                822,
                823,
                2,
                780,
                681,
                2,
                843,
                649,
                2,
                868,
                764,
                2,
                872,
                848,
                2,
                812,
                668,
                2,
                792,
                580,
                2,
                770,
                454,
                2,
                774,
                408,
                2,
                739,
                679,
                1,
                669,
                622,
                1,
                689,
                476,
                1,
                833,
                446,
                2,
                909,
                493,
                2,
                1008,
                492,
                2
            ],
            "action": "walk",
            "age": "elder",
            "disabled": false,
            "mask": true,
            "get_on": true,
            "get_off": false
        }
    ]
}