{
    "info": {
        "description": "AIHub Bus Passenger Dataset",
        "year": 2020,
        "version": "1.0",
        "img_path": "",
        "width": 1920,
        "height": 1080,
        "G-Sensor": "12,-6,955",
        "Gyro": "0,0,0"
    },
    "annotations": [
        {
            "id": 0,
            "bbox": [
                936,
                163,
                1170,
                610
            ],
            "occluded": true,
            "num_keypoints": 16,
            "keypoints": [
                1021,
                549,
                2,
                980,
                468,
                2,
                1007,
                401,
                2,
                1113,
                398,
                1,
                1129,
                478,
                2,
                1137,
                552,
                2,
                1055,
                400,
                1,
                1047,
                334,
                1,
                1037,
                257,
                1,
                1030,
                216,
                2,
                967,
                319,
                1,
                959,
                357,
                2,
                980,
                269,
                2,
                1094,
                252,
                2,
                1138,
                343,
                2,
                1128,
                386,
                2
            ],
            "action": "sit down",
            "age": "elder",
            "disabled": false,
            "mask": true,
            "get_on": false,
            "get_off": false
        },
        {
            "id": 1,
            "bbox": [
                1389,
                347,
                1890,
                1079
            ],
            "occluded": true,
            "num_keypoints": 16,
            "keypoints": [
                1489,
                1079,
                0,
                1489,
                932,
                0,
                1507,
                1069,
                1,
                1755,
                1069,
                1,
                1789,
                932,
                0,
                1789,
                1079,
                0,
                1634,
                1074,
                1,
                1663,
                908,
                2,
                1698,
                668,
                2,
                1688,
                572,
                2,
                1438,
                713,
                0,
                1450,
                973,
                2,
                1520,
                644,
                2,
                1851,
                724,
                2,
                1788,
                1048,
                2,
                1839,
                713,
                0
            ],
            "action": "sit down",
            "age": "adult",
            "disabled": false,
            "mask": true,
            "get_on": false,
            "get_off": false
        },
        {
            "id": 2,
            "bbox": [
                1376,
                146,
                1655,
                678
            ],
            "occluded": true,
            "num_keypoints": 16,
            "keypoints": [
                1441,
                617,
                2,
                1450,
                504,
                2,
                1453,
                395,
                2,
                1546,
                395,
                1,
                1545,
                513,
                1,
                1545,
                622,
                1,
                1497,
                399,
                2,
                1500,
                331,
                2,
                1502,
                269,
                2,
                1499,
                216,
                2,
                1406,
                447,
                2,
                1404,
                351,
                2,
                1436,
                255,
                2,
                1566,
                263,
                2,
                1601,
                318,
                2,
                1626,
                351,
                1
            ],
            "action": "sit down",
            "age": "elder",
            "disabled": false,
            "mask": true,
            "get_on": true,
            "get_off": false
        }
    ]
}