{
    "info": {
        "description": "AIHub Bus Passenger Dataset",
        "year": 2020,
        "version": "1.0",
        "img_path": "",
        "width": 1920,
        "height": 1080,
        "G-Sensor": "-2,-47,1023",
        "Gyro": "0,0,0"
    },
    "annotations": [
        {
            "id": 0,
            "bbox": [
                936,
                163,
                1170,
                610
            ],
            "occluded": true,
            "num_keypoints": 16,
            "keypoints": [
                1021,
                549,
                2,
                980,
                468,
                2,
                1007,
                401,
                2,
                1113,
                398,
                1,
                1129,
                478,
                2,
                1137,
                552,
                2,
                1055,
                400,
                1,
                1047,
                334,
                1,
                1037,
                257,
                1,
                1030,
                216,
                2,
                967,
                319,
                1,
                959,
                357,
                2,
                980,
                269,
                2,
                1094,
                252,
                2,
                1138,
                343,
                2,
                1128,
                386,
                2
            ],
            "action": "sit down",
            "age": "elder",
            "disabled": false,
            "mask": true,
            "get_on": false,
            "get_off": false
        },
        {
            "id": 1,
            "bbox": [
                1384,
                348,
                1890,
                1079
            ],
            "occluded": true,
            "num_keypoints": 16,
            "keypoints": [
                1485,
                1079,
                0,
                1485,
                932,
                0,
                1504,
                1069,
                1,
                1754,
                1069,
                1,
                1788,
                932,
                0,
                1788,
                1079,
                0,
                1623,
                1074,
                1,
                1654,
                910,
                2,
                1697,
                668,
                2,
                1696,
                569,
                2,
                1434,
                713,
                0,
                1446,
                973,
                2,
                1525,
                649,
                2,
                1859,
                737,
                2,
                1794,
                1053,
                2,
                1839,
                713,
                0
            ],
            "action": "sit down",
            "age": "adult",
            "disabled": false,
            "mask": true,
            "get_on": false,
            "get_off": false
        },
        {
            "id": 2,
            "bbox": [
                1335,
                152,
                1571,
                648
            ],
            "occluded": true,
            "num_keypoints": 16,
            "keypoints": [
                1389,
                596,
                2,
                1403,
                493,
                2,
                1435,
                403,
                2,
                1512,
                403,
                1,
                1477,
                493,
                1,
                1481,
                605,
                1,
                1471,
                405,
                2,
                1475,
                344,
                1,
                1473,
                268,
                2,
                1473,
                227,
                2,
                1397,
                315,
                2,
                1362,
                355,
                1,
                1408,
                257,
                1,
                1546,
                260,
                2,
                1553,
                340,
                2,
                1541,
                347,
                2
            ],
            "action": "sit down",
            "age": "elder",
            "disabled": false,
            "mask": true,
            "get_on": true,
            "get_off": false
        }
    ]
}