{
    "info": {
        "description": "AIHub Bus Passenger Dataset",
        "year": 2020,
        "version": "1.0",
        "img_path": "",
        "width": 1920,
        "height": 1080,
        "G-Sensor": "12,-6,955",
        "Gyro": "0,0,0"
    },
    "annotations": [
        {
            "id": 0,
            "bbox": [
                936,
                163,
                1170,
                610
            ],
            "occluded": true,
            "num_keypoints": 16,
            "keypoints": [
                1021,
                549,
                2,
                980,
                468,
                2,
                1007,
                401,
                2,
                1113,
                398,
                1,
                1129,
                478,
                2,
                1137,
                552,
                2,
                1055,
                400,
                1,
                1047,
                334,
                1,
                1037,
                257,
                1,
                1030,
                216,
                2,
                967,
                319,
                1,
                959,
                357,
                2,
                980,
                269,
                2,
                1094,
                252,
                2,
                1138,
                343,
                2,
                1128,
                386,
                2
            ],
            "action": "sit down",
            "age": "elder",
            "disabled": false,
            "mask": true,
            "get_on": false,
            "get_off": false
        },
        {
            "id": 1,
            "bbox": [
                1388,
                357,
                1894,
                1079
            ],
            "occluded": true,
            "num_keypoints": 16,
            "keypoints": [
                1489,
                1079,
                0,
                1489,
                934,
                0,
                1508,
                1069,
                1,
                1758,
                1069,
                1,
                1792,
                934,
                0,
                1792,
                1079,
                0,
                1634,
                1069,
                1,
                1658,
                909,
                2,
                1696,
                668,
                2,
                1700,
                575,
                2,
                1438,
                718,
                0,
                1450,
                974,
                2,
                1526,
                642,
                2,
                1845,
                724,
                2,
                1794,
                1050,
                2,
                1843,
                718,
                0
            ],
            "action": "sit down",
            "age": "adult",
            "disabled": false,
            "mask": true,
            "get_on": false,
            "get_off": false
        },
        {
            "id": 2,
            "bbox": [
                1334,
                152,
                1586,
                676
            ],
            "occluded": true,
            "num_keypoints": 16,
            "keypoints": [
                1384,
                610,
                2,
                1401,
                496,
                2,
                1434,
                400,
                2,
                1528,
                400,
                1,
                1489,
                502,
                1,
                1489,
                625,
                1,
                1483,
                400,
                2,
                1479,
                325,
                1,
                1477,
                271,
                2,
                1475,
                234,
                2,
                1363,
                454,
                1,
                1384,
                371,
                2,
                1416,
                264,
                2,
                1549,
                269,
                2,
                1571,
                342,
                2,
                1547,
                346,
                2
            ],
            "action": "sit down",
            "age": "elder",
            "disabled": false,
            "mask": true,
            "get_on": true,
            "get_off": false
        }
    ]
}