{
    "info": {
        "description": "AIHub Bus Passenger Dataset",
        "year": 2020,
        "version": "1.0",
        "img_path": "",
        "width": 1920,
        "height": 1080,
        "G-Sensor": "6,-31,982",
        "Gyro": "0,0,0"
    },
    "annotations": [
        {
            "id": 0,
            "bbox": [
                937,
                152,
                1171,
                610
            ],
            "occluded": true,
            "num_keypoints": 16,
            "keypoints": [
                1022,
                548,
                1,
                984,
                474,
                1,
                1011,
                395,
                1,
                1110,
                388,
                1,
                1130,
                475,
                1,
                1138,
                551,
                1,
                1063,
                394,
                1,
                1052,
                327,
                1,
                1041,
                264,
                1,
                1034,
                223,
                2,
                968,
                313,
                1,
                966,
                353,
                1,
                988,
                272,
                2,
                1103,
                252,
                1,
                1151,
                338,
                1,
                1129,
                382,
                1
            ],
            "action": "sit down",
            "age": "elder",
            "disabled": false,
            "mask": true,
            "get_on": false,
            "get_off": false
        },
        {
            "id": 1,
            "bbox": [
                1415,
                347,
                1888,
                1079
            ],
            "occluded": true,
            "num_keypoints": 16,
            "keypoints": [
                1509,
                1079,
                0,
                1509,
                932,
                0,
                1527,
                1069,
                1,
                1760,
                1069,
                1,
                1792,
                932,
                0,
                1792,
                1079,
                0,
                1659,
                1065,
                1,
                1686,
                898,
                2,
                1706,
                677,
                1,
                1715,
                572,
                2,
                1461,
                713,
                0,
                1472,
                973,
                2,
                1528,
                665,
                2,
                1845,
                699,
                2,
                1813,
                989,
                2,
                1840,
                713,
                0
            ],
            "action": "sit down",
            "age": "adult",
            "disabled": false,
            "mask": true,
            "get_on": false,
            "get_off": false
        },
        {
            "id": 2,
            "bbox": [
                983,
                79,
                1330,
                868
            ],
            "occluded": true,
            "num_keypoints": 16,
            "keypoints": [
                1158,
                827,
                2,
                1160,
                681,
                2,
                1153,
                520,
                2,
                1102,
                496,
                2,
                1105,
                644,
                2,
                1089,
                745,
                2,
                1128,
                510,
                2,
                1124,
                389,
                2,
                1131,
                222,
                2,
                1150,
                159,
                2,
                1284,
                524,
                2,
                1188,
                486,
                2,
                1172,
                283,
                2,
                1055,
                224,
                2,
                1068,
                405,
                1,
                1076,
                524,
                1
            ],
            "action": "walk",
            "age": "elder",
            "disabled": false,
            "mask": true,
            "get_on": true,
            "get_off": false
        }
    ]
}