{
    "info": {
        "description": "AIHub Bus Passenger Dataset",
        "year": 2020,
        "version": "1.0",
        "img_path": "",
        "width": 1920,
        "height": 1080,
        "G-Sensor": "-74,53,1123",
        "Gyro": "0,0,0"
    },
    "annotations": [
        {
            "id": 0,
            "bbox": [
                936,
                142,
                1170,
                610
            ],
            "occluded": true,
            "num_keypoints": 16,
            "keypoints": [
                1022,
                548,
                2,
                977,
                456,
                2,
                1012,
                391,
                2,
                1121,
                388,
                1,
                1129,
                468,
                2,
                1138,
                559,
                2,
                1063,
                389,
                1,
                1056,
                322,
                2,
                1052,
                252,
                2,
                1048,
                206,
                2,
                965,
                328,
                2,
                982,
                347,
                2,
                993,
                252,
                2,
                1110,
                248,
                2,
                1149,
                334,
                2,
                1131,
                380,
                2
            ],
            "action": "sit down",
            "age": "elder",
            "disabled": false,
            "mask": true,
            "get_on": false,
            "get_off": false
        },
        {
            "id": 1,
            "bbox": [
                1413,
                349,
                1892,
                1079
            ],
            "occluded": true,
            "num_keypoints": 16,
            "keypoints": [
                1508,
                1079,
                0,
                1508,
                932,
                0,
                1526,
                1069,
                1,
                1763,
                1069,
                1,
                1795,
                932,
                0,
                1795,
                1079,
                0,
                1651,
                1075,
                1,
                1672,
                921,
                2,
                1706,
                673,
                2,
                1752,
                589,
                2,
                1460,
                714,
                0,
                1467,
                1003,
                2,
                1502,
                683,
                2,
                1865,
                698,
                2,
                1804,
                1014,
                2,
                1843,
                714,
                0
            ],
            "action": "sit down",
            "age": "adult",
            "disabled": false,
            "mask": true,
            "get_on": false,
            "get_off": false
        }
    ]
}