{
    "info": {
        "description": "AIHub Bus Passenger Dataset",
        "year": 2020,
        "version": "1.0",
        "img_path": "",
        "width": 1920,
        "height": 1080,
        "G-Sensor": "-12,-37,1025",
        "Gyro": "0,0,0"
    },
    "annotations": [
        {
            "id": 0,
            "bbox": [
                936,
                162,
                1170,
                610
            ],
            "occluded": true,
            "num_keypoints": 16,
            "keypoints": [
                1021,
                549,
                2,
                980,
                468,
                2,
                1007,
                401,
                2,
                1113,
                398,
                1,
                1129,
                478,
                2,
                1137,
                552,
                2,
                1055,
                400,
                1,
                1043,
                334,
                1,
                1029,
                256,
                1,
                1030,
                216,
                2,
                967,
                319,
                1,
                958,
                364,
                2,
                980,
                269,
                2,
                1094,
                252,
                2,
                1132,
                352,
                2,
                1128,
                386,
                2
            ],
            "action": "sit down",
            "age": "elder",
            "disabled": false,
            "mask": true,
            "get_on": false,
            "get_off": false
        },
        {
            "id": 1,
            "bbox": [
                1366,
                347,
                1896,
                1079
            ],
            "occluded": true,
            "num_keypoints": 16,
            "keypoints": [
                1471,
                1079,
                0,
                1471,
                932,
                0,
                1507,
                1031,
                2,
                1753,
                1069,
                1,
                1789,
                932,
                0,
                1789,
                1079,
                0,
                1608,
                1068,
                1,
                1640,
                917,
                2,
                1693,
                668,
                2,
                1689,
                572,
                2,
                1426,
                860,
                2,
                1441,
                925,
                2,
                1523,
                640,
                2,
                1853,
                717,
                2,
                1784,
                1060,
                2,
                1842,
                713,
                0
            ],
            "action": "sit down",
            "age": "adult",
            "disabled": false,
            "mask": true,
            "get_on": false,
            "get_off": false
        },
        {
            "id": 2,
            "bbox": [
                1381,
                159,
                1664,
                690
            ],
            "occluded": true,
            "num_keypoints": 16,
            "keypoints": [
                1432,
                635,
                2,
                1429,
                526,
                2,
                1457,
                379,
                2,
                1553,
                379,
                1,
                1568,
                511,
                1,
                1567,
                630,
                1,
                1503,
                382,
                2,
                1502,
                339,
                2,
                1499,
                278,
                2,
                1496,
                239,
                2,
                1419,
                424,
                2,
                1401,
                363,
                2,
                1441,
                265,
                2,
                1563,
                271,
                2,
                1593,
                332,
                2,
                1638,
                351,
                1
            ],
            "action": "sit down",
            "age": "elder",
            "disabled": false,
            "mask": true,
            "get_on": true,
            "get_off": false
        }
    ]
}