{
    "info": {
        "description": "AIHub Bus Passenger Dataset",
        "year": 2020,
        "version": "1.0",
        "img_path": "",
        "width": 1920,
        "height": 1080,
        "G-Sensor": "10,-23,1010",
        "Gyro": "0,0,0"
    },
    "annotations": [
        {
            "id": 0,
            "bbox": [
                936,
                159,
                1170,
                610
            ],
            "occluded": true,
            "num_keypoints": 16,
            "keypoints": [
                1024,
                537,
                2,
                992,
                437,
                2,
                1007,
                399,
                2,
                1113,
                396,
                1,
                1129,
                476,
                1,
                1139,
                528,
                1,
                1055,
                398,
                1,
                1047,
                331,
                1,
                1037,
                253,
                1,
                1030,
                212,
                2,
                967,
                316,
                1,
                959,
                354,
                2,
                980,
                265,
                2,
                1094,
                248,
                2,
                1134,
                340,
                1,
                1128,
                383,
                1
            ],
            "action": "sit down",
            "age": "elder",
            "disabled": false,
            "mask": true,
            "get_on": false,
            "get_off": false
        },
        {
            "id": 1,
            "bbox": [
                1390,
                356,
                1891,
                1079
            ],
            "occluded": true,
            "num_keypoints": 16,
            "keypoints": [
                1490,
                1079,
                0,
                1490,
                933,
                0,
                1504,
                1072,
                1,
                1730,
                1077,
                1,
                1790,
                933,
                0,
                1790,
                1079,
                0,
                1625,
                1074,
                1,
                1633,
                928,
                2,
                1698,
                674,
                1,
                1694,
                581,
                2,
                1439,
                717,
                0,
                1443,
                948,
                2,
                1528,
                639,
                2,
                1864,
                747,
                2,
                1820,
                1002,
                2,
                1840,
                717,
                0
            ],
            "action": "sit down",
            "age": "adult",
            "disabled": false,
            "mask": true,
            "get_on": false,
            "get_off": false
        },
        {
            "id": 2,
            "bbox": [
                1090,
                66,
                1599,
                843
            ],
            "occluded": true,
            "num_keypoints": 16,
            "keypoints": [
                1212,
                777,
                2,
                1222,
                628,
                2,
                1206,
                466,
                2,
                1311,
                451,
                2,
                1333,
                599,
                2,
                1338,
                710,
                2,
                1263,
                460,
                2,
                1254,
                346,
                2,
                1244,
                252,
                2,
                1231,
                178,
                2,
                1169,
                530,
                2,
                1108,
                411,
                2,
                1128,
                253,
                2,
                1336,
                212,
                1,
                1414,
                287,
                2,
                1476,
                318,
                2
            ],
            "action": "stand",
            "age": "elder",
            "disabled": false,
            "mask": true,
            "get_on": true,
            "get_off": false
        }
    ]
}