{
    "info": {
        "description": "AIHub Bus Passenger Dataset",
        "year": 2020,
        "version": "1.0",
        "img_path": "",
        "width": 1920,
        "height": 1080,
        "G-Sensor": "23,-35,959",
        "Gyro": "0,0,0"
    },
    "annotations": [
        {
            "id": 0,
            "bbox": [
                937,
                160,
                1171,
                610
            ],
            "occluded": true,
            "num_keypoints": 16,
            "keypoints": [
                1022,
                549,
                2,
                981,
                467,
                2,
                1011,
                399,
                2,
                1114,
                398,
                1,
                1130,
                478,
                2,
                1138,
                552,
                2,
                1063,
                398,
                1,
                1054,
                329,
                2,
                1042,
                256,
                2,
                1037,
                221,
                2,
                968,
                318,
                1,
                955,
                352,
                2,
                981,
                266,
                2,
                1094,
                243,
                2,
                1151,
                343,
                2,
                1129,
                386,
                2
            ],
            "action": "sit down",
            "age": "elder",
            "disabled": false,
            "mask": true,
            "get_on": false,
            "get_off": false
        },
        {
            "id": 1,
            "bbox": [
                1417,
                346,
                1886,
                1078
            ],
            "occluded": true,
            "num_keypoints": 16,
            "keypoints": [
                1510,
                1078,
                0,
                1510,
                931,
                0,
                1528,
                1068,
                1,
                1759,
                1068,
                1,
                1791,
                931,
                0,
                1791,
                1078,
                0,
                1659,
                1064,
                1,
                1685,
                897,
                2,
                1681,
                669,
                2,
                1751,
                590,
                2,
                1463,
                712,
                0,
                1474,
                972,
                2,
                1529,
                664,
                2,
                1846,
                683,
                2,
                1814,
                1010,
                2,
                1838,
                712,
                0
            ],
            "action": "sit down",
            "age": "adult",
            "disabled": false,
            "mask": true,
            "get_on": false,
            "get_off": false
        },
        {
            "id": 2,
            "bbox": [
                1371,
                156,
                1653,
                637
            ],
            "occluded": true,
            "num_keypoints": 16,
            "keypoints": [
                1411,
                595,
                2,
                1429,
                497,
                2,
                1457,
                402,
                2,
                1547,
                402,
                1,
                1556,
                490,
                1,
                1555,
                589,
                1,
                1504,
                404,
                2,
                1508,
                336,
                2,
                1507,
                267,
                2,
                1502,
                229,
                2,
                1468,
                367,
                1,
                1441,
                362,
                2,
                1443,
                259,
                2,
                1570,
                266,
                2,
                1601,
                329,
                2,
                1630,
                349,
                1
            ],
            "action": "sit down",
            "age": "elder",
            "disabled": false,
            "mask": true,
            "get_on": true,
            "get_off": false
        }
    ]
}