{
    "info": {
        "description": "AIHub Bus Passenger Dataset",
        "year": 2020,
        "version": "1.0",
        "img_path": "",
        "width": 1920,
        "height": 1080,
        "G-Sensor": "68,-29,893",
        "Gyro": "0,0,0"
    },
    "annotations": [
        {
            "id": 0,
            "bbox": [
                936,
                163,
                1170,
                610
            ],
            "occluded": true,
            "num_keypoints": 16,
            "keypoints": [
                1021,
                549,
                2,
                980,
                468,
                2,
                1007,
                402,
                2,
                1113,
                399,
                1,
                1129,
                479,
                2,
                1137,
                552,
                2,
                1055,
                401,
                1,
                1041,
                329,
                1,
                1021,
                260,
                1,
                1011,
                218,
                1,
                967,
                320,
                1,
                961,
                364,
                2,
                977,
                272,
                2,
                1086,
                251,
                2,
                1137,
                346,
                2,
                1128,
                388,
                2
            ],
            "action": "sit down",
            "age": "elder",
            "disabled": false,
            "mask": true,
            "get_on": false,
            "get_off": false
        },
        {
            "id": 1,
            "bbox": [
                1415,
                347,
                1888,
                1079
            ],
            "occluded": true,
            "num_keypoints": 16,
            "keypoints": [
                1509,
                1079,
                0,
                1509,
                932,
                0,
                1527,
                1069,
                1,
                1760,
                1069,
                1,
                1792,
                932,
                0,
                1792,
                1079,
                0,
                1659,
                1065,
                1,
                1686,
                898,
                2,
                1701,
                687,
                2,
                1665,
                572,
                2,
                1461,
                713,
                0,
                1472,
                973,
                2,
                1528,
                665,
                2,
                1848,
                684,
                2,
                1810,
                1005,
                2,
                1840,
                713,
                0
            ],
            "action": "sit down",
            "age": "adult",
            "disabled": false,
            "mask": true,
            "get_on": false,
            "get_off": false
        },
        {
            "id": 2,
            "bbox": [
                1380,
                162,
                1660,
                682
            ],
            "occluded": true,
            "num_keypoints": 16,
            "keypoints": [
                1430,
                628,
                2,
                1427,
                521,
                2,
                1473,
                408,
                1,
                1557,
                410,
                1,
                1565,
                507,
                1,
                1564,
                623,
                1,
                1517,
                410,
                1,
                1511,
                332,
                2,
                1508,
                267,
                2,
                1507,
                236,
                2,
                1468,
                372,
                1,
                1448,
                359,
                2,
                1439,
                266,
                2,
                1575,
                274,
                2,
                1609,
                343,
                2,
                1635,
                350,
                1
            ],
            "action": "sit down",
            "age": "elder",
            "disabled": false,
            "mask": true,
            "get_on": true,
            "get_off": false
        }
    ]
}