{
    "info": {
        "description": "AIHub Bus Passenger Dataset",
        "year": 2020,
        "version": "1.0",
        "img_path": "",
        "width": 1920,
        "height": 1080,
        "G-Sensor": "0,-35,1027",
        "Gyro": "0,0,0"
    },
    "annotations": [
        {
            "id": 0,
            "bbox": [
                936,
                159,
                1170,
                610
            ],
            "occluded": true,
            "num_keypoints": 16,
            "keypoints": [
                1021,
                548,
                2,
                992,
                437,
                1,
                1007,
                399,
                1,
                1113,
                396,
                1,
                1129,
                476,
                1,
                1137,
                551,
                1,
                1055,
                398,
                1,
                1047,
                331,
                1,
                1037,
                253,
                1,
                1030,
                212,
                2,
                967,
                316,
                1,
                959,
                354,
                2,
                980,
                265,
                2,
                1094,
                248,
                1,
                1134,
                340,
                1,
                1128,
                383,
                1
            ],
            "action": "sit down",
            "age": "elder",
            "disabled": false,
            "mask": true,
            "get_on": false,
            "get_off": false
        },
        {
            "id": 1,
            "bbox": [
                1389,
                357,
                1892,
                1079
            ],
            "occluded": true,
            "num_keypoints": 16,
            "keypoints": [
                1489,
                1079,
                0,
                1489,
                934,
                0,
                1508,
                1069,
                1,
                1756,
                1069,
                1,
                1790,
                934,
                0,
                1790,
                1079,
                0,
                1649,
                1065,
                1,
                1677,
                900,
                2,
                1703,
                657,
                2,
                1693,
                555,
                2,
                1438,
                718,
                0,
                1450,
                974,
                2,
                1518,
                648,
                2,
                1868,
                751,
                2,
                1806,
                1019,
                2,
                1841,
                718,
                0
            ],
            "action": "sit down",
            "age": "adult",
            "disabled": false,
            "mask": true,
            "get_on": false,
            "get_off": false
        },
        {
            "id": 2,
            "bbox": [
                753,
                81,
                1522,
                843
            ],
            "occluded": true,
            "num_keypoints": 16,
            "keypoints": [
                1220,
                764,
                2,
                1202,
                646,
                2,
                1174,
                482,
                2,
                1280,
                458,
                2,
                1319,
                611,
                2,
                1327,
                724,
                2,
                1228,
                475,
                2,
                1205,
                389,
                2,
                1169,
                252,
                2,
                1143,
                184,
                2,
                833,
                477,
                2,
                966,
                391,
                2,
                1048,
                305,
                2,
                1265,
                226,
                2,
                1382,
                319,
                2,
                1435,
                357,
                2
            ],
            "action": "stand",
            "age": "elder",
            "disabled": false,
            "mask": true,
            "get_on": true,
            "get_off": false
        }
    ]
}