{
    "info": {
        "description": "AIHub Bus Passenger Dataset",
        "year": 2020,
        "version": "1.0",
        "img_path": "",
        "width": 1920,
        "height": 1080,
        "G-Sensor": "23,-21,963",
        "Gyro": "0,0,0"
    },
    "annotations": [
        {
            "id": 0,
            "bbox": [
                936,
                160,
                1170,
                610
            ],
            "occluded": true,
            "num_keypoints": 16,
            "keypoints": [
                1021,
                549,
                2,
                980,
                467,
                2,
                1010,
                399,
                2,
                1113,
                398,
                1,
                1129,
                478,
                2,
                1137,
                552,
                2,
                1062,
                398,
                1,
                1053,
                329,
                2,
                1041,
                256,
                2,
                1037,
                220,
                2,
                967,
                318,
                1,
                962,
                354,
                2,
                987,
                266,
                2,
                1097,
                243,
                2,
                1142,
                331,
                2,
                1128,
                386,
                2
            ],
            "action": "sit down",
            "age": "elder",
            "disabled": false,
            "mask": true,
            "get_on": false,
            "get_off": false
        },
        {
            "id": 1,
            "bbox": [
                1413,
                347,
                1886,
                1079
            ],
            "occluded": true,
            "num_keypoints": 16,
            "keypoints": [
                1507,
                1079,
                0,
                1507,
                932,
                0,
                1525,
                1069,
                1,
                1758,
                1069,
                1,
                1790,
                932,
                0,
                1790,
                1079,
                0,
                1657,
                1065,
                1,
                1684,
                898,
                2,
                1705,
                668,
                1,
                1709,
                577,
                2,
                1459,
                713,
                0,
                1470,
                973,
                2,
                1526,
                665,
                2,
                1843,
                687,
                2,
                1810,
                1012,
                2,
                1838,
                713,
                0
            ],
            "action": "sit down",
            "age": "adult",
            "disabled": false,
            "mask": true,
            "get_on": false,
            "get_off": false
        },
        {
            "id": 2,
            "bbox": [
                1309,
                124,
                1646,
                643
            ],
            "occluded": true,
            "num_keypoints": 16,
            "keypoints": [
                1394,
                597,
                2,
                1431,
                477,
                2,
                1438,
                384,
                1,
                1498,
                384,
                1,
                1481,
                477,
                1,
                1472,
                597,
                1,
                1472,
                384,
                1,
                1452,
                322,
                2,
                1439,
                267,
                2,
                1422,
                217,
                2,
                1458,
                375,
                1,
                1386,
                353,
                2,
                1352,
                238,
                1,
                1520,
                238,
                2,
                1573,
                315,
                2,
                1630,
                349,
                1
            ],
            "action": "stand",
            "age": "elder",
            "disabled": false,
            "mask": true,
            "get_on": true,
            "get_off": false
        }
    ]
}