{
    "info": {
        "description": "AIHub Bus Passenger Dataset",
        "year": 2020,
        "version": "1.0",
        "img_path": "",
        "width": 1920,
        "height": 1080,
        "G-Sensor": "63,-31,887",
        "Gyro": "0,0,0"
    },
    "annotations": [
        {
            "id": 0,
            "bbox": [
                936,
                162,
                1170,
                610
            ],
            "occluded": true,
            "num_keypoints": 16,
            "keypoints": [
                1021,
                549,
                2,
                980,
                468,
                2,
                1007,
                401,
                2,
                1113,
                398,
                1,
                1129,
                478,
                2,
                1137,
                552,
                2,
                1055,
                400,
                1,
                1043,
                334,
                1,
                1029,
                256,
                1,
                1030,
                216,
                2,
                967,
                319,
                1,
                958,
                364,
                2,
                980,
                269,
                2,
                1094,
                252,
                2,
                1135,
                346,
                2,
                1128,
                386,
                2
            ],
            "action": "sit down",
            "age": "elder",
            "disabled": false,
            "mask": true,
            "get_on": false,
            "get_off": false
        },
        {
            "id": 1,
            "bbox": [
                1361,
                347,
                1895,
                1079
            ],
            "occluded": true,
            "num_keypoints": 16,
            "keypoints": [
                1467,
                1079,
                0,
                1467,
                932,
                0,
                1494,
                1028,
                2,
                1725,
                1075,
                1,
                1787,
                932,
                0,
                1787,
                1079,
                0,
                1597,
                1072,
                1,
                1630,
                893,
                2,
                1691,
                668,
                2,
                1685,
                564,
                2,
                1436,
                885,
                2,
                1453,
                938,
                2,
                1533,
                640,
                2,
                1870,
                757,
                2,
                1785,
                1069,
                2,
                1841,
                713,
                0
            ],
            "action": "sit down",
            "age": "adult",
            "disabled": false,
            "mask": true,
            "get_on": false,
            "get_off": false
        },
        {
            "id": 2,
            "bbox": [
                1381,
                159,
                1664,
                690
            ],
            "occluded": true,
            "num_keypoints": 16,
            "keypoints": [
                1432,
                635,
                2,
                1429,
                526,
                2,
                1450,
                378,
                2,
                1566,
                384,
                1,
                1568,
                511,
                1,
                1567,
                630,
                1,
                1504,
                382,
                2,
                1502,
                339,
                2,
                1506,
                268,
                2,
                1503,
                224,
                2,
                1418,
                407,
                2,
                1412,
                350,
                2,
                1441,
                265,
                2,
                1572,
                272,
                2,
                1593,
                332,
                2,
                1638,
                351,
                1
            ],
            "action": "sit down",
            "age": "elder",
            "disabled": false,
            "mask": true,
            "get_on": true,
            "get_off": false
        }
    ]
}