{
    "info": {
        "description": "AIHub Bus Passenger Dataset",
        "year": 2020,
        "version": "1.0",
        "img_path": "",
        "width": 1920,
        "height": 1080,
        "G-Sensor": "-20,-43,1051",
        "Gyro": "0,0,0"
    },
    "annotations": [
        {
            "id": 0,
            "bbox": [
                936,
                162,
                1170,
                610
            ],
            "occluded": true,
            "num_keypoints": 16,
            "keypoints": [
                1024,
                537,
                2,
                992,
                438,
                2,
                1007,
                400,
                2,
                1113,
                397,
                1,
                1129,
                476,
                2,
                1135,
                534,
                2,
                1055,
                399,
                1,
                1043,
                330,
                1,
                1027,
                263,
                1,
                1016,
                219,
                1,
                967,
                317,
                1,
                959,
                355,
                2,
                980,
                267,
                2,
                1094,
                250,
                2,
                1134,
                341,
                2,
                1128,
                384,
                2
            ],
            "action": "sit down",
            "age": "elder",
            "disabled": false,
            "mask": true,
            "get_on": false,
            "get_off": false
        },
        {
            "id": 1,
            "bbox": [
                1397,
                359,
                1889,
                1079
            ],
            "occluded": true,
            "num_keypoints": 16,
            "keypoints": [
                1493,
                1079,
                0,
                1493,
                932,
                0,
                1507,
                1070,
                1,
                1758,
                1076,
                1,
                1788,
                932,
                0,
                1788,
                1079,
                0,
                1649,
                1073,
                1,
                1665,
                922,
                2,
                1695,
                697,
                2,
                1701,
                573,
                2,
                1443,
                718,
                0,
                1442,
                963,
                2,
                1507,
                677,
                2,
                1858,
                703,
                2,
                1791,
                1014,
                2,
                1770,
                795,
                2
            ],
            "action": "sit down",
            "age": "adult",
            "disabled": false,
            "mask": true,
            "get_on": false,
            "get_off": false
        },
        {
            "id": 2,
            "bbox": [
                1396,
                152,
                1679,
                684
            ],
            "occluded": true,
            "num_keypoints": 16,
            "keypoints": [
                1460,
                645,
                1,
                1475,
                530,
                1,
                1473,
                404,
                1,
                1559,
                409,
                1,
                1543,
                541,
                1,
                1544,
                648,
                1,
                1516,
                410,
                1,
                1508,
                337,
                2,
                1506,
                301,
                2,
                1503,
                248,
                2,
                1459,
                402,
                1,
                1434,
                401,
                2,
                1425,
                270,
                2,
                1578,
                268,
                2,
                1631,
                347,
                1,
                1662,
                355,
                1
            ],
            "action": "stand",
            "age": "elder",
            "disabled": false,
            "mask": true,
            "get_on": true,
            "get_off": false
        }
    ]
}