{
    "info": {
        "description": "AIHub Bus Passenger Dataset",
        "year": 2020,
        "version": "1.0",
        "img_path": "",
        "width": 1920,
        "height": 1080,
        "G-Sensor": "68,-29,867",
        "Gyro": "0,0,0"
    },
    "annotations": [
        {
            "id": 0,
            "bbox": [
                936,
                162,
                1170,
                610
            ],
            "occluded": true,
            "num_keypoints": 16,
            "keypoints": [
                1021,
                549,
                2,
                980,
                468,
                2,
                1007,
                401,
                2,
                1113,
                398,
                1,
                1129,
                478,
                2,
                1137,
                552,
                2,
                1055,
                400,
                1,
                1043,
                334,
                1,
                1029,
                256,
                1,
                1030,
                216,
                2,
                967,
                319,
                1,
                959,
                357,
                2,
                980,
                269,
                2,
                1094,
                252,
                2,
                1132,
                352,
                2,
                1128,
                386,
                2
            ],
            "action": "sit down",
            "age": "elder",
            "disabled": false,
            "mask": true,
            "get_on": false,
            "get_off": false
        },
        {
            "id": 1,
            "bbox": [
                1389,
                354,
                1893,
                1079
            ],
            "occluded": true,
            "num_keypoints": 16,
            "keypoints": [
                1489,
                1079,
                0,
                1489,
                933,
                0,
                1508,
                1069,
                1,
                1757,
                1069,
                1,
                1791,
                933,
                0,
                1791,
                1079,
                0,
                1615,
                1073,
                1,
                1636,
                904,
                2,
                1700,
                671,
                2,
                1685,
                545,
                2,
                1438,
                716,
                0,
                1450,
                974,
                2,
                1521,
                637,
                2,
                1855,
                727,
                2,
                1790,
                1044,
                2,
                1842,
                716,
                0
            ],
            "action": "sit down",
            "age": "adult",
            "disabled": false,
            "mask": true,
            "get_on": false,
            "get_off": false
        },
        {
            "id": 2,
            "bbox": [
                1378,
                152,
                1660,
                678
            ],
            "occluded": true,
            "num_keypoints": 16,
            "keypoints": [
                1432,
                624,
                2,
                1437,
                498,
                2,
                1450,
                394,
                2,
                1535,
                397,
                1,
                1532,
                504,
                1,
                1532,
                620,
                1,
                1494,
                396,
                2,
                1494,
                339,
                2,
                1494,
                260,
                2,
                1496,
                214,
                2,
                1435,
                455,
                2,
                1413,
                369,
                2,
                1434,
                253,
                2,
                1558,
                264,
                2,
                1589,
                317,
                2,
                1647,
                359,
                1
            ],
            "action": "sit down",
            "age": "elder",
            "disabled": false,
            "mask": true,
            "get_on": true,
            "get_off": false
        }
    ]
}