{
    "info": {
        "description": "AIHub Bus Passenger Dataset",
        "year": 2020,
        "version": "1.0",
        "img_path": "",
        "width": 1920,
        "height": 1080,
        "G-Sensor": "63,-31,887",
        "Gyro": "0,0,0"
    },
    "annotations": [
        {
            "id": 0,
            "bbox": [
                936,
                158,
                1170,
                610
            ],
            "occluded": true,
            "num_keypoints": 16,
            "keypoints": [
                1021,
                549,
                2,
                980,
                467,
                2,
                1007,
                400,
                2,
                1113,
                397,
                1,
                1129,
                477,
                2,
                1137,
                552,
                2,
                1055,
                399,
                1,
                1040,
                332,
                1,
                1028,
                262,
                1,
                1026,
                219,
                2,
                967,
                317,
                1,
                958,
                362,
                2,
                980,
                266,
                2,
                1094,
                249,
                2,
                1135,
                344,
                2,
                1128,
                385,
                2
            ],
            "action": "sit down",
            "age": "elder",
            "disabled": false,
            "mask": true,
            "get_on": false,
            "get_off": false
        },
        {
            "id": 1,
            "bbox": [
                1357,
                354,
                1898,
                1079
            ],
            "occluded": true,
            "num_keypoints": 16,
            "keypoints": [
                1464,
                1079,
                0,
                1464,
                933,
                0,
                1503,
                1022,
                2,
                1688,
                1072,
                1,
                1788,
                933,
                0,
                1788,
                1079,
                0,
                1586,
                1067,
                1,
                1631,
                881,
                2,
                1698,
                679,
                2,
                1687,
                575,
                2,
                1433,
                890,
                2,
                1445,
                939,
                2,
                1531,
                643,
                2,
                1858,
                750,
                2,
                1782,
                1059,
                2,
                1843,
                716,
                0
            ],
            "action": "sit down",
            "age": "adult",
            "disabled": false,
            "mask": true,
            "get_on": false,
            "get_off": false
        },
        {
            "id": 2,
            "bbox": [
                1381,
                159,
                1664,
                690
            ],
            "occluded": true,
            "num_keypoints": 16,
            "keypoints": [
                1432,
                635,
                2,
                1429,
                526,
                2,
                1470,
                392,
                1,
                1559,
                384,
                1,
                1568,
                511,
                1,
                1567,
                630,
                1,
                1511,
                383,
                2,
                1508,
                339,
                2,
                1506,
                268,
                2,
                1503,
                224,
                2,
                1460,
                372,
                1,
                1433,
                364,
                2,
                1441,
                265,
                2,
                1572,
                272,
                2,
                1591,
                329,
                2,
                1638,
                351,
                1
            ],
            "action": "sit down",
            "age": "elder",
            "disabled": false,
            "mask": true,
            "get_on": true,
            "get_off": false
        }
    ]
}