{
    "info": {
        "description": "AIHub Bus Passenger Dataset",
        "year": 2020,
        "version": "1.0",
        "img_path": "",
        "width": 1920,
        "height": 1080,
        "G-Sensor": "137,-14,826",
        "Gyro": "0,0,0"
    },
    "annotations": [
        {
            "id": 0,
            "bbox": [
                936,
                156,
                1170,
                610
            ],
            "occluded": true,
            "num_keypoints": 16,
            "keypoints": [
                1019,
                541,
                2,
                989,
                466,
                2,
                990,
                394,
                1,
                1108,
                388,
                1,
                1129,
                467,
                2,
                1137,
                553,
                2,
                1047,
                397,
                1,
                1036,
                314,
                1,
                1021,
                249,
                1,
                1009,
                220,
                1,
                960,
                332,
                2,
                963,
                355,
                2,
                968,
                287,
                2,
                1078,
                245,
                2,
                1127,
                331,
                2,
                1112,
                383,
                2
            ],
            "action": "sit down",
            "age": "elder",
            "disabled": false,
            "mask": true,
            "get_on": false,
            "get_off": false
        },
        {
            "id": 1,
            "bbox": [
                1418,
                357,
                1890,
                1079
            ],
            "occluded": true,
            "num_keypoints": 16,
            "keypoints": [
                1512,
                1079,
                0,
                1512,
                934,
                0,
                1522,
                1069,
                1,
                1762,
                1072,
                1,
                1794,
                934,
                0,
                1794,
                1079,
                0,
                1650,
                1072,
                1,
                1676,
                916,
                2,
                1710,
                677,
                2,
                1758,
                584,
                2,
                1464,
                718,
                0,
                1472,
                990,
                2,
                1522,
                680,
                2,
                1866,
                699,
                2,
                1803,
                1035,
                2,
                1842,
                718,
                0
            ],
            "action": "sit down",
            "age": "adult",
            "disabled": false,
            "mask": true,
            "get_on": false,
            "get_off": false
        }
    ]
}