{
    "info": {
        "description": "AIHub Bus Passenger Dataset",
        "year": 2020,
        "version": "1.0",
        "img_path": "",
        "width": 1920,
        "height": 1080,
        "G-Sensor": "-29,-104,1027",
        "Gyro": "0,0,0"
    },
    "annotations": [
        {
            "id": 0,
            "bbox": [
                938,
                153,
                1172,
                607
            ],
            "occluded": true,
            "num_keypoints": 16,
            "keypoints": [
                1026,
                532,
                2,
                984,
                465,
                2,
                1013,
                393,
                2,
                1107,
                389,
                2,
                1138,
                467,
                2,
                1137,
                532,
                2,
                1059,
                393,
                1,
                1058,
                326,
                2,
                1048,
                246,
                2,
                1045,
                206,
                2,
                969,
                309,
                1,
                968,
                348,
                2,
                1001,
                255,
                2,
                1118,
                245,
                2,
                1139,
                339,
                2,
                1130,
                377,
                2
            ],
            "action": "sit down",
            "age": "elder",
            "disabled": false,
            "mask": true,
            "get_on": false,
            "get_off": false
        },
        {
            "id": 1,
            "bbox": [
                1409,
                365,
                1884,
                1079
            ],
            "occluded": true,
            "num_keypoints": 16,
            "keypoints": [
                1501,
                1079,
                0,
                1501,
                933,
                0,
                1514,
                1069,
                1,
                1757,
                1075,
                1,
                1785,
                933,
                0,
                1785,
                1079,
                0,
                1651,
                1072,
                1,
                1673,
                917,
                2,
                1685,
                674,
                2,
                1719,
                588,
                2,
                1453,
                720,
                0,
                1452,
                964,
                2,
                1508,
                675,
                2,
                1862,
                720,
                2,
                1817,
                997,
                2,
                1777,
                801,
                0
            ],
            "action": "sit down",
            "age": "adult",
            "disabled": false,
            "mask": true,
            "get_on": false,
            "get_off": false
        },
        {
            "id": 2,
            "bbox": [
                1399,
                164,
                1686,
                683
            ],
            "occluded": true,
            "num_keypoints": 16,
            "keypoints": [
                1452,
                634,
                1,
                1478,
                519,
                1,
                1510,
                395,
                2,
                1613,
                402,
                1,
                1593,
                532,
                1,
                1592,
                645,
                1,
                1563,
                399,
                1,
                1570,
                353,
                2,
                1575,
                285,
                2,
                1578,
                234,
                2,
                1520,
                356,
                1,
                1502,
                324,
                2,
                1516,
                263,
                2,
                1623,
                282,
                2,
                1641,
                347,
                1,
                1675,
                376,
                1
            ],
            "action": "stand",
            "age": "elder",
            "disabled": false,
            "mask": true,
            "get_on": true,
            "get_off": false
        }
    ]
}