{
    "info": {
        "description": "AIHub Bus Passenger Dataset",
        "year": 2020,
        "version": "1.0",
        "img_path": "",
        "width": 1920,
        "height": 1080,
        "G-Sensor": "45,-39,939",
        "Gyro": "0,0,0"
    },
    "annotations": [
        {
            "id": 0,
            "bbox": [
                936,
                149,
                1170,
                610
            ],
            "occluded": true,
            "num_keypoints": 16,
            "keypoints": [
                1021,
                547,
                2,
                983,
                474,
                2,
                1004,
                398,
                2,
                1113,
                393,
                1,
                1129,
                475,
                2,
                1137,
                550,
                2,
                1058,
                393,
                1,
                1051,
                325,
                2,
                1042,
                257,
                2,
                1029,
                217,
                2,
                967,
                311,
                1,
                976,
                348,
                2,
                985,
                270,
                2,
                1102,
                250,
                2,
                1150,
                337,
                2,
                1128,
                381,
                2
            ],
            "action": "sit down",
            "age": "elder",
            "disabled": false,
            "mask": true,
            "get_on": false,
            "get_off": false
        },
        {
            "id": 1,
            "bbox": [
                1402,
                353,
                1883,
                1079
            ],
            "occluded": true,
            "num_keypoints": 16,
            "keypoints": [
                1496,
                1079,
                0,
                1496,
                931,
                0,
                1515,
                1067,
                1,
                1756,
                1072,
                1,
                1783,
                931,
                0,
                1783,
                1079,
                0,
                1643,
                1069,
                1,
                1664,
                916,
                2,
                1701,
                680,
                2,
                1677,
                578,
                2,
                1447,
                714,
                0,
                1450,
                988,
                2,
                1502,
                680,
                2,
                1859,
                695,
                2,
                1794,
                1032,
                2,
                1832,
                714,
                0
            ],
            "action": "sit down",
            "age": "adult",
            "disabled": false,
            "mask": true,
            "get_on": false,
            "get_off": false
        },
        {
            "id": 2,
            "bbox": [
                689,
                338,
                1082,
                972
            ],
            "occluded": true,
            "num_keypoints": 16,
            "keypoints": [
                849,
                920,
                1,
                823,
                815,
                2,
                789,
                705,
                2,
                844,
                678,
                2,
                854,
                778,
                2,
                867,
                852,
                2,
                820,
                693,
                2,
                806,
                595,
                2,
                803,
                480,
                2,
                811,
                419,
                2,
                781,
                738,
                2,
                710,
                654,
                1,
                719,
                490,
                1,
                863,
                457,
                2,
                916,
                505,
                2,
                997,
                497,
                2
            ],
            "action": "walk",
            "age": "elder",
            "disabled": false,
            "mask": true,
            "get_on": true,
            "get_off": false
        }
    ]
}