{
    "info": {
        "description": "AIHub Bus Passenger Dataset",
        "year": 2020,
        "version": "1.0",
        "img_path": "",
        "width": 1920,
        "height": 1080,
        "G-Sensor": "137,-14,826",
        "Gyro": "0,0,0"
    },
    "annotations": [
        {
            "id": 0,
            "bbox": [
                936,
                158,
                1170,
                610
            ],
            "occluded": true,
            "num_keypoints": 16,
            "keypoints": [
                1026,
                553,
                2,
                982,
                479,
                2,
                1004,
                405,
                2,
                1098,
                395,
                1,
                1129,
                472,
                2,
                1138,
                560,
                2,
                1045,
                401,
                1,
                1032,
                340,
                1,
                1006,
                258,
                2,
                995,
                226,
                2,
                957,
                334,
                2,
                968,
                352,
                2,
                965,
                284,
                2,
                1068,
                239,
                2,
                1117,
                328,
                2,
                1105,
                386,
                2
            ],
            "action": "sit down",
            "age": "elder",
            "disabled": false,
            "mask": true,
            "get_on": false,
            "get_off": false
        },
        {
            "id": 1,
            "bbox": [
                1418,
                356,
                1889,
                1079
            ],
            "occluded": true,
            "num_keypoints": 16,
            "keypoints": [
                1511,
                1079,
                0,
                1511,
                933,
                0,
                1522,
                1069,
                1,
                1761,
                1072,
                1,
                1793,
                933,
                0,
                1793,
                1079,
                0,
                1649,
                1068,
                1,
                1674,
                899,
                2,
                1701,
                680,
                2,
                1749,
                586,
                2,
                1463,
                717,
                0,
                1459,
                996,
                2,
                1500,
                703,
                2,
                1871,
                742,
                2,
                1805,
                1024,
                2,
                1841,
                717,
                0
            ],
            "action": "sit down",
            "age": "adult",
            "disabled": false,
            "mask": true,
            "get_on": false,
            "get_off": false
        }
    ]
}