{
    "info": {
        "description": "AIHub Bus Passenger Dataset",
        "year": 2020,
        "version": "1.0",
        "img_path": "",
        "width": 1920,
        "height": 1080,
        "G-Sensor": "2,-31,980",
        "Gyro": "0,0,0"
    },
    "annotations": [
        {
            "id": 0,
            "bbox": [
                936,
                162,
                1170,
                610
            ],
            "occluded": true,
            "num_keypoints": 16,
            "keypoints": [
                1024,
                537,
                2,
                992,
                438,
                2,
                1007,
                400,
                2,
                1113,
                397,
                1,
                1129,
                476,
                2,
                1135,
                534,
                2,
                1055,
                399,
                1,
                1042,
                328,
                1,
                1027,
                260,
                1,
                1013,
                222,
                1,
                967,
                317,
                1,
                959,
                355,
                2,
                980,
                267,
                2,
                1094,
                250,
                2,
                1134,
                341,
                2,
                1128,
                384,
                2
            ],
            "action": "sit down",
            "age": "elder",
            "disabled": false,
            "mask": true,
            "get_on": false,
            "get_off": false
        },
        {
            "id": 1,
            "bbox": [
                1398,
                360,
                1884,
                1079
            ],
            "occluded": true,
            "num_keypoints": 16,
            "keypoints": [
                1493,
                1079,
                0,
                1493,
                932,
                0,
                1506,
                1070,
                1,
                1754,
                1076,
                1,
                1784,
                932,
                0,
                1784,
                1079,
                0,
                1647,
                1073,
                1,
                1663,
                922,
                2,
                1693,
                697,
                2,
                1698,
                573,
                2,
                1444,
                718,
                0,
                1443,
                964,
                2,
                1506,
                677,
                2,
                1850,
                711,
                2,
                1787,
                1014,
                2,
                1767,
                795,
                2
            ],
            "action": "sit down",
            "age": "adult",
            "disabled": false,
            "mask": true,
            "get_on": false,
            "get_off": false
        },
        {
            "id": 2,
            "bbox": [
                1383,
                120,
                1678,
                684
            ],
            "occluded": true,
            "num_keypoints": 16,
            "keypoints": [
                1458,
                644,
                1,
                1470,
                526,
                1,
                1466,
                396,
                1,
                1553,
                393,
                1,
                1537,
                533,
                1,
                1538,
                646,
                1,
                1509,
                394,
                1,
                1503,
                332,
                2,
                1498,
                279,
                2,
                1495,
                222,
                2,
                1443,
                383,
                2,
                1420,
                364,
                2,
                1421,
                239,
                2,
                1579,
                250,
                2,
                1637,
                328,
                1,
                1665,
                363,
                1
            ],
            "action": "stand",
            "age": "elder",
            "disabled": false,
            "mask": true,
            "get_on": true,
            "get_off": false
        }
    ]
}