{
    "info": {
        "description": "AIHub Bus Passenger Dataset",
        "year": 2020,
        "version": "1.0",
        "img_path": "",
        "width": 1920,
        "height": 1080,
        "G-Sensor": "96,-47,1064",
        "Gyro": "0,0,0"
    },
    "annotations": [
        {
            "id": 0,
            "bbox": [
                936,
                150,
                1170,
                610
            ],
            "occluded": true,
            "num_keypoints": 16,
            "keypoints": [
                1021,
                548,
                2,
                977,
                456,
                2,
                1004,
                398,
                2,
                1113,
                393,
                1,
                1144,
                472,
                2,
                1145,
                547,
                2,
                1056,
                398,
                1,
                1043,
                328,
                1,
                1034,
                255,
                2,
                1024,
                223,
                2,
                967,
                312,
                1,
                964,
                350,
                2,
                975,
                271,
                2,
                1094,
                243,
                2,
                1145,
                333,
                2,
                1124,
                380,
                2
            ],
            "action": "sit down",
            "age": "elder",
            "disabled": false,
            "mask": true,
            "get_on": false,
            "get_off": false
        },
        {
            "id": 1,
            "bbox": [
                1401,
                360,
                1884,
                1079
            ],
            "occluded": true,
            "num_keypoints": 16,
            "keypoints": [
                1496,
                1079,
                0,
                1496,
                933,
                0,
                1515,
                1067,
                1,
                1757,
                1072,
                1,
                1784,
                933,
                0,
                1784,
                1079,
                0,
                1647,
                1070,
                1,
                1665,
                918,
                2,
                1696,
                685,
                2,
                1759,
                609,
                2,
                1447,
                718,
                0,
                1450,
                989,
                2,
                1502,
                685,
                2,
                1860,
                699,
                2,
                1795,
                1032,
                2,
                1833,
                718,
                0
            ],
            "action": "sit down",
            "age": "adult",
            "disabled": false,
            "mask": true,
            "get_on": false,
            "get_off": false
        },
        {
            "id": 2,
            "bbox": [
                227,
                554,
                451,
                1064
            ],
            "occluded": true,
            "num_keypoints": 16,
            "keypoints": [
                406,
                1036,
                1,
                375,
                930,
                1,
                329,
                825,
                1,
                382,
                780,
                1,
                395,
                910,
                1,
                364,
                1026,
                1,
                354,
                811,
                1,
                322,
                719,
                2,
                298,
                652,
                2,
                297,
                617,
                2,
                291,
                839,
                1,
                265,
                785,
                2,
                262,
                681,
                2,
                330,
                637,
                1,
                392,
                671,
                2,
                428,
                684,
                1
            ],
            "action": "walk",
            "age": "elder",
            "disabled": false,
            "mask": true,
            "get_on": true,
            "get_off": false
        }
    ]
}