{
    "info": {
        "description": "AIHub Bus Passenger Dataset",
        "year": 2020,
        "version": "1.0",
        "img_path": "",
        "width": 1920,
        "height": 1080,
        "G-Sensor": "0,-35,1027",
        "Gyro": "0,0,0"
    },
    "annotations": [
        {
            "id": 0,
            "bbox": [
                936,
                159,
                1170,
                610
            ],
            "occluded": true,
            "num_keypoints": 16,
            "keypoints": [
                1021,
                548,
                2,
                992,
                437,
                1,
                1007,
                399,
                1,
                1113,
                396,
                1,
                1129,
                476,
                2,
                1137,
                551,
                2,
                1055,
                398,
                1,
                1047,
                331,
                1,
                1037,
                253,
                1,
                1030,
                212,
                2,
                967,
                316,
                1,
                959,
                354,
                2,
                980,
                265,
                2,
                1094,
                248,
                2,
                1134,
                340,
                2,
                1128,
                383,
                2
            ],
            "action": "sit down",
            "age": "elder",
            "disabled": false,
            "mask": true,
            "get_on": false,
            "get_off": false
        },
        {
            "id": 1,
            "bbox": [
                1388,
                358,
                1892,
                1079
            ],
            "occluded": true,
            "num_keypoints": 16,
            "keypoints": [
                1488,
                1079,
                0,
                1488,
                934,
                0,
                1507,
                1069,
                1,
                1756,
                1069,
                1,
                1790,
                934,
                0,
                1790,
                1079,
                0,
                1630,
                1068,
                1,
                1645,
                902,
                2,
                1699,
                662,
                2,
                1690,
                565,
                2,
                1437,
                718,
                0,
                1449,
                974,
                2,
                1512,
                648,
                2,
                1869,
                745,
                2,
                1812,
                1024,
                2,
                1841,
                718,
                0
            ],
            "action": "sit down",
            "age": "adult",
            "disabled": false,
            "mask": true,
            "get_on": false,
            "get_off": false
        },
        {
            "id": 2,
            "bbox": [
                895,
                60,
                1518,
                843
            ],
            "occluded": true,
            "num_keypoints": 16,
            "keypoints": [
                1220,
                771,
                2,
                1231,
                616,
                2,
                1230,
                439,
                2,
                1352,
                437,
                1,
                1349,
                606,
                1,
                1339,
                725,
                2,
                1289,
                439,
                2,
                1275,
                337,
                2,
                1264,
                224,
                2,
                1240,
                164,
                2,
                992,
                426,
                2,
                1089,
                349,
                2,
                1147,
                243,
                2,
                1348,
                203,
                1,
                1397,
                287,
                2,
                1437,
                349,
                2
            ],
            "action": "stand",
            "age": "elder",
            "disabled": false,
            "mask": true,
            "get_on": true,
            "get_off": false
        }
    ]
}