{
    "info": {
        "description": "AIHub Bus Passenger Dataset",
        "year": 2020,
        "version": "1.0",
        "img_path": "",
        "width": 1920,
        "height": 1080,
        "G-Sensor": "180,-6,838",
        "Gyro": "0,0,0"
    },
    "annotations": [
        {
            "id": 0,
            "bbox": [
                936,
                147,
                1170,
                610
            ],
            "occluded": true,
            "num_keypoints": 16,
            "keypoints": [
                1021,
                547,
                2,
                983,
                473,
                2,
                1004,
                397,
                2,
                1113,
                392,
                1,
                1144,
                471,
                2,
                1145,
                546,
                2,
                1056,
                397,
                1,
                1048,
                320,
                2,
                1033,
                249,
                2,
                1023,
                215,
                2,
                962,
                312,
                1,
                965,
                346,
                2,
                984,
                258,
                2,
                1093,
                243,
                2,
                1136,
                328,
                2,
                1122,
                372,
                2
            ],
            "action": "sit down",
            "age": "elder",
            "disabled": false,
            "mask": true,
            "get_on": false,
            "get_off": false
        },
        {
            "id": 1,
            "bbox": [
                1404,
                367,
                1891,
                1079
            ],
            "occluded": true,
            "num_keypoints": 16,
            "keypoints": [
                1500,
                1079,
                0,
                1500,
                935,
                0,
                1519,
                1068,
                1,
                1763,
                1073,
                1,
                1791,
                935,
                0,
                1791,
                1079,
                0,
                1653,
                1071,
                1,
                1671,
                920,
                2,
                1691,
                695,
                2,
                1760,
                604,
                2,
                1451,
                722,
                0,
                1454,
                990,
                2,
                1506,
                689,
                2,
                1866,
                723,
                2,
                1802,
                1033,
                2,
                1840,
                722,
                0
            ],
            "action": "sit down",
            "age": "adult",
            "disabled": false,
            "mask": true,
            "get_on": false,
            "get_off": false
        }
    ]
}