{
    "info": {
        "description": "AIHub Bus Passenger Dataset",
        "year": 2020,
        "version": "1.0",
        "img_path": "",
        "width": 1920,
        "height": 1080,
        "G-Sensor": "-68,-59,1012",
        "Gyro": "0,0,0"
    },
    "annotations": [
        {
            "id": 0,
            "bbox": [
                938,
                153,
                1172,
                607
            ],
            "occluded": true,
            "num_keypoints": 16,
            "keypoints": [
                1026,
                532,
                2,
                994,
                432,
                2,
                1009,
                393,
                2,
                1103,
                392,
                2,
                1131,
                470,
                2,
                1137,
                529,
                2,
                1057,
                392,
                1,
                1058,
                326,
                2,
                1052,
                251,
                2,
                1045,
                206,
                2,
                969,
                309,
                1,
                971,
                346,
                2,
                1001,
                255,
                2,
                1115,
                252,
                2,
                1139,
                339,
                2,
                1130,
                377,
                2
            ],
            "action": "sit down",
            "age": "elder",
            "disabled": false,
            "mask": true,
            "get_on": false,
            "get_off": false
        },
        {
            "id": 1,
            "bbox": [
                1409,
                365,
                1884,
                1079
            ],
            "occluded": true,
            "num_keypoints": 16,
            "keypoints": [
                1501,
                1079,
                0,
                1501,
                933,
                0,
                1514,
                1069,
                2,
                1757,
                1075,
                2,
                1785,
                933,
                0,
                1785,
                1079,
                0,
                1651,
                1072,
                2,
                1667,
                915,
                2,
                1686,
                682,
                2,
                1731,
                587,
                2,
                1453,
                720,
                0,
                1452,
                964,
                2,
                1508,
                675,
                2,
                1862,
                720,
                2,
                1808,
                1034,
                2,
                1756,
                901,
                2
            ],
            "action": "sit down",
            "age": "adult",
            "disabled": false,
            "mask": true,
            "get_on": false,
            "get_off": false
        },
        {
            "id": 2,
            "bbox": [
                1399,
                168,
                1686,
                683
            ],
            "occluded": true,
            "num_keypoints": 16,
            "keypoints": [
                1456,
                625,
                1,
                1475,
                506,
                1,
                1526,
                404,
                2,
                1613,
                404,
                1,
                1601,
                515,
                1,
                1592,
                645,
                1,
                1561,
                401,
                1,
                1570,
                356,
                2,
                1575,
                281,
                2,
                1580,
                238,
                2,
                1520,
                359,
                1,
                1499,
                346,
                2,
                1517,
                262,
                2,
                1628,
                279,
                2,
                1641,
                350,
                1,
                1675,
                378,
                1
            ],
            "action": "stand",
            "age": "elder",
            "disabled": false,
            "mask": true,
            "get_on": true,
            "get_off": false
        }
    ]
}