{
    "info": {
        "description": "AIHub Bus Passenger Dataset",
        "year": 2020,
        "version": "1.0",
        "img_path": "",
        "width": 1920,
        "height": 1080,
        "G-Sensor": "0,-35,1027",
        "Gyro": "0,0,0"
    },
    "annotations": [
        {
            "id": 0,
            "bbox": [
                936,
                159,
                1170,
                610
            ],
            "occluded": true,
            "num_keypoints": 16,
            "keypoints": [
                1021,
                548,
                2,
                992,
                437,
                2,
                1007,
                399,
                1,
                1113,
                396,
                1,
                1129,
                476,
                1,
                1137,
                551,
                1,
                1055,
                398,
                1,
                1047,
                331,
                1,
                1037,
                253,
                1,
                1030,
                212,
                2,
                967,
                316,
                1,
                959,
                354,
                2,
                980,
                265,
                2,
                1094,
                248,
                1,
                1134,
                340,
                1,
                1128,
                383,
                1
            ],
            "action": "sit down",
            "age": "elder",
            "disabled": false,
            "mask": true,
            "get_on": false,
            "get_off": false
        },
        {
            "id": 1,
            "bbox": [
                1388,
                357,
                1893,
                1079
            ],
            "occluded": true,
            "num_keypoints": 16,
            "keypoints": [
                1488,
                1079,
                0,
                1488,
                934,
                0,
                1507,
                1069,
                1,
                1757,
                1069,
                1,
                1791,
                934,
                0,
                1791,
                1079,
                0,
                1631,
                1070,
                1,
                1644,
                909,
                2,
                1711,
                662,
                2,
                1715,
                549,
                2,
                1437,
                718,
                0,
                1439,
                981,
                2,
                1512,
                648,
                2,
                1859,
                725,
                2,
                1802,
                1021,
                2,
                1842,
                718,
                0
            ],
            "action": "sit down",
            "age": "adult",
            "disabled": false,
            "mask": true,
            "get_on": false,
            "get_off": false
        },
        {
            "id": 2,
            "bbox": [
                753,
                91,
                1522,
                843
            ],
            "occluded": true,
            "num_keypoints": 16,
            "keypoints": [
                1211,
                768,
                2,
                1188,
                664,
                2,
                1145,
                501,
                2,
                1249,
                489,
                2,
                1323,
                622,
                2,
                1330,
                723,
                2,
                1194,
                507,
                2,
                1172,
                419,
                2,
                1140,
                284,
                2,
                1116,
                209,
                2,
                804,
                498,
                2,
                929,
                422,
                2,
                1027,
                305,
                2,
                1235,
                258,
                2,
                1363,
                338,
                1,
                1435,
                363,
                2
            ],
            "action": "stand",
            "age": "elder",
            "disabled": false,
            "mask": true,
            "get_on": true,
            "get_off": false
        }
    ]
}