{
    "info": {
        "description": "AIHub Bus Passenger Dataset",
        "year": 2020,
        "version": "1.0",
        "img_path": "",
        "width": 1920,
        "height": 1080,
        "G-Sensor": "23,-21,963",
        "Gyro": "0,0,0"
    },
    "annotations": [
        {
            "id": 0,
            "bbox": [
                936,
                157,
                1170,
                610
            ],
            "occluded": true,
            "num_keypoints": 16,
            "keypoints": [
                1021,
                549,
                2,
                980,
                466,
                2,
                1010,
                398,
                2,
                1113,
                397,
                1,
                1129,
                477,
                2,
                1137,
                551,
                2,
                1062,
                397,
                1,
                1051,
                330,
                2,
                1039,
                256,
                2,
                1038,
                224,
                2,
                967,
                316,
                1,
                964,
                353,
                2,
                987,
                269,
                2,
                1097,
                244,
                2,
                1150,
                341,
                2,
                1128,
                385,
                2
            ],
            "action": "sit down",
            "age": "elder",
            "disabled": false,
            "mask": true,
            "get_on": false,
            "get_off": false
        },
        {
            "id": 1,
            "bbox": [
                1413,
                347,
                1883,
                1079
            ],
            "occluded": true,
            "num_keypoints": 16,
            "keypoints": [
                1506,
                1079,
                0,
                1506,
                932,
                0,
                1524,
                1069,
                1,
                1756,
                1069,
                1,
                1788,
                932,
                0,
                1788,
                1079,
                0,
                1656,
                1065,
                1,
                1682,
                898,
                2,
                1703,
                668,
                1,
                1708,
                577,
                2,
                1459,
                713,
                0,
                1470,
                973,
                2,
                1525,
                665,
                2,
                1853,
                698,
                2,
                1809,
                1024,
                2,
                1835,
                713,
                0
            ],
            "action": "sit down",
            "age": "adult",
            "disabled": false,
            "mask": true,
            "get_on": false,
            "get_off": false
        },
        {
            "id": 2,
            "bbox": [
                1309,
                106,
                1650,
                643
            ],
            "occluded": true,
            "num_keypoints": 16,
            "keypoints": [
                1374,
                581,
                1,
                1374,
                478,
                1,
                1368,
                385,
                1,
                1458,
                385,
                1,
                1449,
                479,
                1,
                1442,
                583,
                1,
                1415,
                383,
                1,
                1418,
                312,
                2,
                1417,
                237,
                2,
                1413,
                193,
                2,
                1456,
                367,
                2,
                1358,
                368,
                1,
                1330,
                223,
                1,
                1506,
                219,
                2,
                1572,
                303,
                2,
                1629,
                353,
                1
            ],
            "action": "stand",
            "age": "elder",
            "disabled": false,
            "mask": true,
            "get_on": true,
            "get_off": false
        }
    ]
}