{
    "info": {
        "description": "AIHub Bus Passenger Dataset",
        "year": 2020,
        "version": "1.0",
        "img_path": "",
        "width": 1920,
        "height": 1080,
        "G-Sensor": "2,-31,980",
        "Gyro": "0,0,0"
    },
    "annotations": [
        {
            "id": 0,
            "bbox": [
                936,
                162,
                1170,
                610
            ],
            "occluded": true,
            "num_keypoints": 16,
            "keypoints": [
                1024,
                537,
                2,
                992,
                438,
                2,
                1007,
                400,
                2,
                1113,
                397,
                1,
                1129,
                476,
                2,
                1135,
                534,
                2,
                1055,
                399,
                1,
                1043,
                337,
                1,
                1023,
                258,
                1,
                1013,
                224,
                1,
                967,
                317,
                1,
                959,
                355,
                2,
                980,
                267,
                2,
                1094,
                250,
                2,
                1134,
                341,
                2,
                1128,
                384,
                2
            ],
            "action": "sit down",
            "age": "elder",
            "disabled": false,
            "mask": true,
            "get_on": false,
            "get_off": false
        },
        {
            "id": 1,
            "bbox": [
                1397,
                361,
                1891,
                1079
            ],
            "occluded": true,
            "num_keypoints": 16,
            "keypoints": [
                1494,
                1079,
                0,
                1494,
                932,
                0,
                1507,
                1070,
                1,
                1759,
                1076,
                1,
                1790,
                932,
                0,
                1790,
                1079,
                0,
                1650,
                1073,
                1,
                1666,
                922,
                2,
                1701,
                706,
                2,
                1700,
                583,
                2,
                1444,
                719,
                0,
                1443,
                964,
                2,
                1507,
                678,
                2,
                1861,
                697,
                2,
                1813,
                1022,
                2,
                1778,
                800,
                2
            ],
            "action": "sit down",
            "age": "adult",
            "disabled": false,
            "mask": true,
            "get_on": false,
            "get_off": false
        },
        {
            "id": 2,
            "bbox": [
                1367,
                80,
                1689,
                689
            ],
            "occluded": true,
            "num_keypoints": 16,
            "keypoints": [
                1453,
                641,
                1,
                1459,
                531,
                1,
                1458,
                379,
                1,
                1550,
                378,
                1,
                1536,
                527,
                1,
                1537,
                648,
                1,
                1501,
                377,
                1,
                1499,
                313,
                2,
                1502,
                231,
                2,
                1504,
                181,
                2,
                1444,
                379,
                2,
                1386,
                323,
                2,
                1415,
                226,
                2,
                1585,
                225,
                2,
                1640,
                315,
                1,
                1673,
                368,
                1
            ],
            "action": "stand",
            "age": "elder",
            "disabled": false,
            "mask": true,
            "get_on": true,
            "get_off": false
        }
    ]
}