{
    "info": {
        "description": "AIHub Bus Passenger Dataset",
        "year": 2020,
        "version": "1.0",
        "img_path": "",
        "width": 1920,
        "height": 1080,
        "G-Sensor": "-27,-70,1057",
        "Gyro": "0,0,0"
    },
    "annotations": [
        {
            "id": 0,
            "bbox": [
                936,
                147,
                1170,
                610
            ],
            "occluded": true,
            "num_keypoints": 16,
            "keypoints": [
                1019,
                539,
                2,
                977,
                457,
                2,
                1012,
                393,
                2,
                1121,
                390,
                1,
                1129,
                469,
                2,
                1138,
                559,
                2,
                1063,
                391,
                1,
                1063,
                330,
                2,
                1069,
                246,
                2,
                1069,
                209,
                2,
                965,
                331,
                2,
                989,
                344,
                2,
                999,
                252,
                2,
                1134,
                253,
                2,
                1158,
                332,
                2,
                1137,
                378,
                2
            ],
            "action": "sit down",
            "age": "elder",
            "disabled": false,
            "mask": true,
            "get_on": false,
            "get_off": false
        },
        {
            "id": 1,
            "bbox": [
                1413,
                359,
                1888,
                1079
            ],
            "occluded": true,
            "num_keypoints": 16,
            "keypoints": [
                1507,
                1079,
                0,
                1507,
                934,
                0,
                1525,
                1069,
                1,
                1760,
                1069,
                1,
                1792,
                934,
                0,
                1792,
                1079,
                0,
                1650,
                1073,
                1,
                1679,
                934,
                2,
                1709,
                682,
                2,
                1757,
                597,
                2,
                1459,
                719,
                0,
                1460,
                993,
                2,
                1512,
                697,
                2,
                1855,
                691,
                2,
                1801,
                1034,
                2,
                1840,
                719,
                0
            ],
            "action": "sit down",
            "age": "adult",
            "disabled": false,
            "mask": true,
            "get_on": false,
            "get_off": false
        }
    ]
}