{
    "info": {
        "description": "AIHub Bus Passenger Dataset",
        "year": 2020,
        "version": "1.0",
        "img_path": "",
        "width": 1920,
        "height": 1080,
        "G-Sensor": "-74,53,1123",
        "Gyro": "0,0,0"
    },
    "annotations": [
        {
            "id": 0,
            "bbox": [
                936,
                144,
                1172,
                610
            ],
            "occluded": true,
            "num_keypoints": 16,
            "keypoints": [
                1022,
                548,
                2,
                977,
                456,
                2,
                1012,
                391,
                2,
                1122,
                388,
                1,
                1130,
                468,
                2,
                1139,
                559,
                2,
                1064,
                389,
                1,
                1062,
                323,
                2,
                1060,
                250,
                2,
                1059,
                202,
                2,
                965,
                329,
                2,
                990,
                337,
                2,
                997,
                252,
                2,
                1126,
                250,
                2,
                1156,
                341,
                2,
                1135,
                383,
                2
            ],
            "action": "sit down",
            "age": "elder",
            "disabled": false,
            "mask": true,
            "get_on": false,
            "get_off": false
        },
        {
            "id": 1,
            "bbox": [
                1413,
                349,
                1889,
                1079
            ],
            "occluded": true,
            "num_keypoints": 16,
            "keypoints": [
                1508,
                1079,
                0,
                1508,
                932,
                0,
                1525,
                1069,
                1,
                1761,
                1069,
                1,
                1793,
                932,
                0,
                1793,
                1079,
                0,
                1652,
                1073,
                1,
                1685,
                898,
                2,
                1710,
                674,
                2,
                1749,
                589,
                2,
                1460,
                714,
                0,
                1463,
                996,
                2,
                1526,
                666,
                2,
                1862,
                697,
                2,
                1805,
                1033,
                2,
                1841,
                714,
                0
            ],
            "action": "sit down",
            "age": "adult",
            "disabled": false,
            "mask": true,
            "get_on": false,
            "get_off": false
        }
    ]
}