{
    "info": {
        "description": "AIHub Bus Passenger Dataset",
        "year": 2020,
        "version": "1.0",
        "img_path": "",
        "width": 1920,
        "height": 1080,
        "G-Sensor": "16,-14,893",
        "Gyro": "0,0,0"
    },
    "annotations": [
        {
            "id": 0,
            "bbox": [
                936,
                162,
                1170,
                610
            ],
            "occluded": true,
            "num_keypoints": 16,
            "keypoints": [
                1024,
                537,
                2,
                992,
                438,
                2,
                1007,
                400,
                2,
                1113,
                397,
                1,
                1129,
                476,
                2,
                1135,
                534,
                2,
                1055,
                399,
                1,
                1043,
                330,
                1,
                1027,
                263,
                1,
                1031,
                223,
                2,
                967,
                317,
                1,
                959,
                355,
                2,
                980,
                267,
                2,
                1094,
                250,
                2,
                1134,
                341,
                2,
                1128,
                384,
                2
            ],
            "action": "sit down",
            "age": "elder",
            "disabled": false,
            "mask": true,
            "get_on": false,
            "get_off": false
        },
        {
            "id": 1,
            "bbox": [
                1400,
                369,
                1884,
                1079
            ],
            "occluded": true,
            "num_keypoints": 16,
            "keypoints": [
                1494,
                1079,
                0,
                1494,
                934,
                0,
                1508,
                1070,
                1,
                1755,
                1076,
                1,
                1784,
                934,
                0,
                1784,
                1079,
                0,
                1647,
                1073,
                1,
                1663,
                924,
                2,
                1705,
                716,
                2,
                1699,
                580,
                2,
                1445,
                723,
                0,
                1444,
                965,
                2,
                1508,
                682,
                2,
                1852,
                727,
                2,
                1808,
                1002,
                2,
                1752,
                812,
                2
            ],
            "action": "sit down",
            "age": "adult",
            "disabled": false,
            "mask": true,
            "get_on": false,
            "get_off": false
        },
        {
            "id": 2,
            "bbox": [
                1399,
                158,
                1686,
                683
            ],
            "occluded": true,
            "num_keypoints": 16,
            "keypoints": [
                1451,
                638,
                1,
                1464,
                525,
                1,
                1508,
                395,
                2,
                1589,
                397,
                1,
                1576,
                537,
                1,
                1569,
                648,
                1,
                1550,
                397,
                1,
                1557,
                353,
                2,
                1556,
                283,
                2,
                1559,
                222,
                2,
                1502,
                353,
                1,
                1468,
                331,
                2,
                1475,
                263,
                2,
                1615,
                269,
                2,
                1641,
                344,
                1,
                1675,
                373,
                1
            ],
            "action": "stand",
            "age": "elder",
            "disabled": false,
            "mask": true,
            "get_on": true,
            "get_off": false
        }
    ]
}