{
    "info": {
        "description": "AIHub Bus Passenger Dataset",
        "year": 2020,
        "version": "1.0",
        "img_path": "",
        "width": 1920,
        "height": 1080,
        "G-Sensor": "6,-31,992",
        "Gyro": "0,0,0"
    },
    "annotations": [
        {
            "id": 0,
            "bbox": [
                936,
                162,
                1170,
                610
            ],
            "occluded": true,
            "num_keypoints": 16,
            "keypoints": [
                1021,
                549,
                2,
                980,
                468,
                2,
                1007,
                401,
                2,
                1113,
                398,
                1,
                1129,
                478,
                2,
                1137,
                552,
                2,
                1055,
                400,
                1,
                1043,
                334,
                1,
                1029,
                256,
                1,
                1030,
                216,
                2,
                967,
                319,
                1,
                959,
                357,
                2,
                980,
                269,
                2,
                1094,
                252,
                2,
                1132,
                352,
                2,
                1128,
                386,
                2
            ],
            "action": "sit down",
            "age": "elder",
            "disabled": false,
            "mask": true,
            "get_on": false,
            "get_off": false
        },
        {
            "id": 1,
            "bbox": [
                1394,
                347,
                1893,
                1079
            ],
            "occluded": true,
            "num_keypoints": 16,
            "keypoints": [
                1493,
                1079,
                0,
                1493,
                932,
                0,
                1494,
                1067,
                1,
                1737,
                1074,
                1,
                1792,
                932,
                0,
                1792,
                1079,
                0,
                1612,
                1074,
                1,
                1619,
                910,
                2,
                1702,
                668,
                2,
                1693,
                569,
                2,
                1443,
                713,
                0,
                1442,
                938,
                2,
                1509,
                638,
                2,
                1833,
                764,
                2,
                1778,
                1063,
                2,
                1842,
                713,
                0
            ],
            "action": "sit down",
            "age": "adult",
            "disabled": false,
            "mask": true,
            "get_on": false,
            "get_off": false
        },
        {
            "id": 2,
            "bbox": [
                1332,
                148,
                1571,
                681
            ],
            "occluded": true,
            "num_keypoints": 16,
            "keypoints": [
                1431,
                631,
                2,
                1434,
                512,
                2,
                1434,
                410,
                2,
                1500,
                414,
                2,
                1491,
                509,
                1,
                1485,
                631,
                1,
                1466,
                412,
                1,
                1463,
                332,
                2,
                1460,
                263,
                2,
                1455,
                224,
                2,
                1431,
                461,
                2,
                1388,
                364,
                2,
                1403,
                258,
                2,
                1539,
                261,
                2,
                1557,
                340,
                2,
                1539,
                344,
                1
            ],
            "action": "sit down",
            "age": "elder",
            "disabled": false,
            "mask": true,
            "get_on": true,
            "get_off": false
        }
    ]
}