{
    "info": {
        "description": "AIHub Bus Passenger Dataset",
        "year": 2020,
        "version": "1.0",
        "img_path": "",
        "width": 1920,
        "height": 1080,
        "G-Sensor": "84,6,1125",
        "Gyro": "0,0,0"
    },
    "annotations": [
        {
            "id": 0,
            "bbox": [
                936,
                142,
                1170,
                610
            ],
            "occluded": true,
            "num_keypoints": 16,
            "keypoints": [
                1012,
                554,
                2,
                989,
                463,
                2,
                1016,
                387,
                1,
                1115,
                392,
                1,
                1133,
                466,
                2,
                1138,
                559,
                2,
                1066,
                390,
                1,
                1063,
                322,
                2,
                1061,
                246,
                2,
                1059,
                211,
                2,
                966,
                331,
                2,
                991,
                340,
                2,
                1000,
                251,
                2,
                1128,
                247,
                2,
                1149,
                334,
                2,
                1131,
                380,
                2
            ],
            "action": "sit down",
            "age": "elder",
            "disabled": false,
            "mask": true,
            "get_on": false,
            "get_off": false
        },
        {
            "id": 1,
            "bbox": [
                1413,
                355,
                1889,
                1079
            ],
            "occluded": true,
            "num_keypoints": 16,
            "keypoints": [
                1508,
                1079,
                0,
                1508,
                933,
                0,
                1525,
                1069,
                1,
                1771,
                1071,
                1,
                1793,
                933,
                0,
                1793,
                1079,
                0,
                1659,
                1073,
                1,
                1679,
                894,
                2,
                1710,
                663,
                2,
                1757,
                587,
                2,
                1460,
                717,
                0,
                1460,
                1001,
                2,
                1524,
                676,
                2,
                1865,
                704,
                2,
                1804,
                1035,
                2,
                1841,
                717,
                0
            ],
            "action": "sit down",
            "age": "adult",
            "disabled": false,
            "mask": true,
            "get_on": false,
            "get_off": false
        }
    ]
}