{
    "info": {
        "description": "AIHub Bus Passenger Dataset",
        "year": 2020,
        "version": "1.0",
        "img_path": "",
        "width": 1920,
        "height": 1080,
        "G-Sensor": "10,-23,1010",
        "Gyro": "0,0,0"
    },
    "annotations": [
        {
            "id": 0,
            "bbox": [
                936,
                159,
                1170,
                610
            ],
            "occluded": true,
            "num_keypoints": 16,
            "keypoints": [
                1024,
                537,
                2,
                992,
                437,
                1,
                1007,
                399,
                1,
                1113,
                396,
                1,
                1129,
                476,
                1,
                1137,
                551,
                1,
                1055,
                398,
                1,
                1047,
                331,
                1,
                1037,
                253,
                1,
                1030,
                212,
                2,
                967,
                316,
                1,
                959,
                354,
                2,
                980,
                265,
                2,
                1094,
                248,
                1,
                1134,
                340,
                1,
                1128,
                383,
                1
            ],
            "action": "sit down",
            "age": "elder",
            "disabled": false,
            "mask": true,
            "get_on": false,
            "get_off": false
        },
        {
            "id": 1,
            "bbox": [
                1387,
                359,
                1893,
                1079
            ],
            "occluded": true,
            "num_keypoints": 16,
            "keypoints": [
                1487,
                1079,
                0,
                1487,
                933,
                0,
                1495,
                1069,
                1,
                1730,
                1077,
                1,
                1790,
                933,
                0,
                1790,
                1079,
                0,
                1624,
                1074,
                1,
                1632,
                928,
                2,
                1698,
                658,
                2,
                1694,
                583,
                2,
                1436,
                718,
                0,
                1440,
                948,
                2,
                1526,
                640,
                2,
                1857,
                725,
                2,
                1817,
                1026,
                2,
                1841,
                718,
                0
            ],
            "action": "sit down",
            "age": "adult",
            "disabled": false,
            "mask": true,
            "get_on": false,
            "get_off": false
        },
        {
            "id": 2,
            "bbox": [
                887,
                81,
                1520,
                848
            ],
            "occluded": true,
            "num_keypoints": 16,
            "keypoints": [
                1206,
                769,
                2,
                1200,
                659,
                2,
                1176,
                493,
                2,
                1289,
                475,
                2,
                1327,
                612,
                2,
                1331,
                720,
                2,
                1233,
                488,
                2,
                1215,
                405,
                2,
                1177,
                269,
                2,
                1161,
                203,
                2,
                927,
                559,
                2,
                1006,
                417,
                2,
                1054,
                297,
                2,
                1283,
                252,
                2,
                1376,
                308,
                2,
                1440,
                350,
                2
            ],
            "action": "stand",
            "age": "elder",
            "disabled": false,
            "mask": true,
            "get_on": true,
            "get_off": false
        }
    ]
}