{
    "info": {
        "description": "AIHub Bus Passenger Dataset",
        "year": 2020,
        "version": "1.0",
        "img_path": "",
        "width": 1920,
        "height": 1080,
        "G-Sensor": "68,-29,893",
        "Gyro": "0,0,0"
    },
    "annotations": [
        {
            "id": 0,
            "bbox": [
                936,
                160,
                1170,
                610
            ],
            "occluded": true,
            "num_keypoints": 16,
            "keypoints": [
                1021,
                549,
                2,
                980,
                467,
                2,
                1010,
                399,
                2,
                1113,
                398,
                1,
                1129,
                478,
                2,
                1137,
                552,
                2,
                1062,
                398,
                1,
                1052,
                331,
                2,
                1032,
                258,
                2,
                1016,
                228,
                1,
                967,
                318,
                1,
                954,
                355,
                2,
                979,
                273,
                2,
                1087,
                248,
                2,
                1138,
                342,
                2,
                1128,
                386,
                2
            ],
            "action": "sit down",
            "age": "elder",
            "disabled": false,
            "mask": true,
            "get_on": false,
            "get_off": false
        },
        {
            "id": 1,
            "bbox": [
                1413,
                347,
                1889,
                1079
            ],
            "occluded": true,
            "num_keypoints": 16,
            "keypoints": [
                1508,
                1079,
                0,
                1508,
                932,
                0,
                1525,
                1069,
                1,
                1761,
                1069,
                1,
                1793,
                932,
                0,
                1793,
                1079,
                0,
                1659,
                1065,
                1,
                1685,
                898,
                2,
                1709,
                683,
                2,
                1683,
                579,
                2,
                1460,
                713,
                0,
                1471,
                973,
                2,
                1526,
                665,
                2,
                1840,
                682,
                2,
                1821,
                994,
                2,
                1841,
                713,
                0
            ],
            "action": "sit down",
            "age": "adult",
            "disabled": false,
            "mask": true,
            "get_on": false,
            "get_off": false
        },
        {
            "id": 2,
            "bbox": [
                1380,
                155,
                1651,
                683
            ],
            "occluded": true,
            "num_keypoints": 16,
            "keypoints": [
                1429,
                629,
                2,
                1426,
                520,
                2,
                1464,
                411,
                2,
                1556,
                414,
                1,
                1560,
                506,
                1,
                1559,
                624,
                1,
                1508,
                414,
                1,
                1506,
                330,
                2,
                1504,
                262,
                2,
                1503,
                231,
                2,
                1466,
                369,
                1,
                1448,
                351,
                2,
                1438,
                261,
                2,
                1569,
                269,
                2,
                1593,
                330,
                2,
                1630,
                354,
                1
            ],
            "action": "sit down",
            "age": "elder",
            "disabled": false,
            "mask": true,
            "get_on": true,
            "get_off": false
        }
    ]
}