{
    "info": {
        "description": "AIHub Bus Passenger Dataset",
        "year": 2020,
        "version": "1.0",
        "img_path": "",
        "width": 1920,
        "height": 1080,
        "G-Sensor": "4,-23,1023",
        "Gyro": "0,0,0"
    },
    "annotations": [
        {
            "id": 0,
            "bbox": [
                936,
                162,
                1170,
                610
            ],
            "occluded": true,
            "num_keypoints": 16,
            "keypoints": [
                1021,
                549,
                2,
                980,
                468,
                2,
                1007,
                401,
                2,
                1113,
                398,
                1,
                1129,
                478,
                2,
                1137,
                552,
                2,
                1055,
                400,
                1,
                1043,
                334,
                1,
                1029,
                256,
                1,
                1030,
                216,
                2,
                967,
                319,
                1,
                958,
                364,
                2,
                980,
                269,
                2,
                1094,
                252,
                2,
                1132,
                352,
                2,
                1128,
                386,
                2
            ],
            "action": "sit down",
            "age": "elder",
            "disabled": false,
            "mask": true,
            "get_on": false,
            "get_off": false
        },
        {
            "id": 1,
            "bbox": [
                1363,
                359,
                1893,
                1079
            ],
            "occluded": true,
            "num_keypoints": 16,
            "keypoints": [
                1468,
                1079,
                0,
                1468,
                934,
                0,
                1500,
                1023,
                2,
                1750,
                1069,
                1,
                1786,
                934,
                0,
                1786,
                1079,
                0,
                1616,
                1068,
                1,
                1648,
                903,
                2,
                1690,
                674,
                2,
                1711,
                583,
                2,
                1433,
                853,
                2,
                1459,
                914,
                2,
                1521,
                638,
                2,
                1854,
                729,
                2,
                1781,
                1055,
                2,
                1839,
                719,
                0
            ],
            "action": "sit down",
            "age": "adult",
            "disabled": false,
            "mask": true,
            "get_on": false,
            "get_off": false
        },
        {
            "id": 2,
            "bbox": [
                1381,
                159,
                1664,
                690
            ],
            "occluded": true,
            "num_keypoints": 16,
            "keypoints": [
                1433,
                628,
                2,
                1429,
                526,
                2,
                1449,
                384,
                2,
                1554,
                387,
                1,
                1568,
                511,
                1,
                1567,
                630,
                1,
                1503,
                388,
                2,
                1502,
                339,
                2,
                1499,
                278,
                2,
                1496,
                239,
                2,
                1414,
                417,
                2,
                1404,
                353,
                2,
                1434,
                263,
                2,
                1563,
                271,
                2,
                1593,
                332,
                2,
                1638,
                351,
                1
            ],
            "action": "sit down",
            "age": "elder",
            "disabled": false,
            "mask": true,
            "get_on": true,
            "get_off": false
        }
    ]
}