{
    "info": {
        "description": "AIHub Bus Passenger Dataset",
        "year": 2020,
        "version": "1.0",
        "img_path": "",
        "width": 1920,
        "height": 1080,
        "G-Sensor": "-14,-45,1031",
        "Gyro": "0,0,0"
    },
    "annotations": [
        {
            "id": 0,
            "bbox": [
                936,
                157,
                1170,
                610
            ],
            "occluded": true,
            "num_keypoints": 16,
            "keypoints": [
                1021,
                549,
                2,
                983,
                476,
                2,
                1010,
                398,
                2,
                1113,
                397,
                1,
                1129,
                477,
                2,
                1137,
                551,
                2,
                1062,
                397,
                1,
                1051,
                330,
                2,
                1042,
                257,
                2,
                1033,
                227,
                2,
                967,
                316,
                1,
                965,
                356,
                2,
                987,
                276,
                2,
                1102,
                251,
                2,
                1150,
                341,
                2,
                1128,
                385,
                2
            ],
            "action": "sit down",
            "age": "elder",
            "disabled": false,
            "mask": true,
            "get_on": false,
            "get_off": false
        },
        {
            "id": 1,
            "bbox": [
                1413,
                347,
                1884,
                1079
            ],
            "occluded": true,
            "num_keypoints": 16,
            "keypoints": [
                1507,
                1079,
                0,
                1507,
                932,
                0,
                1524,
                1069,
                1,
                1757,
                1069,
                1,
                1789,
                932,
                0,
                1789,
                1079,
                0,
                1656,
                1065,
                1,
                1682,
                898,
                2,
                1704,
                668,
                1,
                1708,
                580,
                2,
                1459,
                713,
                0,
                1470,
                973,
                2,
                1525,
                665,
                2,
                1837,
                717,
                2,
                1808,
                1020,
                2,
                1836,
                713,
                0
            ],
            "action": "sit down",
            "age": "adult",
            "disabled": false,
            "mask": true,
            "get_on": false,
            "get_off": false
        },
        {
            "id": 2,
            "bbox": [
                1305,
                50,
                1668,
                658
            ],
            "occluded": true,
            "num_keypoints": 16,
            "keypoints": [
                1366,
                598,
                1,
                1376,
                489,
                1,
                1401,
                353,
                1,
                1480,
                359,
                1,
                1466,
                494,
                1,
                1459,
                625,
                2,
                1438,
                354,
                1,
                1452,
                275,
                2,
                1446,
                181,
                2,
                1448,
                138,
                2,
                1458,
                371,
                2,
                1350,
                323,
                1,
                1347,
                184,
                1,
                1513,
                176,
                2,
                1581,
                278,
                2,
                1622,
                338,
                2
            ],
            "action": "stand",
            "age": "elder",
            "disabled": false,
            "mask": true,
            "get_on": true,
            "get_off": false
        }
    ]
}