{
    "info": {
        "description": "AIHub Bus Passenger Dataset",
        "year": 2020,
        "version": "1.0",
        "img_path": "",
        "width": 1920,
        "height": 1080,
        "G-Sensor": "47,-29,896",
        "Gyro": "0,0,0"
    },
    "annotations": [
        {
            "id": 0,
            "bbox": [
                936,
                158,
                1170,
                610
            ],
            "occluded": true,
            "num_keypoints": 16,
            "keypoints": [
                1021,
                549,
                2,
                983,
                476,
                2,
                1004,
                402,
                2,
                1113,
                397,
                1,
                1129,
                477,
                2,
                1137,
                552,
                2,
                1058,
                397,
                1,
                1051,
                330,
                2,
                1041,
                253,
                2,
                1033,
                228,
                2,
                967,
                317,
                1,
                974,
                353,
                2,
                987,
                276,
                2,
                1106,
                251,
                2,
                1150,
                342,
                2,
                1128,
                385,
                2
            ],
            "action": "sit down",
            "age": "elder",
            "disabled": false,
            "mask": true,
            "get_on": false,
            "get_off": false
        },
        {
            "id": 1,
            "bbox": [
                1413,
                347,
                1889,
                1079
            ],
            "occluded": true,
            "num_keypoints": 16,
            "keypoints": [
                1508,
                1079,
                0,
                1508,
                932,
                0,
                1525,
                1069,
                1,
                1761,
                1069,
                1,
                1793,
                932,
                0,
                1793,
                1079,
                0,
                1659,
                1065,
                1,
                1685,
                898,
                2,
                1708,
                691,
                2,
                1682,
                589,
                2,
                1460,
                713,
                0,
                1471,
                973,
                2,
                1526,
                665,
                2,
                1848,
                695,
                2,
                1813,
                1009,
                2,
                1841,
                713,
                0
            ],
            "action": "sit down",
            "age": "adult",
            "disabled": false,
            "mask": true,
            "get_on": false,
            "get_off": false
        },
        {
            "id": 2,
            "bbox": [
                669,
                330,
                1084,
                964
            ],
            "occluded": true,
            "num_keypoints": 16,
            "keypoints": [
                847,
                903,
                1,
                824,
                828,
                2,
                791,
                687,
                2,
                854,
                655,
                2,
                865,
                776,
                2,
                870,
                846,
                2,
                823,
                674,
                2,
                803,
                586,
                2,
                773,
                468,
                2,
                774,
                414,
                2,
                746,
                678,
                1,
                681,
                653,
                1,
                700,
                482,
                1,
                834,
                448,
                2,
                911,
                495,
                2,
                1013,
                488,
                2
            ],
            "action": "walk",
            "age": "elder",
            "disabled": false,
            "mask": true,
            "get_on": true,
            "get_off": false
        }
    ]
}