{
    "info": {
        "description": "AIHub Bus Passenger Dataset",
        "year": 2020,
        "version": "1.0",
        "img_path": "",
        "width": 1920,
        "height": 1080,
        "G-Sensor": "55,-35,898",
        "Gyro": "0,0,0"
    },
    "annotations": [
        {
            "id": 0,
            "bbox": [
                936,
                162,
                1170,
                610
            ],
            "occluded": true,
            "num_keypoints": 16,
            "keypoints": [
                1024,
                537,
                2,
                992,
                438,
                2,
                1007,
                400,
                2,
                1113,
                397,
                1,
                1129,
                476,
                2,
                1135,
                534,
                2,
                1055,
                399,
                1,
                1047,
                332,
                1,
                1032,
                252,
                1,
                1026,
                220,
                2,
                967,
                317,
                1,
                959,
                355,
                2,
                980,
                267,
                2,
                1094,
                250,
                2,
                1134,
                341,
                2,
                1128,
                384,
                2
            ],
            "action": "sit down",
            "age": "elder",
            "disabled": false,
            "mask": true,
            "get_on": false,
            "get_off": false
        },
        {
            "id": 1,
            "bbox": [
                1397,
                353,
                1885,
                1079
            ],
            "occluded": true,
            "num_keypoints": 16,
            "keypoints": [
                1493,
                1079,
                0,
                1493,
                931,
                0,
                1519,
                1070,
                1,
                1753,
                1077,
                1,
                1786,
                931,
                0,
                1786,
                1079,
                0,
                1640,
                1073,
                1,
                1659,
                922,
                2,
                1710,
                692,
                1,
                1738,
                606,
                2,
                1444,
                715,
                0,
                1443,
                963,
                2,
                1511,
                655,
                2,
                1861,
                729,
                2,
                1807,
                1010,
                2,
                1834,
                715,
                0
            ],
            "action": "sit down",
            "age": "adult",
            "disabled": false,
            "mask": true,
            "get_on": false,
            "get_off": false
        },
        {
            "id": 2,
            "bbox": [
                1257,
                61,
                1669,
                704
            ],
            "occluded": true,
            "num_keypoints": 16,
            "keypoints": [
                1360,
                637,
                1,
                1356,
                542,
                1,
                1347,
                394,
                1,
                1438,
                389,
                1,
                1436,
                527,
                2,
                1460,
                614,
                1,
                1394,
                393,
                1,
                1384,
                303,
                2,
                1372,
                198,
                2,
                1373,
                150,
                2,
                1418,
                396,
                2,
                1284,
                365,
                2,
                1289,
                205,
                2,
                1464,
                199,
                2,
                1536,
                268,
                2,
                1610,
                347,
                2
            ],
            "action": "stand",
            "age": "elder",
            "disabled": false,
            "mask": true,
            "get_on": true,
            "get_off": false
        }
    ]
}