{
    "info": {
        "description": "AIHub Bus Passenger Dataset",
        "year": 2020,
        "version": "1.0",
        "img_path": "",
        "width": 1920,
        "height": 1080,
        "G-Sensor": "137,-14,826",
        "Gyro": "0,0,0"
    },
    "annotations": [
        {
            "id": 0,
            "bbox": [
                936,
                160,
                1170,
                610
            ],
            "occluded": true,
            "num_keypoints": 16,
            "keypoints": [
                1019,
                541,
                2,
                980,
                449,
                2,
                1012,
                399,
                2,
                1105,
                386,
                1,
                1115,
                466,
                2,
                1138,
                554,
                2,
                1056,
                395,
                1,
                1029,
                319,
                1,
                1005,
                258,
                2,
                995,
                231,
                2,
                955,
                334,
                2,
                968,
                354,
                2,
                964,
                285,
                2,
                1065,
                241,
                2,
                1122,
                341,
                2,
                1105,
                391,
                2
            ],
            "action": "sit down",
            "age": "elder",
            "disabled": false,
            "mask": true,
            "get_on": false,
            "get_off": false
        },
        {
            "id": 1,
            "bbox": [
                1413,
                347,
                1882,
                1079
            ],
            "occluded": true,
            "num_keypoints": 16,
            "keypoints": [
                1506,
                1079,
                0,
                1506,
                932,
                0,
                1516,
                1069,
                1,
                1755,
                1072,
                1,
                1787,
                932,
                0,
                1787,
                1079,
                0,
                1643,
                1068,
                1,
                1654,
                914,
                2,
                1679,
                681,
                2,
                1723,
                580,
                2,
                1459,
                713,
                0,
                1464,
                996,
                2,
                1489,
                687,
                2,
                1850,
                696,
                2,
                1779,
                1025,
                2,
                1834,
                713,
                0
            ],
            "action": "sit down",
            "age": "adult",
            "disabled": false,
            "mask": true,
            "get_on": false,
            "get_off": false
        }
    ]
}