{
    "info": {
        "description": "AIHub Bus Passenger Dataset",
        "year": 2020,
        "version": "1.0",
        "img_path": "",
        "width": 1920,
        "height": 1080,
        "G-Sensor": "-27,-45,1066",
        "Gyro": "0,0,0"
    },
    "annotations": [
        {
            "id": 0,
            "bbox": [
                936,
                163,
                1170,
                610
            ],
            "occluded": true,
            "num_keypoints": 16,
            "keypoints": [
                1021,
                549,
                2,
                980,
                468,
                2,
                1007,
                401,
                2,
                1113,
                398,
                1,
                1129,
                478,
                2,
                1137,
                552,
                2,
                1055,
                400,
                1,
                1047,
                334,
                1,
                1037,
                257,
                1,
                1030,
                216,
                2,
                967,
                319,
                1,
                959,
                357,
                2,
                980,
                269,
                2,
                1094,
                252,
                2,
                1132,
                352,
                2,
                1128,
                386,
                2
            ],
            "action": "sit down",
            "age": "elder",
            "disabled": false,
            "mask": true,
            "get_on": false,
            "get_off": false
        },
        {
            "id": 1,
            "bbox": [
                1386,
                349,
                1892,
                1079
            ],
            "occluded": true,
            "num_keypoints": 16,
            "keypoints": [
                1487,
                1079,
                0,
                1487,
                932,
                0,
                1506,
                1069,
                1,
                1756,
                1069,
                1,
                1790,
                932,
                0,
                1790,
                1079,
                0,
                1638,
                1070,
                1,
                1643,
                922,
                2,
                1699,
                669,
                2,
                1689,
                578,
                2,
                1436,
                714,
                0,
                1448,
                973,
                2,
                1518,
                645,
                2,
                1849,
                719,
                2,
                1791,
                1054,
                2,
                1841,
                714,
                0
            ],
            "action": "sit down",
            "age": "adult",
            "disabled": false,
            "mask": true,
            "get_on": false,
            "get_off": false
        },
        {
            "id": 2,
            "bbox": [
                1374,
                152,
                1662,
                678
            ],
            "occluded": true,
            "num_keypoints": 16,
            "keypoints": [
                1440,
                624,
                2,
                1428,
                511,
                2,
                1452,
                391,
                2,
                1550,
                394,
                1,
                1546,
                505,
                1,
                1542,
                622,
                1,
                1501,
                393,
                2,
                1499,
                338,
                2,
                1501,
                261,
                2,
                1497,
                212,
                2,
                1443,
                411,
                2,
                1394,
                348,
                2,
                1432,
                258,
                2,
                1569,
                270,
                2,
                1591,
                324,
                2,
                1637,
                362,
                1
            ],
            "action": "sit down",
            "age": "elder",
            "disabled": false,
            "mask": true,
            "get_on": true,
            "get_off": false
        }
    ]
}