{
    "info": {
        "description": "AIHub Bus Passenger Dataset",
        "year": 2020,
        "version": "1.0",
        "img_path": "",
        "width": 1920,
        "height": 1080,
        "G-Sensor": "49,-33,934",
        "Gyro": "0,0,0"
    },
    "annotations": [
        {
            "id": 0,
            "bbox": [
                936,
                163,
                1170,
                610
            ],
            "occluded": true,
            "num_keypoints": 16,
            "keypoints": [
                1021,
                549,
                2,
                980,
                468,
                2,
                1007,
                401,
                2,
                1113,
                398,
                1,
                1129,
                478,
                2,
                1137,
                552,
                2,
                1055,
                400,
                1,
                1047,
                334,
                1,
                1036,
                253,
                1,
                1030,
                216,
                2,
                967,
                319,
                1,
                959,
                357,
                2,
                980,
                269,
                2,
                1094,
                252,
                2,
                1138,
                343,
                2,
                1128,
                386,
                2
            ],
            "action": "sit down",
            "age": "elder",
            "disabled": false,
            "mask": true,
            "get_on": false,
            "get_off": false
        },
        {
            "id": 1,
            "bbox": [
                1386,
                351,
                1891,
                1079
            ],
            "occluded": true,
            "num_keypoints": 16,
            "keypoints": [
                1486,
                1079,
                0,
                1486,
                932,
                0,
                1505,
                1069,
                1,
                1755,
                1069,
                1,
                1789,
                932,
                0,
                1789,
                1079,
                0,
                1628,
                1068,
                1,
                1646,
                907,
                2,
                1698,
                670,
                2,
                1691,
                569,
                2,
                1435,
                715,
                0,
                1447,
                973,
                2,
                1533,
                645,
                2,
                1849,
                713,
                2,
                1793,
                1047,
                2,
                1840,
                715,
                0
            ],
            "action": "sit down",
            "age": "adult",
            "disabled": false,
            "mask": true,
            "get_on": false,
            "get_off": false
        },
        {
            "id": 2,
            "bbox": [
                1335,
                152,
                1570,
                648
            ],
            "occluded": true,
            "num_keypoints": 16,
            "keypoints": [
                1391,
                596,
                2,
                1396,
                503,
                2,
                1426,
                395,
                2,
                1499,
                396,
                2,
                1476,
                501,
                1,
                1481,
                604,
                1,
                1460,
                395,
                2,
                1459,
                336,
                1,
                1460,
                269,
                2,
                1457,
                226,
                2,
                1369,
                449,
                1,
                1382,
                362,
                2,
                1408,
                262,
                2,
                1544,
                264,
                2,
                1557,
                333,
                2,
                1541,
                337,
                2
            ],
            "action": "sit down",
            "age": "elder",
            "disabled": false,
            "mask": true,
            "get_on": true,
            "get_off": false
        }
    ]
}