{
    "info": {
        "description": "AIHub Bus Passenger Dataset",
        "year": 2020,
        "version": "1.0",
        "img_path": "",
        "width": 1920,
        "height": 1080,
        "G-Sensor": "6,-31,982",
        "Gyro": "0,0,0"
    },
    "annotations": [
        {
            "id": 0,
            "bbox": [
                936,
                142,
                1170,
                610
            ],
            "occluded": true,
            "num_keypoints": 16,
            "keypoints": [
                1021,
                547,
                1,
                983,
                472,
                1,
                1010,
                391,
                1,
                1113,
                390,
                1,
                1129,
                473,
                2,
                1137,
                550,
                2,
                1062,
                390,
                1,
                1051,
                321,
                1,
                1040,
                257,
                1,
                1033,
                215,
                1,
                967,
                307,
                1,
                965,
                348,
                1,
                987,
                265,
                1,
                1102,
                245,
                2,
                1150,
                333,
                2,
                1128,
                378,
                2
            ],
            "action": "sit down",
            "age": "elder",
            "disabled": false,
            "mask": true,
            "get_on": false,
            "get_off": false
        },
        {
            "id": 1,
            "bbox": [
                1413,
                347,
                1888,
                1079
            ],
            "occluded": true,
            "num_keypoints": 16,
            "keypoints": [
                1507,
                1079,
                0,
                1507,
                932,
                0,
                1525,
                1069,
                1,
                1760,
                1069,
                1,
                1792,
                932,
                0,
                1792,
                1079,
                0,
                1658,
                1065,
                1,
                1685,
                898,
                2,
                1703,
                675,
                1,
                1718,
                574,
                2,
                1459,
                713,
                0,
                1471,
                973,
                2,
                1526,
                665,
                2,
                1841,
                717,
                2,
                1808,
                1009,
                2,
                1840,
                713,
                0
            ],
            "action": "sit down",
            "age": "adult",
            "disabled": false,
            "mask": true,
            "get_on": false,
            "get_off": false
        },
        {
            "id": 2,
            "bbox": [
                895,
                110,
                1218,
                878
            ],
            "occluded": true,
            "num_keypoints": 16,
            "keypoints": [
                1131,
                843,
                2,
                1110,
                722,
                2,
                1014,
                528,
                1,
                1037,
                505,
                1,
                1014,
                697,
                2,
                1004,
                792,
                2,
                1024,
                519,
                1,
                1013,
                415,
                1,
                1054,
                257,
                2,
                1059,
                201,
                2,
                1060,
                602,
                2,
                994,
                517,
                2,
                1062,
                352,
                2,
                981,
                248,
                2,
                1042,
                434,
                1,
                1081,
                524,
                1
            ],
            "action": "walk",
            "age": "elder",
            "disabled": false,
            "mask": true,
            "get_on": true,
            "get_off": false
        }
    ]
}