{
    "info": {
        "description": "AIHub Bus Passenger Dataset",
        "year": 2020,
        "version": "1.0",
        "img_path": "",
        "width": 1920,
        "height": 1080,
        "G-Sensor": "-14,-39,1014",
        "Gyro": "0,0,0"
    },
    "annotations": [
        {
            "id": 0,
            "bbox": [
                936,
                162,
                1170,
                610
            ],
            "occluded": true,
            "num_keypoints": 16,
            "keypoints": [
                1021,
                549,
                2,
                980,
                468,
                2,
                1007,
                401,
                2,
                1113,
                398,
                1,
                1129,
                478,
                2,
                1137,
                552,
                2,
                1055,
                400,
                1,
                1043,
                334,
                1,
                1029,
                256,
                1,
                1030,
                216,
                2,
                967,
                319,
                1,
                959,
                357,
                2,
                980,
                269,
                2,
                1094,
                252,
                2,
                1132,
                352,
                2,
                1128,
                386,
                2
            ],
            "action": "sit down",
            "age": "elder",
            "disabled": false,
            "mask": true,
            "get_on": false,
            "get_off": false
        },
        {
            "id": 1,
            "bbox": [
                1393,
                347,
                1890,
                1079
            ],
            "occluded": true,
            "num_keypoints": 16,
            "keypoints": [
                1492,
                1079,
                0,
                1492,
                932,
                0,
                1510,
                1069,
                1,
                1756,
                1069,
                1,
                1789,
                932,
                0,
                1789,
                1079,
                0,
                1621,
                1069,
                1,
                1641,
                904,
                2,
                1700,
                668,
                2,
                1695,
                565,
                2,
                1442,
                713,
                0,
                1440,
                949,
                2,
                1524,
                633,
                2,
                1848,
                715,
                2,
                1793,
                1053,
                2,
                1839,
                713,
                0
            ],
            "action": "sit down",
            "age": "adult",
            "disabled": false,
            "mask": true,
            "get_on": false,
            "get_off": false
        },
        {
            "id": 2,
            "bbox": [
                1310,
                182,
                1593,
                651
            ],
            "occluded": true,
            "num_keypoints": 16,
            "keypoints": [
                1375,
                587,
                1,
                1374,
                521,
                1,
                1414,
                418,
                2,
                1496,
                417,
                1,
                1473,
                523,
                1,
                1473,
                612,
                1,
                1448,
                416,
                2,
                1442,
                378,
                2,
                1423,
                304,
                2,
                1421,
                266,
                2,
                1374,
                455,
                1,
                1340,
                376,
                1,
                1370,
                294,
                1,
                1502,
                277,
                2,
                1578,
                341,
                2,
                1549,
                348,
                2
            ],
            "action": "sit down",
            "age": "elder",
            "disabled": false,
            "mask": true,
            "get_on": true,
            "get_off": false
        }
    ]
}