{
    "info": {
        "description": "AIHub Bus Passenger Dataset",
        "year": 2020,
        "version": "1.0",
        "img_path": "",
        "width": 1920,
        "height": 1080,
        "G-Sensor": "96,-47,1064",
        "Gyro": "0,0,0"
    },
    "annotations": [
        {
            "id": 0,
            "bbox": [
                936,
                153,
                1170,
                610
            ],
            "occluded": true,
            "num_keypoints": 16,
            "keypoints": [
                1021,
                548,
                2,
                983,
                475,
                2,
                1004,
                400,
                2,
                1113,
                395,
                1,
                1144,
                473,
                2,
                1145,
                547,
                2,
                1056,
                400,
                1,
                1046,
                319,
                2,
                1030,
                253,
                2,
                1023,
                220,
                2,
                962,
                316,
                1,
                965,
                343,
                2,
                984,
                263,
                2,
                1093,
                248,
                2,
                1136,
                331,
                2,
                1120,
                384,
                2
            ],
            "action": "sit down",
            "age": "elder",
            "disabled": false,
            "mask": true,
            "get_on": false,
            "get_off": false
        },
        {
            "id": 1,
            "bbox": [
                1407,
                387,
                1891,
                1079
            ],
            "occluded": true,
            "num_keypoints": 16,
            "keypoints": [
                1502,
                1079,
                0,
                1502,
                939,
                0,
                1521,
                1068,
                1,
                1763,
                1073,
                1,
                1791,
                939,
                0,
                1791,
                1079,
                0,
                1654,
                1071,
                1,
                1672,
                924,
                2,
                1695,
                716,
                2,
                1760,
                617,
                2,
                1453,
                732,
                0,
                1456,
                992,
                2,
                1508,
                699,
                2,
                1866,
                733,
                2,
                1802,
                1034,
                2,
                1840,
                732,
                0
            ],
            "action": "sit down",
            "age": "adult",
            "disabled": false,
            "mask": true,
            "get_on": false,
            "get_off": false
        },
        {
            "id": 2,
            "bbox": [
                109,
                623,
                335,
                1068
            ],
            "occluded": true,
            "num_keypoints": 16,
            "keypoints": [
                276,
                1056,
                1,
                268,
                961,
                1,
                238,
                886,
                1,
                282,
                843,
                1,
                321,
                925,
                1,
                313,
                1045,
                1,
                254,
                863,
                1,
                232,
                789,
                2,
                179,
                715,
                2,
                169,
                679,
                2,
                207,
                932,
                1,
                163,
                857,
                2,
                150,
                759,
                2,
                211,
                687,
                2,
                255,
                767,
                1,
                310,
                792,
                1
            ],
            "action": "walk",
            "age": "elder",
            "disabled": false,
            "mask": true,
            "get_on": true,
            "get_off": false
        }
    ]
}