{
    "info": {
        "description": "AIHub Bus Passenger Dataset",
        "year": 2020,
        "version": "1.0",
        "img_path": "",
        "width": 1920,
        "height": 1080,
        "G-Sensor": "4,-23,1023",
        "Gyro": "0,0,0"
    },
    "annotations": [
        {
            "id": 0,
            "bbox": [
                936,
                162,
                1170,
                610
            ],
            "occluded": true,
            "num_keypoints": 16,
            "keypoints": [
                1021,
                549,
                2,
                980,
                468,
                2,
                1007,
                401,
                2,
                1113,
                398,
                1,
                1129,
                478,
                2,
                1137,
                552,
                2,
                1055,
                400,
                1,
                1043,
                334,
                1,
                1029,
                256,
                1,
                1030,
                216,
                2,
                967,
                319,
                1,
                958,
                364,
                2,
                980,
                269,
                2,
                1094,
                252,
                2,
                1132,
                352,
                2,
                1128,
                386,
                2
            ],
            "action": "sit down",
            "age": "elder",
            "disabled": false,
            "mask": true,
            "get_on": false,
            "get_off": false
        },
        {
            "id": 1,
            "bbox": [
                1349,
                347,
                1894,
                1079
            ],
            "occluded": true,
            "num_keypoints": 16,
            "keypoints": [
                1457,
                1079,
                0,
                1457,
                932,
                0,
                1505,
                1035,
                2,
                1747,
                1069,
                1,
                1784,
                932,
                0,
                1784,
                1079,
                0,
                1631,
                1065,
                1,
                1646,
                914,
                2,
                1686,
                668,
                2,
                1691,
                569,
                2,
                1426,
                844,
                2,
                1456,
                924,
                2,
                1516,
                634,
                2,
                1850,
                720,
                2,
                1776,
                1057,
                2,
                1839,
                713,
                0
            ],
            "action": "sit down",
            "age": "adult",
            "disabled": false,
            "mask": true,
            "get_on": false,
            "get_off": false
        },
        {
            "id": 2,
            "bbox": [
                1381,
                159,
                1664,
                690
            ],
            "occluded": true,
            "num_keypoints": 16,
            "keypoints": [
                1429,
                629,
                2,
                1429,
                526,
                2,
                1457,
                379,
                2,
                1553,
                379,
                1,
                1568,
                511,
                1,
                1567,
                630,
                1,
                1503,
                382,
                2,
                1502,
                339,
                2,
                1499,
                278,
                2,
                1496,
                239,
                2,
                1419,
                424,
                2,
                1404,
                353,
                2,
                1441,
                265,
                2,
                1563,
                271,
                2,
                1593,
                332,
                2,
                1638,
                351,
                1
            ],
            "action": "sit down",
            "age": "elder",
            "disabled": false,
            "mask": true,
            "get_on": true,
            "get_off": false
        }
    ]
}