{
    "info": {
        "description": "AIHub Bus Passenger Dataset",
        "year": 2020,
        "version": "1.0",
        "img_path": "",
        "width": 1920,
        "height": 1080,
        "G-Sensor": "6,-31,992",
        "Gyro": "0,0,0"
    },
    "annotations": [
        {
            "id": 0,
            "bbox": [
                936,
                162,
                1170,
                610
            ],
            "occluded": true,
            "num_keypoints": 16,
            "keypoints": [
                1021,
                549,
                2,
                980,
                468,
                2,
                1007,
                401,
                2,
                1113,
                398,
                1,
                1129,
                478,
                2,
                1137,
                552,
                2,
                1055,
                400,
                1,
                1043,
                334,
                1,
                1029,
                256,
                1,
                1030,
                216,
                2,
                967,
                319,
                1,
                959,
                357,
                2,
                980,
                269,
                2,
                1094,
                252,
                2,
                1132,
                352,
                2,
                1128,
                386,
                2
            ],
            "action": "sit down",
            "age": "elder",
            "disabled": false,
            "mask": true,
            "get_on": false,
            "get_off": false
        },
        {
            "id": 1,
            "bbox": [
                1386,
                347,
                1890,
                1079
            ],
            "occluded": true,
            "num_keypoints": 16,
            "keypoints": [
                1486,
                1079,
                0,
                1486,
                932,
                0,
                1505,
                1069,
                1,
                1754,
                1069,
                1,
                1787,
                932,
                0,
                1787,
                1079,
                0,
                1615,
                1075,
                1,
                1631,
                905,
                2,
                1694,
                660,
                2,
                1688,
                563,
                2,
                1435,
                713,
                0,
                1438,
                945,
                2,
                1516,
                645,
                2,
                1851,
                719,
                2,
                1797,
                1040,
                2,
                1838,
                713,
                0
            ],
            "action": "sit down",
            "age": "adult",
            "disabled": false,
            "mask": true,
            "get_on": false,
            "get_off": false
        },
        {
            "id": 2,
            "bbox": [
                1378,
                152,
                1646,
                678
            ],
            "occluded": true,
            "num_keypoints": 16,
            "keypoints": [
                1430,
                624,
                2,
                1435,
                498,
                2,
                1442,
                408,
                2,
                1524,
                407,
                1,
                1512,
                504,
                1,
                1508,
                638,
                1,
                1483,
                409,
                2,
                1481,
                341,
                2,
                1476,
                259,
                2,
                1470,
                209,
                2,
                1430,
                458,
                2,
                1400,
                362,
                2,
                1418,
                254,
                2,
                1538,
                253,
                2,
                1575,
                311,
                2,
                1627,
                352,
                1
            ],
            "action": "sit down",
            "age": "elder",
            "disabled": false,
            "mask": true,
            "get_on": true,
            "get_off": false
        }
    ]
}