{
    "info": {
        "description": "AIHub Bus Passenger Dataset",
        "year": 2020,
        "version": "1.0",
        "img_path": "",
        "width": 1920,
        "height": 1080,
        "G-Sensor": "-18,-41,1045",
        "Gyro": "0,0,0"
    },
    "annotations": [
        {
            "id": 0,
            "bbox": [
                936,
                162,
                1170,
                610
            ],
            "occluded": true,
            "num_keypoints": 16,
            "keypoints": [
                1021,
                549,
                2,
                980,
                468,
                2,
                1007,
                401,
                2,
                1113,
                398,
                1,
                1129,
                478,
                2,
                1137,
                552,
                2,
                1055,
                400,
                1,
                1040,
                334,
                1,
                1024,
                261,
                1,
                1016,
                223,
                1,
                967,
                319,
                1,
                958,
                364,
                2,
                980,
                269,
                2,
                1094,
                252,
                2,
                1135,
                346,
                2,
                1128,
                386,
                2
            ],
            "action": "sit down",
            "age": "elder",
            "disabled": false,
            "mask": true,
            "get_on": false,
            "get_off": false
        },
        {
            "id": 1,
            "bbox": [
                1413,
                347,
                1888,
                1079
            ],
            "occluded": true,
            "num_keypoints": 16,
            "keypoints": [
                1507,
                1079,
                0,
                1507,
                932,
                0,
                1525,
                1069,
                1,
                1760,
                1069,
                1,
                1792,
                932,
                0,
                1792,
                1079,
                0,
                1658,
                1065,
                1,
                1685,
                898,
                2,
                1706,
                688,
                2,
                1680,
                588,
                2,
                1459,
                713,
                0,
                1471,
                973,
                2,
                1526,
                665,
                2,
                1840,
                685,
                2,
                1803,
                1022,
                2,
                1840,
                713,
                0
            ],
            "action": "sit down",
            "age": "adult",
            "disabled": false,
            "mask": true,
            "get_on": false,
            "get_off": false
        },
        {
            "id": 2,
            "bbox": [
                1380,
                159,
                1663,
                690
            ],
            "occluded": true,
            "num_keypoints": 16,
            "keypoints": [
                1431,
                635,
                2,
                1428,
                526,
                2,
                1469,
                392,
                1,
                1558,
                384,
                1,
                1567,
                511,
                1,
                1566,
                630,
                1,
                1517,
                387,
                2,
                1513,
                341,
                2,
                1504,
                263,
                2,
                1502,
                224,
                2,
                1466,
                364,
                1,
                1448,
                360,
                2,
                1440,
                265,
                2,
                1577,
                273,
                2,
                1606,
                343,
                2,
                1640,
                355,
                1
            ],
            "action": "sit down",
            "age": "elder",
            "disabled": false,
            "mask": true,
            "get_on": true,
            "get_off": false
        }
    ]
}