{
    "info": {
        "description": "AIHub Bus Passenger Dataset",
        "year": 2020,
        "version": "1.0",
        "img_path": "",
        "width": 1920,
        "height": 1080,
        "G-Sensor": "39,-51,896",
        "Gyro": "0,0,0"
    },
    "annotations": [
        {
            "id": 0,
            "bbox": [
                936,
                150,
                1170,
                610
            ],
            "occluded": true,
            "num_keypoints": 16,
            "keypoints": [
                1021,
                548,
                2,
                983,
                474,
                2,
                1004,
                398,
                2,
                1113,
                393,
                1,
                1144,
                472,
                2,
                1145,
                547,
                2,
                1056,
                398,
                1,
                1041,
                330,
                1,
                1026,
                260,
                1,
                1015,
                215,
                1,
                967,
                313,
                1,
                965,
                348,
                2,
                972,
                271,
                2,
                1090,
                239,
                2,
                1136,
                329,
                2,
                1122,
                374,
                2
            ],
            "action": "sit down",
            "age": "elder",
            "disabled": false,
            "mask": true,
            "get_on": false,
            "get_off": false
        },
        {
            "id": 1,
            "bbox": [
                1407,
                346,
                1884,
                1079
            ],
            "occluded": true,
            "num_keypoints": 16,
            "keypoints": [
                1502,
                1079,
                0,
                1502,
                931,
                0,
                1524,
                1074,
                1,
                1760,
                1073,
                1,
                1787,
                931,
                0,
                1787,
                1079,
                0,
                1650,
                1076,
                1,
                1669,
                916,
                2,
                1692,
                686,
                2,
                1745,
                580,
                2,
                1454,
                712,
                0,
                1457,
                988,
                2,
                1501,
                686,
                2,
                1852,
                687,
                2,
                1803,
                1031,
                2,
                1835,
                712,
                0
            ],
            "action": "sit down",
            "age": "adult",
            "disabled": false,
            "mask": true,
            "get_on": false,
            "get_off": false
        }
    ]
}