{
    "info": {
        "description": "AIHub Bus Passenger Dataset",
        "year": 2020,
        "version": "1.0",
        "img_path": "",
        "width": 1920,
        "height": 1080,
        "G-Sensor": "31,-37,947",
        "Gyro": "0,0,0"
    },
    "annotations": [
        {
            "id": 0,
            "bbox": [
                936,
                162,
                1170,
                610
            ],
            "occluded": true,
            "num_keypoints": 16,
            "keypoints": [
                1021,
                549,
                2,
                980,
                468,
                2,
                1007,
                401,
                2,
                1113,
                398,
                1,
                1129,
                478,
                2,
                1137,
                552,
                2,
                1055,
                400,
                1,
                1047,
                334,
                1,
                1037,
                257,
                1,
                1030,
                216,
                2,
                967,
                319,
                1,
                959,
                357,
                2,
                980,
                269,
                2,
                1094,
                252,
                2,
                1132,
                352,
                2,
                1128,
                386,
                2
            ],
            "action": "sit down",
            "age": "elder",
            "disabled": false,
            "mask": true,
            "get_on": false,
            "get_off": false
        },
        {
            "id": 1,
            "bbox": [
                1391,
                352,
                1892,
                1079
            ],
            "occluded": true,
            "num_keypoints": 16,
            "keypoints": [
                1491,
                1079,
                0,
                1491,
                933,
                0,
                1509,
                1069,
                1,
                1750,
                1073,
                1,
                1791,
                933,
                0,
                1791,
                1079,
                0,
                1623,
                1070,
                1,
                1626,
                923,
                2,
                1700,
                670,
                2,
                1720,
                578,
                2,
                1440,
                715,
                0,
                1445,
                942,
                2,
                1519,
                657,
                2,
                1856,
                725,
                2,
                1795,
                1053,
                2,
                1841,
                715,
                0
            ],
            "action": "sit down",
            "age": "adult",
            "disabled": false,
            "mask": true,
            "get_on": false,
            "get_off": false
        },
        {
            "id": 2,
            "bbox": [
                1380,
                152,
                1664,
                678
            ],
            "occluded": true,
            "num_keypoints": 16,
            "keypoints": [
                1434,
                624,
                2,
                1434,
                499,
                2,
                1449,
                396,
                2,
                1524,
                400,
                1,
                1543,
                504,
                1,
                1546,
                631,
                1,
                1486,
                398,
                2,
                1487,
                338,
                2,
                1491,
                264,
                2,
                1498,
                219,
                2,
                1439,
                457,
                2,
                1416,
                369,
                2,
                1436,
                253,
                2,
                1566,
                261,
                2,
                1596,
                326,
                2,
                1639,
                359,
                1
            ],
            "action": "sit down",
            "age": "elder",
            "disabled": false,
            "mask": true,
            "get_on": true,
            "get_off": false
        }
    ]
}