{
    "info": {
        "description": "AIHub Bus Passenger Dataset",
        "year": 2020,
        "version": "1.0",
        "img_path": "",
        "width": 1920,
        "height": 1080,
        "G-Sensor": "39,-51,896",
        "Gyro": "0,0,0"
    },
    "annotations": [
        {
            "id": 0,
            "bbox": [
                936,
                155,
                1170,
                610
            ],
            "occluded": true,
            "num_keypoints": 16,
            "keypoints": [
                1021,
                548,
                2,
                983,
                475,
                2,
                1004,
                400,
                2,
                1113,
                396,
                1,
                1144,
                473,
                2,
                1145,
                547,
                2,
                1056,
                400,
                1,
                1041,
                333,
                1,
                1026,
                263,
                1,
                1015,
                220,
                1,
                967,
                316,
                1,
                965,
                351,
                2,
                970,
                284,
                2,
                1084,
                234,
                2,
                1136,
                332,
                2,
                1122,
                376,
                2
            ],
            "action": "sit down",
            "age": "elder",
            "disabled": false,
            "mask": true,
            "get_on": false,
            "get_off": false
        },
        {
            "id": 1,
            "bbox": [
                1407,
                346,
                1884,
                1079
            ],
            "occluded": true,
            "num_keypoints": 16,
            "keypoints": [
                1502,
                1079,
                0,
                1502,
                931,
                0,
                1520,
                1068,
                1,
                1760,
                1073,
                1,
                1787,
                931,
                0,
                1787,
                1079,
                0,
                1652,
                1071,
                1,
                1669,
                916,
                2,
                1692,
                686,
                2,
                1745,
                580,
                2,
                1454,
                712,
                0,
                1457,
                988,
                2,
                1508,
                678,
                2,
                1839,
                684,
                2,
                1791,
                1034,
                2,
                1835,
                712,
                0
            ],
            "action": "sit down",
            "age": "adult",
            "disabled": false,
            "mask": true,
            "get_on": false,
            "get_off": false
        }
    ]
}