{
    "info": {
        "description": "AIHub Bus Passenger Dataset",
        "year": 2020,
        "version": "1.0",
        "img_path": "",
        "width": 1920,
        "height": 1080,
        "G-Sensor": "-41,53,951",
        "Gyro": "0,0,0"
    },
    "annotations": [
        {
            "id": 1,
            "bbox": [
                765,
                165,
                999,
                699
            ],
            "occluded": true,
            "num_keypoints": 16,
            "keypoints": [
                874,
                666,
                1,
                893,
                563,
                2,
                919,
                454,
                2,
                858,
                450,
                2,
                856,
                535,
                2,
                851,
                631,
                1,
                889,
                443,
                2,
                901,
                329,
                2,
                896,
                244,
                2,
                899,
                196,
                2,
                981,
                421,
                1,
                984,
                359,
                1,
                968,
                268,
                2,
                836,
                265,
                2,
                801,
                383,
                2,
                783,
                459,
                2
            ],
            "action": "walk",
            "age": "adult",
            "disabled": false,
            "mask": false,
            "get_on": false,
            "get_off": false
        },
        {
            "id": 0,
            "bbox": [
                439,
                608,
                1335,
                1079
            ],
            "occluded": true,
            "num_keypoints": 16,
            "keypoints": [
                885,
                1072,
                0,
                761,
                998,
                2,
                969,
                1048,
                2,
                1416,
                820,
                0,
                1416,
                946,
                0,
                1416,
                1072,
                0,
                1009,
                1078,
                0,
                1041,
                1040,
                2,
                961,
                971,
                2,
                931,
                724,
                2,
                610,
                930,
                2,
                800,
                856,
                1,
                1053,
                755,
                1,
                1291,
                1053,
                0,
                1506,
                625,
                0,
                1506,
                751,
                0
            ],
            "action": "sit down",
            "age": "adult",
            "disabled": false,
            "mask": false,
            "get_on": false,
            "get_off": false
        }
    ]
}