{
    "info": {
        "description": "AIHub Bus Passenger Dataset",
        "year": 2020,
        "version": "1.0",
        "img_path": "",
        "width": 1920,
        "height": 1080,
        "G-Sensor": "-27,57,936",
        "Gyro": "0,0,0"
    },
    "annotations": [
        {
            "id": 1,
            "bbox": [
                697,
                102,
                1004,
                980
            ],
            "occluded": true,
            "num_keypoints": 16,
            "keypoints": [
                838,
                945,
                1,
                857,
                784,
                1,
                827,
                548,
                2,
                894,
                540,
                2,
                957,
                763,
                1,
                888,
                921,
                1,
                873,
                532,
                2,
                883,
                409,
                2,
                883,
                284,
                2,
                906,
                152,
                2,
                881,
                522,
                2,
                768,
                500,
                2,
                747,
                321,
                2,
                955,
                290,
                2,
                933,
                426,
                1,
                929,
                546,
                1
            ],
            "action": "walk",
            "age": "adult",
            "disabled": false,
            "mask": false,
            "get_on": false,
            "get_off": false
        },
        {
            "id": 0,
            "bbox": [
                660,
                475,
                1560,
                1079
            ],
            "occluded": true,
            "num_keypoints": 16,
            "keypoints": [
                884,
                1072,
                0,
                756,
                989,
                1,
                968,
                1048,
                2,
                1415,
                820,
                0,
                1415,
                946,
                0,
                1415,
                1072,
                0,
                1008,
                1078,
                0,
                1159,
                955,
                2,
                1338,
                813,
                2,
                1336,
                580,
                2,
                818,
                925,
                2,
                999,
                855,
                2,
                1183,
                735,
                2,
                1465,
                1008,
                2,
                1505,
                625,
                0,
                1505,
                751,
                0
            ],
            "action": "sit down",
            "age": "adult",
            "disabled": false,
            "mask": false,
            "get_on": false,
            "get_off": false
        }
    ]
}