{
    "info": {
        "description": "AIHub Bus Passenger Dataset",
        "year": 2020,
        "version": "1.0",
        "img_path": "",
        "width": 1920,
        "height": 1080,
        "G-Sensor": "-33,55,939",
        "Gyro": "0,0,0"
    },
    "annotations": [
        {
            "id": 1,
            "bbox": [
                604,
                114,
                962,
                871
            ],
            "occluded": true,
            "num_keypoints": 16,
            "keypoints": [
                753,
                859,
                1,
                759,
                693,
                1,
                751,
                511,
                2,
                826,
                509,
                2,
                827,
                700,
                1,
                820,
                859,
                1,
                788,
                501,
                2,
                779,
                389,
                2,
                778,
                279,
                2,
                779,
                177,
                2,
                709,
                499,
                2,
                639,
                447,
                2,
                669,
                309,
                2,
                877,
                278,
                2,
                933,
                376,
                2,
                917,
                469,
                2
            ],
            "action": "walk",
            "age": "adult",
            "disabled": false,
            "mask": false,
            "get_on": false,
            "get_off": false
        },
        {
            "id": 0,
            "bbox": [
                660,
                459,
                1560,
                1079
            ],
            "occluded": true,
            "num_keypoints": 16,
            "keypoints": [
                884,
                1072,
                0,
                756,
                989,
                1,
                968,
                1048,
                2,
                1415,
                820,
                0,
                1415,
                946,
                0,
                1415,
                1072,
                0,
                1008,
                1078,
                0,
                1159,
                955,
                2,
                1351,
                818,
                2,
                1385,
                584,
                2,
                818,
                925,
                2,
                999,
                855,
                2,
                1183,
                735,
                2,
                1465,
                1008,
                2,
                1505,
                625,
                0,
                1505,
                751,
                0
            ],
            "action": "sit down",
            "age": "adult",
            "disabled": false,
            "mask": false,
            "get_on": false,
            "get_off": false
        }
    ]
}