{
    "info": {
        "description": "AIHub Bus Passenger Dataset",
        "year": 2020,
        "version": "1.0",
        "img_path": "",
        "width": 1920,
        "height": 1080,
        "G-Sensor": "-33,55,945",
        "Gyro": "0,0,0"
    },
    "annotations": [
        {
            "id": 1,
            "bbox": [
                891,
                150,
                1040,
                603
            ],
            "occluded": true,
            "num_keypoints": 16,
            "keypoints": [
                1003,
                548,
                2,
                999,
                459,
                2,
                988,
                386,
                2,
                940,
                382,
                2,
                928,
                469,
                2,
                904,
                554,
                2,
                962,
                377,
                2,
                964,
                286,
                2,
                973,
                205,
                2,
                974,
                171,
                2,
                1027,
                358,
                1,
                1028,
                308,
                1,
                1017,
                234,
                1,
                925,
                246,
                2,
                920,
                293,
                1,
                941,
                348,
                1
            ],
            "action": "walk",
            "age": "adult",
            "disabled": false,
            "mask": false,
            "get_on": false,
            "get_off": false
        },
        {
            "id": 0,
            "bbox": [
                439,
                608,
                1335,
                1079
            ],
            "occluded": true,
            "num_keypoints": 16,
            "keypoints": [
                885,
                1072,
                0,
                761,
                998,
                2,
                969,
                1048,
                2,
                1416,
                820,
                0,
                1416,
                946,
                0,
                1416,
                1072,
                0,
                1009,
                1078,
                0,
                1041,
                1040,
                2,
                961,
                971,
                2,
                931,
                724,
                2,
                610,
                930,
                2,
                800,
                856,
                1,
                1053,
                755,
                1,
                1291,
                1053,
                0,
                1506,
                625,
                0,
                1506,
                751,
                0
            ],
            "action": "sit down",
            "age": "adult",
            "disabled": false,
            "mask": false,
            "get_on": false,
            "get_off": false
        }
    ]
}