{
    "info": {
        "description": "AIHub Bus Passenger Dataset",
        "year": 2020,
        "version": "1.0",
        "img_path": "",
        "width": 1920,
        "height": 1080,
        "G-Sensor": "-31,57,953",
        "Gyro": "0,0,0"
    },
    "annotations": [
        {
            "id": 0,
            "bbox": [
                375,
                586,
                1270,
                1079
            ],
            "occluded": true,
            "num_keypoints": 16,
            "keypoints": [
                884,
                1072,
                0,
                739,
                995,
                2,
                958,
                1040,
                2,
                1415,
                820,
                0,
                1415,
                946,
                0,
                1415,
                1072,
                0,
                1008,
                1078,
                0,
                1010,
                1015,
                2,
                898,
                910,
                2,
                780,
                719,
                2,
                564,
                923,
                2,
                816,
                841,
                1,
                1023,
                733,
                2,
                1290,
                1053,
                0,
                1505,
                625,
                0,
                1505,
                751,
                0
            ],
            "action": "sit down",
            "age": "adult",
            "disabled": false,
            "mask": false,
            "get_on": false,
            "get_off": false
        }
    ]
}