{
    "info": {
        "description": "AIHub Bus Passenger Dataset",
        "year": 2020,
        "version": "1.0",
        "img_path": "",
        "width": 1920,
        "height": 1080,
        "G-Sensor": "-33,55,939",
        "Gyro": "0,0,0"
    },
    "annotations": [
        {
            "id": 1,
            "bbox": [
                655,
                203,
                940,
                793
            ],
            "occluded": true,
            "num_keypoints": 16,
            "keypoints": [
                790,
                705,
                1,
                776,
                619,
                2,
                759,
                515,
                2,
                822,
                510,
                2,
                785,
                625,
                2,
                775,
                736,
                1,
                790,
                507,
                2,
                767,
                409,
                2,
                760,
                330,
                2,
                760,
                257,
                2,
                718,
                468,
                2,
                674,
                427,
                2,
                698,
                338,
                2,
                836,
                321,
                2,
                915,
                389,
                2,
                883,
                483,
                2
            ],
            "action": "walk",
            "age": "adult",
            "disabled": false,
            "mask": false,
            "get_on": false,
            "get_off": false
        },
        {
            "id": 0,
            "bbox": [
                650,
                459,
                1560,
                1079
            ],
            "occluded": true,
            "num_keypoints": 16,
            "keypoints": [
                884,
                1072,
                0,
                756,
                989,
                1,
                968,
                1048,
                2,
                1415,
                820,
                0,
                1415,
                946,
                0,
                1415,
                1072,
                0,
                1008,
                1078,
                0,
                1165,
                961,
                2,
                1366,
                819,
                2,
                1396,
                584,
                2,
                818,
                925,
                2,
                999,
                855,
                2,
                1183,
                735,
                2,
                1465,
                1008,
                2,
                1505,
                625,
                0,
                1505,
                751,
                0
            ],
            "action": "sit down",
            "age": "adult",
            "disabled": false,
            "mask": false,
            "get_on": false,
            "get_off": false
        }
    ]
}