{
    "info": {
        "description": "AIHub Bus Passenger Dataset",
        "year": 2020,
        "version": "1.0",
        "img_path": "",
        "width": 1920,
        "height": 1080,
        "G-Sensor": "-35,55,947",
        "Gyro": "0,0,0"
    },
    "annotations": [
        {
            "id": 1,
            "bbox": [
                715,
                176,
                916,
                729
            ],
            "occluded": true,
            "num_keypoints": 16,
            "keypoints": [
                789,
                671,
                2,
                789,
                565,
                2,
                786,
                436,
                2,
                853,
                436,
                2,
                853,
                530,
                2,
                836,
                565,
                2,
                813,
                436,
                2,
                803,
                356,
                2,
                807,
                281,
                2,
                806,
                217,
                2,
                762,
                386,
                2,
                733,
                359,
                2,
                751,
                291,
                2,
                862,
                294,
                2,
                898,
                365,
                2,
                833,
                386,
                2
            ],
            "action": "walk",
            "age": "adult",
            "disabled": false,
            "mask": false,
            "get_on": false,
            "get_off": false
        },
        {
            "id": 0,
            "bbox": [
                603,
                459,
                1560,
                1079
            ],
            "occluded": true,
            "num_keypoints": 16,
            "keypoints": [
                884,
                1072,
                0,
                756,
                989,
                2,
                968,
                1048,
                2,
                1415,
                820,
                0,
                1415,
                946,
                0,
                1415,
                1072,
                0,
                1008,
                1078,
                0,
                1165,
                961,
                2,
                1361,
                826,
                2,
                1403,
                588,
                2,
                786,
                859,
                2,
                991,
                806,
                2,
                1183,
                735,
                2,
                1465,
                1008,
                2,
                1505,
                625,
                0,
                1505,
                751,
                0
            ],
            "action": "sit down",
            "age": "adult",
            "disabled": false,
            "mask": false,
            "get_on": false,
            "get_off": false
        }
    ]
}