{
    "info": {
        "description": "AIHub Bus Passenger Dataset",
        "year": 2020,
        "version": "1.0",
        "img_path": "",
        "width": 1920,
        "height": 1080,
        "G-Sensor": "-37,57,947",
        "Gyro": "0,0,0"
    },
    "annotations": [
        {
            "id": 0,
            "bbox": [
                699,
                461,
                1563,
                1077
            ],
            "occluded": true,
            "num_keypoints": 16,
            "keypoints": [
                887,
                1077,
                0,
                759,
                994,
                2,
                971,
                1053,
                2,
                1418,
                825,
                0,
                1418,
                951,
                0,
                1418,
                1077,
                0,
                1011,
                1083,
                0,
                1157,
                956,
                2,
                1359,
                815,
                2,
                1393,
                581,
                2,
                919,
                948,
                2,
                1063,
                867,
                2,
                1186,
                741,
                2,
                1468,
                1013,
                2,
                1508,
                630,
                0,
                1508,
                756,
                0
            ],
            "action": "sit down",
            "age": "adult",
            "disabled": false,
            "mask": false,
            "get_on": false,
            "get_off": false
        },
        {
            "id": 1,
            "bbox": [
                767,
                128,
                918,
                553
            ],
            "occluded": true,
            "num_keypoints": 16,
            "keypoints": [
                846,
                489,
                2,
                834,
                426,
                2,
                823,
                340,
                2,
                865,
                339,
                2,
                871,
                435,
                2,
                866,
                497,
                2,
                845,
                331,
                2,
                836,
                259,
                2,
                835,
                193,
                2,
                833,
                156,
                2,
                805,
                278,
                2,
                785,
                267,
                2,
                796,
                215,
                2,
                894,
                220,
                2,
                907,
                280,
                2,
                858,
                277,
                2
            ],
            "action": "stand",
            "age": "adult",
            "disabled": false,
            "mask": false,
            "get_on": false,
            "get_off": false
        }
    ]
}