{
    "info": {
        "description": "AIHub Bus Passenger Dataset",
        "year": 2020,
        "version": "1.0",
        "img_path": "",
        "width": 1920,
        "height": 1080,
        "G-Sensor": "-27,57,936",
        "Gyro": "0,0,0"
    },
    "annotations": [
        {
            "id": 1,
            "bbox": [
                807,
                100,
                1174,
                1013
            ],
            "occluded": true,
            "num_keypoints": 16,
            "keypoints": [
                1041,
                970,
                1,
                1027,
                806,
                1,
                956,
                587,
                2,
                998,
                576,
                2,
                954,
                823,
                1,
                906,
                979,
                1,
                986,
                577,
                2,
                1013,
                419,
                2,
                1022,
                280,
                2,
                1070,
                164,
                2,
                1128,
                566,
                1,
                956,
                518,
                2,
                918,
                346,
                2,
                1061,
                304,
                2,
                1083,
                439,
                1,
                1079,
                559,
                1
            ],
            "action": "walk",
            "age": "adult",
            "disabled": false,
            "mask": false,
            "get_on": false,
            "get_off": false
        },
        {
            "id": 0,
            "bbox": [
                660,
                475,
                1560,
                1079
            ],
            "occluded": true,
            "num_keypoints": 16,
            "keypoints": [
                884,
                1072,
                0,
                756,
                989,
                1,
                968,
                1048,
                2,
                1415,
                820,
                0,
                1415,
                946,
                0,
                1415,
                1072,
                0,
                1008,
                1078,
                0,
                1159,
                955,
                2,
                1318,
                801,
                2,
                1303,
                580,
                2,
                818,
                925,
                2,
                999,
                855,
                2,
                1183,
                735,
                2,
                1465,
                1008,
                2,
                1505,
                625,
                0,
                1505,
                751,
                0
            ],
            "action": "sit down",
            "age": "adult",
            "disabled": false,
            "mask": false,
            "get_on": false,
            "get_off": false
        }
    ]
}