{
    "info": {
        "description": "AIHub Bus Passenger Dataset",
        "year": 2020,
        "version": "1.0",
        "img_path": "",
        "width": 1920,
        "height": 1080,
        "G-Sensor": "-39,57,941",
        "Gyro": "0,0,0"
    },
    "annotations": [
        {
            "id": 0,
            "bbox": [
                688,
                495,
                1505,
                1078
            ],
            "occluded": true,
            "num_keypoints": 16,
            "keypoints": [
                884,
                1071,
                0,
                756,
                988,
                2,
                968,
                1047,
                2,
                1415,
                819,
                0,
                1415,
                945,
                0,
                1415,
                1071,
                0,
                1008,
                1077,
                0,
                1166,
                920,
                2,
                1295,
                853,
                2,
                1370,
                600,
                2,
                903,
                903,
                2,
                983,
                840,
                2,
                1156,
                727,
                2,
                1419,
                1000,
                2,
                1505,
                624,
                0,
                1505,
                750,
                0
            ],
            "action": "sit down",
            "age": "adult",
            "disabled": false,
            "mask": false,
            "get_on": false,
            "get_off": false
        }
    ]
}