{
    "info": {
        "description": "AIHub Bus Passenger Dataset",
        "year": 2020,
        "version": "1.0",
        "img_path": "",
        "width": 1920,
        "height": 1080,
        "G-Sensor": "-33,55,945",
        "Gyro": "0,0,0"
    },
    "annotations": [
        {
            "id": 1,
            "bbox": [
                830,
                145,
                1018,
                631
            ],
            "occluded": true,
            "num_keypoints": 16,
            "keypoints": [
                938,
                584,
                2,
                954,
                485,
                2,
                946,
                410,
                2,
                893,
                405,
                2,
                891,
                483,
                2,
                893,
                585,
                2,
                920,
                399,
                2,
                934,
                304,
                2,
                926,
                217,
                2,
                929,
                173,
                2,
                1002,
                378,
                1,
                1004,
                322,
                1,
                990,
                239,
                2,
                873,
                236,
                2,
                848,
                338,
                2,
                866,
                376,
                1
            ],
            "action": "walk",
            "age": "adult",
            "disabled": false,
            "mask": false,
            "get_on": false,
            "get_off": false
        },
        {
            "id": 0,
            "bbox": [
                439,
                608,
                1335,
                1079
            ],
            "occluded": true,
            "num_keypoints": 16,
            "keypoints": [
                885,
                1072,
                0,
                761,
                998,
                2,
                969,
                1048,
                2,
                1416,
                820,
                0,
                1416,
                946,
                0,
                1416,
                1072,
                0,
                1009,
                1078,
                0,
                1041,
                1040,
                2,
                961,
                971,
                2,
                928,
                731,
                2,
                610,
                930,
                2,
                800,
                856,
                1,
                1053,
                755,
                1,
                1291,
                1053,
                0,
                1506,
                625,
                0,
                1506,
                751,
                0
            ],
            "action": "sit down",
            "age": "adult",
            "disabled": false,
            "mask": false,
            "get_on": false,
            "get_off": false
        }
    ]
}