{
    "info": {
        "description": "AIHub Bus Passenger Dataset",
        "year": 2020,
        "version": "1.0",
        "img_path": "",
        "width": 1920,
        "height": 1080,
        "G-Sensor": "-37,57,947",
        "Gyro": "0,0,0"
    },
    "annotations": [
        {
            "id": 1,
            "bbox": [
                764,
                134,
                922,
                585
            ],
            "occluded": true,
            "num_keypoints": 16,
            "keypoints": [
                846,
                500,
                1,
                832,
                440,
                2,
                819,
                359,
                2,
                864,
                358,
                2,
                854,
                457,
                2,
                846,
                533,
                2,
                843,
                350,
                2,
                833,
                269,
                2,
                832,
                199,
                2,
                830,
                158,
                2,
                800,
                292,
                2,
                778,
                280,
                2,
                790,
                223,
                2,
                896,
                228,
                2,
                905,
                279,
                2,
                855,
                291,
                2
            ],
            "action": "walk",
            "age": "adult",
            "disabled": false,
            "mask": false,
            "get_on": false,
            "get_off": false
        },
        {
            "id": 0,
            "bbox": [
                696,
                456,
                1560,
                1079
            ],
            "occluded": true,
            "num_keypoints": 16,
            "keypoints": [
                884,
                1072,
                0,
                756,
                989,
                2,
                968,
                1048,
                2,
                1415,
                820,
                0,
                1415,
                946,
                0,
                1415,
                1072,
                0,
                1008,
                1078,
                0,
                1154,
                951,
                2,
                1355,
                816,
                2,
                1395,
                579,
                2,
                913,
                939,
                2,
                1060,
                862,
                2,
                1183,
                736,
                2,
                1465,
                1008,
                2,
                1505,
                625,
                0,
                1505,
                751,
                0
            ],
            "action": "sit down",
            "age": "adult",
            "disabled": false,
            "mask": false,
            "get_on": false,
            "get_off": false
        }
    ]
}