{
    "info": {
        "description": "AIHub Bus Passenger Dataset",
        "year": 2020,
        "version": "1.0",
        "img_path": "",
        "width": 1920,
        "height": 1080,
        "G-Sensor": "-27,57,936",
        "Gyro": "0,0,0"
    },
    "annotations": [
        {
            "id": 1,
            "bbox": [
                888,
                139,
                1310,
                1045
            ],
            "occluded": true,
            "num_keypoints": 16,
            "keypoints": [
                1019,
                1009,
                1,
                1064,
                834,
                1,
                1098,
                623,
                2,
                1140,
                612,
                2,
                1219,
                812,
                1,
                1241,
                1011,
                1,
                1128,
                613,
                2,
                1120,
                476,
                2,
                1147,
                308,
                2,
                1212,
                200,
                2,
                1122,
                658,
                1,
                1033,
                551,
                2,
                1044,
                386,
                2,
                1160,
                343,
                1,
                1096,
                514,
                1,
                1080,
                623,
                1
            ],
            "action": "walk",
            "age": "adult",
            "disabled": false,
            "mask": false,
            "get_on": false,
            "get_off": false
        },
        {
            "id": 0,
            "bbox": [
                660,
                475,
                1560,
                1079
            ],
            "occluded": true,
            "num_keypoints": 16,
            "keypoints": [
                884,
                1072,
                0,
                756,
                989,
                1,
                968,
                1048,
                2,
                1415,
                820,
                0,
                1415,
                946,
                0,
                1415,
                1072,
                0,
                1008,
                1078,
                0,
                1159,
                955,
                2,
                1318,
                801,
                2,
                1310,
                579,
                2,
                818,
                925,
                2,
                999,
                855,
                2,
                1183,
                735,
                2,
                1465,
                1008,
                2,
                1505,
                625,
                0,
                1505,
                751,
                0
            ],
            "action": "sit down",
            "age": "adult",
            "disabled": false,
            "mask": false,
            "get_on": false,
            "get_off": false
        }
    ]
}