{
    "info": {
        "description": "AIHub Bus Passenger Dataset",
        "year": 2020,
        "version": "1.0",
        "img_path": "",
        "width": 1920,
        "height": 1080,
        "G-Sensor": "-35,55,947",
        "Gyro": "0,0,0"
    },
    "annotations": [
        {
            "id": 1,
            "bbox": [
                747,
                147,
                929,
                639
            ],
            "occluded": true,
            "num_keypoints": 16,
            "keypoints": [
                784,
                582,
                2,
                788,
                472,
                2,
                810,
                375,
                2,
                863,
                380,
                2,
                848,
                481,
                2,
                843,
                566,
                2,
                836,
                366,
                2,
                833,
                307,
                2,
                843,
                225,
                2,
                852,
                179,
                2,
                787,
                329,
                2,
                762,
                293,
                2,
                778,
                234,
                2,
                901,
                259,
                2,
                901,
                323,
                2,
                860,
                334,
                2
            ],
            "action": "walk",
            "age": "adult",
            "disabled": false,
            "mask": false,
            "get_on": false,
            "get_off": false
        },
        {
            "id": 0,
            "bbox": [
                574,
                459,
                1560,
                1079
            ],
            "occluded": true,
            "num_keypoints": 16,
            "keypoints": [
                884,
                1072,
                0,
                756,
                989,
                2,
                968,
                1048,
                2,
                1415,
                820,
                0,
                1415,
                946,
                0,
                1415,
                1072,
                0,
                1008,
                1078,
                0,
                1165,
                961,
                2,
                1363,
                825,
                2,
                1406,
                590,
                2,
                781,
                808,
                2,
                983,
                804,
                2,
                1183,
                735,
                2,
                1465,
                1008,
                2,
                1505,
                625,
                0,
                1505,
                751,
                0
            ],
            "action": "sit down",
            "age": "adult",
            "disabled": false,
            "mask": false,
            "get_on": false,
            "get_off": false
        }
    ]
}