{
    "info": {
        "description": "AIHub Bus Passenger Dataset",
        "year": 2020,
        "version": "1.0",
        "img_path": "",
        "width": 1920,
        "height": 1080,
        "G-Sensor": "-37,55,938",
        "Gyro": "0,0,0"
    },
    "annotations": [
        {
            "id": 1,
            "bbox": [
                745,
                115,
                1045,
                970
            ],
            "occluded": true,
            "num_keypoints": 16,
            "keypoints": [
                960,
                861,
                1,
                959,
                725,
                1,
                960,
                578,
                1,
                894,
                584,
                1,
                860,
                775,
                1,
                874,
                953,
                1,
                928,
                571,
                1,
                933,
                412,
                2,
                890,
                231,
                2,
                849,
                156,
                2,
                968,
                545,
                1,
                989,
                438,
                1,
                994,
                266,
                2,
                863,
                339,
                2,
                843,
                508,
                2,
                790,
                653,
                2
            ],
            "action": "walk",
            "age": "adult",
            "disabled": false,
            "mask": false,
            "get_on": false,
            "get_off": false
        },
        {
            "id": 0,
            "bbox": [
                343,
                618,
                1335,
                1079
            ],
            "occluded": true,
            "num_keypoints": 16,
            "keypoints": [
                885,
                1072,
                0,
                761,
                998,
                2,
                969,
                1048,
                2,
                1416,
                820,
                0,
                1416,
                946,
                0,
                1416,
                1072,
                0,
                1009,
                1078,
                0,
                1041,
                1040,
                2,
                961,
                971,
                2,
                946,
                719,
                2,
                585,
                931,
                2,
                806,
                858,
                1,
                1053,
                755,
                1,
                1291,
                1053,
                0,
                1506,
                625,
                0,
                1506,
                751,
                0
            ],
            "action": "sit down",
            "age": "adult",
            "disabled": false,
            "mask": false,
            "get_on": false,
            "get_off": false
        }
    ]
}