{
    "info": {
        "description": "AIHub Bus Passenger Dataset",
        "year": 2020,
        "version": "1.0",
        "img_path": "",
        "width": 1920,
        "height": 1080,
        "G-Sensor": "-37,55,938",
        "Gyro": "0,0,0"
    },
    "annotations": [
        {
            "id": 1,
            "bbox": [
                864,
                127,
                1240,
                1074
            ],
            "occluded": true,
            "num_keypoints": 16,
            "keypoints": [
                1031,
                925,
                1,
                1000,
                774,
                1,
                1018,
                615,
                1,
                1075,
                634,
                1,
                1018,
                821,
                1,
                1085,
                1020,
                1,
                1050,
                624,
                1,
                1064,
                442,
                2,
                1089,
                280,
                2,
                1036,
                190,
                2,
                909,
                574,
                2,
                986,
                483,
                2,
                1049,
                329,
                2,
                1168,
                383,
                2,
                1110,
                588,
                2,
                974,
                656,
                1
            ],
            "action": "walk",
            "age": "adult",
            "disabled": false,
            "mask": false,
            "get_on": false,
            "get_off": false
        },
        {
            "id": 0,
            "bbox": [
                343,
                605,
                1329,
                1079
            ],
            "occluded": true,
            "num_keypoints": 16,
            "keypoints": [
                885,
                1072,
                0,
                761,
                998,
                2,
                969,
                1048,
                2,
                1416,
                820,
                0,
                1416,
                946,
                0,
                1416,
                1072,
                0,
                1009,
                1078,
                0,
                1034,
                1046,
                2,
                971,
                973,
                2,
                979,
                716,
                2,
                570,
                919,
                2,
                806,
                858,
                1,
                1066,
                749,
                1,
                1291,
                1053,
                0,
                1506,
                625,
                0,
                1506,
                751,
                0
            ],
            "action": "sit down",
            "age": "adult",
            "disabled": false,
            "mask": false,
            "get_on": false,
            "get_off": false
        }
    ]
}