{
    "info": {
        "description": "AIHub Bus Passenger Dataset",
        "year": 2020,
        "version": "1.0",
        "img_path": "",
        "width": 1920,
        "height": 1080,
        "G-Sensor": "-33,57,947",
        "Gyro": "0,0,0"
    },
    "annotations": [
        {
            "id": 0,
            "bbox": [
                437,
                608,
                1333,
                1079
            ],
            "occluded": true,
            "num_keypoints": 16,
            "keypoints": [
                883,
                1072,
                0,
                759,
                998,
                2,
                967,
                1048,
                2,
                1414,
                820,
                0,
                1414,
                946,
                0,
                1414,
                1072,
                0,
                1007,
                1078,
                0,
                1039,
                1040,
                2,
                959,
                971,
                2,
                929,
                724,
                2,
                608,
                930,
                2,
                798,
                856,
                1,
                1051,
                755,
                1,
                1289,
                1053,
                0,
                1504,
                625,
                0,
                1504,
                751,
                0
            ],
            "action": "sit down",
            "age": "adult",
            "disabled": false,
            "mask": false,
            "get_on": false,
            "get_off": false
        }
    ]
}