{
    "info": {
        "description": "AIHub Bus Passenger Dataset",
        "year": 2020,
        "version": "1.0",
        "img_path": "",
        "width": 1920,
        "height": 1080,
        "G-Sensor": "-31,55,949",
        "Gyro": "0,0,0"
    },
    "annotations": [
        {
            "id": 1,
            "bbox": [
                975,
                139,
                1390,
                1049
            ],
            "occluded": true,
            "num_keypoints": 16,
            "keypoints": [
                1139,
                1021,
                1,
                1203,
                829,
                1,
                1158,
                623,
                2,
                1200,
                612,
                2,
                1245,
                820,
                1,
                1239,
                1029,
                1,
                1188,
                613,
                2,
                1214,
                482,
                2,
                1259,
                303,
                2,
                1324,
                208,
                2,
                1138,
                654,
                1,
                1051,
                531,
                2,
                1113,
                389,
                2,
                1273,
                349,
                1,
                1263,
                534,
                1,
                1304,
                658,
                1
            ],
            "action": "walk",
            "age": "adult",
            "disabled": false,
            "mask": false,
            "get_on": false,
            "get_off": false
        },
        {
            "id": 0,
            "bbox": [
                660,
                468,
                1560,
                1079
            ],
            "occluded": true,
            "num_keypoints": 16,
            "keypoints": [
                884,
                1072,
                0,
                756,
                989,
                1,
                968,
                1048,
                2,
                1415,
                820,
                0,
                1415,
                946,
                0,
                1415,
                1072,
                0,
                1008,
                1078,
                0,
                1165,
                961,
                2,
                1355,
                818,
                2,
                1375,
                575,
                2,
                818,
                925,
                2,
                999,
                855,
                2,
                1183,
                735,
                2,
                1465,
                1008,
                2,
                1505,
                625,
                0,
                1505,
                751,
                0
            ],
            "action": "sit down",
            "age": "adult",
            "disabled": false,
            "mask": false,
            "get_on": false,
            "get_off": false
        }
    ]
}