{
    "info": {
        "description": "AIHub Bus Passenger Dataset",
        "year": 2020,
        "version": "1.0",
        "img_path": "",
        "width": 1920,
        "height": 1080,
        "G-Sensor": "-33,55,939",
        "Gyro": "0,0,0"
    },
    "annotations": [
        {
            "id": 1,
            "bbox": [
                631,
                158,
                966,
                793
            ],
            "occluded": true,
            "num_keypoints": 16,
            "keypoints": [
                749,
                677,
                2,
                737,
                643,
                2,
                746,
                505,
                2,
                826,
                499,
                2,
                807,
                640,
                2,
                796,
                760,
                1,
                785,
                490,
                2,
                763,
                407,
                2,
                764,
                308,
                2,
                771,
                215,
                2,
                695,
                462,
                2,
                653,
                407,
                2,
                682,
                314,
                2,
                849,
                296,
                2,
                944,
                367,
                2,
                915,
                468,
                2
            ],
            "action": "walk",
            "age": "adult",
            "disabled": false,
            "mask": false,
            "get_on": false,
            "get_off": false
        },
        {
            "id": 0,
            "bbox": [
                650,
                459,
                1560,
                1079
            ],
            "occluded": true,
            "num_keypoints": 16,
            "keypoints": [
                884,
                1072,
                0,
                756,
                989,
                1,
                968,
                1048,
                2,
                1415,
                820,
                0,
                1415,
                946,
                0,
                1415,
                1072,
                0,
                1008,
                1078,
                0,
                1165,
                961,
                2,
                1365,
                820,
                2,
                1396,
                584,
                2,
                818,
                925,
                2,
                999,
                855,
                2,
                1183,
                735,
                2,
                1465,
                1008,
                2,
                1505,
                625,
                0,
                1505,
                751,
                0
            ],
            "action": "sit down",
            "age": "adult",
            "disabled": false,
            "mask": false,
            "get_on": false,
            "get_off": false
        }
    ]
}