{
    "info": {
        "description": "AIHub Bus Passenger Dataset",
        "year": 2020,
        "version": "1.0",
        "img_path": "",
        "width": 1920,
        "height": 1080,
        "G-Sensor": "-33,59,949",
        "Gyro": "0,0,0"
    },
    "annotations": [
        {
            "id": 0,
            "bbox": [
                483,
                486,
                1553,
                1079
            ],
            "occluded": true,
            "num_keypoints": 16,
            "keypoints": [
                884,
                1072,
                0,
                756,
                989,
                2,
                968,
                1048,
                2,
                1415,
                820,
                0,
                1415,
                946,
                0,
                1415,
                1072,
                0,
                1008,
                1078,
                0,
                1119,
                953,
                2,
                1326,
                814,
                2,
                1426,
                600,
                2,
                706,
                835,
                2,
                936,
                796,
                2,
                1165,
                733,
                2,
                1410,
                998,
                2,
                1505,
                625,
                0,
                1505,
                751,
                0
            ],
            "action": "sit down",
            "age": "adult",
            "disabled": false,
            "mask": false,
            "get_on": false,
            "get_off": false
        }
    ]
}