{
    "info": {
        "description": "AIHub Bus Passenger Dataset",
        "year": 2020,
        "version": "1.0",
        "img_path": "",
        "width": 1920,
        "height": 1080,
        "G-Sensor": "-39,55,951",
        "Gyro": "0,0,0"
    },
    "annotations": [
        {
            "id": 0,
            "bbox": [
                691,
                536,
                1398,
                1079
            ],
            "occluded": true,
            "num_keypoints": 16,
            "keypoints": [
                884,
                1072,
                0,
                753,
                989,
                2,
                968,
                1048,
                2,
                1415,
                820,
                0,
                1415,
                946,
                0,
                1415,
                1072,
                0,
                1008,
                1078,
                0,
                1060,
                1003,
                2,
                1123,
                909,
                2,
                1189,
                656,
                2,
                896,
                766,
                2,
                908,
                855,
                2,
                1095,
                805,
                1,
                1290,
                1053,
                2,
                1505,
                625,
                0,
                1505,
                751,
                0
            ],
            "action": "sit down",
            "age": "adult",
            "disabled": false,
            "mask": false,
            "get_on": false,
            "get_off": false
        }
    ]
}