{
    "info": {
        "description": "AIHub Bus Passenger Dataset",
        "year": 2020,
        "version": "1.0",
        "img_path": "",
        "width": 1920,
        "height": 1080,
        "G-Sensor": "-37,57,947",
        "Gyro": "0,0,0"
    },
    "annotations": [
        {
            "id": 1,
            "bbox": [
                755,
                147,
                924,
                615
            ],
            "occluded": true,
            "num_keypoints": 16,
            "keypoints": [
                841,
                485,
                1,
                813,
                445,
                2,
                819,
                368,
                2,
                864,
                367,
                2,
                850,
                475,
                2,
                839,
                556,
                2,
                843,
                359,
                2,
                839,
                282,
                2,
                844,
                217,
                2,
                850,
                174,
                2,
                800,
                301,
                2,
                775,
                289,
                2,
                790,
                232,
                2,
                896,
                237,
                2,
                906,
                302,
                2,
                861,
                320,
                2
            ],
            "action": "walk",
            "age": "adult",
            "disabled": false,
            "mask": false,
            "get_on": false,
            "get_off": false
        },
        {
            "id": 0,
            "bbox": [
                605,
                456,
                1560,
                1079
            ],
            "occluded": true,
            "num_keypoints": 16,
            "keypoints": [
                884,
                1072,
                0,
                756,
                989,
                2,
                964,
                1030,
                2,
                1415,
                820,
                0,
                1415,
                946,
                0,
                1415,
                1072,
                0,
                1008,
                1078,
                0,
                1154,
                951,
                2,
                1358,
                819,
                2,
                1395,
                579,
                2,
                801,
                709,
                2,
                991,
                779,
                2,
                1183,
                736,
                2,
                1465,
                1008,
                2,
                1505,
                625,
                0,
                1505,
                751,
                0
            ],
            "action": "sit down",
            "age": "adult",
            "disabled": false,
            "mask": false,
            "get_on": false,
            "get_off": false
        }
    ]
}