{
    "info": {
        "description": "AIHub Bus Passenger Dataset",
        "year": 2020,
        "version": "1.0",
        "img_path": "",
        "width": 1920,
        "height": 1080,
        "G-Sensor": "-35,55,947",
        "Gyro": "0,0,0"
    },
    "annotations": [
        {
            "id": 1,
            "bbox": [
                675,
                178,
                907,
                735
            ],
            "occluded": true,
            "num_keypoints": 16,
            "keypoints": [
                789,
                686,
                2,
                765,
                580,
                2,
                765,
                459,
                2,
                839,
                456,
                2,
                836,
                568,
                2,
                806,
                642,
                2,
                806,
                456,
                2,
                783,
                374,
                2,
                769,
                286,
                2,
                766,
                223,
                2,
                742,
                412,
                2,
                695,
                388,
                2,
                712,
                297,
                2,
                839,
                294,
                2,
                889,
                365,
                2,
                833,
                409,
                2
            ],
            "action": "walk",
            "age": "adult",
            "disabled": false,
            "mask": false,
            "get_on": false,
            "get_off": false
        },
        {
            "id": 0,
            "bbox": [
                644,
                459,
                1560,
                1079
            ],
            "occluded": true,
            "num_keypoints": 16,
            "keypoints": [
                884,
                1072,
                0,
                756,
                989,
                1,
                968,
                1048,
                2,
                1415,
                820,
                0,
                1415,
                946,
                0,
                1415,
                1072,
                0,
                1008,
                1078,
                0,
                1165,
                961,
                2,
                1365,
                818,
                2,
                1396,
                584,
                2,
                818,
                925,
                2,
                999,
                855,
                2,
                1183,
                735,
                2,
                1465,
                1008,
                2,
                1505,
                625,
                0,
                1505,
                751,
                0
            ],
            "action": "sit down",
            "age": "adult",
            "disabled": false,
            "mask": false,
            "get_on": false,
            "get_off": false
        }
    ]
}