{
    "info": {
        "description": "AIHub Bus Passenger Dataset",
        "year": 2020,
        "version": "1.0",
        "img_path": "",
        "width": 1920,
        "height": 1080,
        "G-Sensor": "-41,53,951",
        "Gyro": "0,0,0"
    },
    "annotations": [
        {
            "id": 1,
            "bbox": [
                651,
                123,
                945,
                910
            ],
            "occluded": true,
            "num_keypoints": 16,
            "keypoints": [
                856,
                864,
                1,
                862,
                721,
                1,
                880,
                545,
                2,
                759,
                556,
                2,
                760,
                674,
                1,
                766,
                779,
                1,
                815,
                550,
                2,
                820,
                357,
                2,
                803,
                206,
                2,
                775,
                149,
                2,
                911,
                411,
                1,
                924,
                386,
                2,
                904,
                271,
                2,
                721,
                280,
                2,
                674,
                412,
                2,
                671,
                506,
                2
            ],
            "action": "walk",
            "age": "adult",
            "disabled": false,
            "mask": false,
            "get_on": false,
            "get_off": false
        },
        {
            "id": 0,
            "bbox": [
                390,
                608,
                1335,
                1079
            ],
            "occluded": true,
            "num_keypoints": 16,
            "keypoints": [
                885,
                1072,
                0,
                761,
                998,
                2,
                969,
                1048,
                2,
                1416,
                820,
                0,
                1416,
                946,
                0,
                1416,
                1072,
                0,
                1009,
                1078,
                0,
                1049,
                1037,
                2,
                966,
                976,
                2,
                931,
                724,
                2,
                610,
                930,
                2,
                800,
                856,
                1,
                1053,
                755,
                1,
                1291,
                1053,
                0,
                1506,
                625,
                0,
                1506,
                751,
                0
            ],
            "action": "sit down",
            "age": "adult",
            "disabled": false,
            "mask": false,
            "get_on": false,
            "get_off": false
        }
    ]
}