{
    "info": {
        "description": "AIHub Bus Passenger Dataset",
        "year": 2020,
        "version": "1.0",
        "img_path": "",
        "width": 1920,
        "height": 1080,
        "G-Sensor": "-41,53,951",
        "Gyro": "0,0,0"
    },
    "annotations": [
        {
            "id": 1,
            "bbox": [
                691,
                150,
                968,
                834
            ],
            "occluded": true,
            "num_keypoints": 16,
            "keypoints": [
                907,
                737,
                1,
                851,
                645,
                1,
                883,
                515,
                2,
                786,
                515,
                2,
                751,
                636,
                2,
                759,
                809,
                1,
                834,
                506,
                2,
                860,
                350,
                2,
                855,
                235,
                2,
                841,
                190,
                2,
                919,
                464,
                1,
                946,
                405,
                2,
                933,
                271,
                2,
                786,
                280,
                2,
                724,
                393,
                2,
                718,
                440,
                2
            ],
            "action": "walk",
            "age": "adult",
            "disabled": false,
            "mask": false,
            "get_on": false,
            "get_off": false
        },
        {
            "id": 0,
            "bbox": [
                439,
                608,
                1335,
                1079
            ],
            "occluded": true,
            "num_keypoints": 16,
            "keypoints": [
                885,
                1072,
                0,
                761,
                998,
                2,
                969,
                1048,
                2,
                1416,
                820,
                0,
                1416,
                946,
                0,
                1416,
                1072,
                0,
                1009,
                1078,
                0,
                1041,
                1040,
                2,
                961,
                971,
                2,
                931,
                724,
                2,
                610,
                930,
                2,
                800,
                856,
                1,
                1053,
                755,
                1,
                1291,
                1053,
                0,
                1506,
                625,
                0,
                1506,
                751,
                0
            ],
            "action": "sit down",
            "age": "adult",
            "disabled": false,
            "mask": false,
            "get_on": false,
            "get_off": false
        }
    ]
}