{
    "info": {
        "description": "AIHub Bus Passenger Dataset",
        "year": 2020,
        "version": "1.0",
        "img_path": "",
        "width": 1920,
        "height": 1080,
        "G-Sensor": "-33,66,949",
        "Gyro": "0,0,0"
    },
    "annotations": [
        {
            "id": 1,
            "bbox": [
                983,
                193,
                1331,
                1053
            ],
            "occluded": true,
            "num_keypoints": 16,
            "keypoints": [
                1253,
                1007,
                1,
                1240,
                870,
                1,
                1177,
                674,
                1,
                1104,
                614,
                1,
                1113,
                839,
                1,
                1079,
                1034,
                1,
                1140,
                639,
                1,
                1135,
                451,
                2,
                1222,
                308,
                2,
                1242,
                237,
                2,
                1171,
                760,
                1,
                1193,
                589,
                1,
                1224,
                436,
                2,
                1149,
                369,
                2,
                1079,
                482,
                2,
                1023,
                486,
                2
            ],
            "action": "walk",
            "age": "adult",
            "disabled": false,
            "mask": false,
            "get_on": false,
            "get_off": false
        },
        {
            "id": 0,
            "bbox": [
                681,
                447,
                1466,
                1075
            ],
            "occluded": true,
            "num_keypoints": 16,
            "keypoints": [
                821,
                1075,
                0,
                740,
                986,
                1,
                979,
                1014,
                2,
                1292,
                819,
                0,
                1292,
                947,
                0,
                1292,
                1075,
                0,
                986,
                1056,
                2,
                1040,
                930,
                2,
                1200,
                777,
                2,
                1196,
                583,
                2,
                812,
                931,
                2,
                1004,
                864,
                2,
                1127,
                747,
                1,
                1324,
                952,
                2,
                1372,
                621,
                0,
                1372,
                749,
                0
            ],
            "action": "sit down",
            "age": "adult",
            "disabled": false,
            "mask": false,
            "get_on": false,
            "get_off": false
        }
    ]
}