{
    "info": {
        "description": "AIHub Bus Passenger Dataset",
        "year": 2020,
        "version": "1.0",
        "img_path": "",
        "width": 1920,
        "height": 1080,
        "G-Sensor": "-35,63,945",
        "Gyro": "0,0,0"
    },
    "annotations": [
        {
            "id": 0,
            "bbox": [
                683,
                322,
                1510,
                1079
            ],
            "occluded": true,
            "num_keypoints": 16,
            "keypoints": [
                821,
                1075,
                0,
                740,
                986,
                2,
                979,
                1014,
                2,
                1292,
                819,
                0,
                1292,
                947,
                0,
                1292,
                1075,
                0,
                986,
                1056,
                2,
                1069,
                900,
                2,
                1244,
                816,
                2,
                1329,
                664,
                2,
                939,
                573,
                2,
                984,
                699,
                2,
                1133,
                727,
                2,
                1349,
                947,
                2,
                1372,
                621,
                0,
                1372,
                749,
                0
            ],
            "action": "sit down",
            "age": "adult",
            "disabled": false,
            "mask": false,
            "get_on": false,
            "get_off": false
        }
    ]
}