{
    "info": {
        "description": "AIHub Bus Passenger Dataset",
        "year": 2020,
        "version": "1.0",
        "img_path": "",
        "width": 1920,
        "height": 1080,
        "G-Sensor": "-35,63,949",
        "Gyro": "0,0,0"
    },
    "annotations": [
        {
            "id": 0,
            "bbox": [
                633,
                469,
                1471,
                1079
            ],
            "occluded": true,
            "num_keypoints": 16,
            "keypoints": [
                821,
                1075,
                0,
                731,
                986,
                2,
                979,
                1014,
                2,
                1293,
                819,
                0,
                1293,
                947,
                0,
                1293,
                1075,
                0,
                986,
                1056,
                2,
                1029,
                930,
                2,
                1205,
                850,
                2,
                1276,
                649,
                2,
                811,
                923,
                2,
                1006,
                850,
                2,
                1104,
                742,
                2,
                1342,
                976,
                2,
                1373,
                621,
                0,
                1373,
                749,
                0
            ],
            "action": "sit down",
            "age": "adult",
            "disabled": false,
            "mask": false,
            "get_on": false,
            "get_off": false
        }
    ]
}