{
    "info": {
        "description": "AIHub Bus Passenger Dataset",
        "year": 2020,
        "version": "1.0",
        "img_path": "",
        "width": 1920,
        "height": 1080,
        "G-Sensor": "-2,57,1018",
        "Gyro": "0,-1,0"
    },
    "annotations": [
        {
            "id": 0,
            "bbox": [
                620,
                480,
                1431,
                1079
            ],
            "occluded": true,
            "num_keypoints": 16,
            "keypoints": [
                821,
                1075,
                0,
                723,
                973,
                2,
                979,
                1014,
                2,
                1293,
                819,
                0,
                1293,
                947,
                0,
                1293,
                1075,
                0,
                986,
                1056,
                2,
                1036,
                963,
                2,
                1177,
                844,
                2,
                1241,
                654,
                2,
                876,
                902,
                0,
                886,
                913,
                2,
                1040,
                759,
                2,
                1343,
                994,
                2,
                1373,
                621,
                0,
                1373,
                749,
                0
            ],
            "action": "sit down",
            "age": "adult",
            "disabled": false,
            "mask": false,
            "get_on": false,
            "get_off": false
        }
    ]
}