{
    "info": {
        "description": "AIHub Bus Passenger Dataset",
        "year": 2020,
        "version": "1.0",
        "img_path": "",
        "width": 1920,
        "height": 1080,
        "G-Sensor": "-2,57,1018",
        "Gyro": "0,-1,0"
    },
    "annotations": [
        {
            "id": 0,
            "bbox": [
                564,
                477,
                1431,
                1079
            ],
            "occluded": true,
            "num_keypoints": 16,
            "keypoints": [
                821,
                1075,
                0,
                723,
                973,
                1,
                979,
                1014,
                2,
                1293,
                819,
                0,
                1293,
                947,
                0,
                1293,
                1075,
                0,
                986,
                1056,
                2,
                1016,
                945,
                2,
                1167,
                847,
                2,
                1224,
                680,
                2,
                689,
                967,
                2,
                861,
                834,
                2,
                1047,
                736,
                2,
                1319,
                986,
                2,
                1373,
                621,
                0,
                1373,
                749,
                0
            ],
            "action": "sit down",
            "age": "adult",
            "disabled": false,
            "mask": false,
            "get_on": false,
            "get_off": false
        }
    ]
}