{
    "info": {
        "description": "AIHub Bus Passenger Dataset",
        "year": 2020,
        "version": "1.0",
        "img_path": "",
        "width": 1920,
        "height": 1080,
        "G-Sensor": "-35,64,947",
        "Gyro": "0,0,0"
    },
    "annotations": [
        {
            "id": 1,
            "bbox": [
                829,
                209,
                1024,
                676
            ],
            "occluded": true,
            "num_keypoints": 16,
            "keypoints": [
                929,
                649,
                1,
                923,
                564,
                1,
                921,
                469,
                1,
                870,
                464,
                1,
                872,
                568,
                1,
                831,
                640,
                1,
                898,
                467,
                1,
                890,
                358,
                2,
                904,
                282,
                2,
                919,
                238,
                2,
                1001,
                470,
                1,
                959,
                411,
                1,
                939,
                325,
                2,
                860,
                317,
                2,
                844,
                393,
                2,
                870,
                434,
                1
            ],
            "action": "walk",
            "age": "adult",
            "disabled": false,
            "mask": false,
            "get_on": false,
            "get_off": false
        },
        {
            "id": 0,
            "bbox": [
                513,
                397,
                1276,
                1079
            ],
            "occluded": true,
            "num_keypoints": 16,
            "keypoints": [
                822,
                1075,
                0,
                724,
                973,
                2,
                1000,
                1006,
                2,
                1294,
                819,
                0,
                1294,
                947,
                0,
                1294,
                1075,
                0,
                1007,
                1056,
                2,
                1165,
                889,
                2,
                991,
                723,
                2,
                964,
                544,
                2,
                696,
                869,
                2,
                884,
                842,
                1,
                1123,
                646,
                2,
                941,
                917,
                2,
                1374,
                621,
                0,
                1374,
                749,
                0
            ],
            "action": "sit down",
            "age": "adult",
            "disabled": false,
            "mask": false,
            "get_on": false,
            "get_off": false
        }
    ]
}