{
    "info": {
        "description": "AIHub Bus Passenger Dataset",
        "year": 2020,
        "version": "1.0",
        "img_path": "",
        "width": 1920,
        "height": 1080,
        "G-Sensor": "-35,63,949",
        "Gyro": "0,0,0"
    },
    "annotations": [
        {
            "id": 0,
            "bbox": [
                371,
                453,
                1424,
                1079
            ],
            "occluded": true,
            "num_keypoints": 16,
            "keypoints": [
                821,
                1075,
                0,
                723,
                973,
                2,
                979,
                1014,
                2,
                1293,
                819,
                0,
                1293,
                947,
                0,
                1293,
                1075,
                0,
                986,
                1056,
                2,
                1035,
                921,
                2,
                1184,
                824,
                2,
                1201,
                634,
                2,
                830,
                926,
                2,
                979,
                864,
                2,
                1109,
                754,
                1,
                1299,
                984,
                2,
                1373,
                621,
                0,
                1373,
                749,
                0
            ],
            "action": "sit down",
            "age": "adult",
            "disabled": false,
            "mask": false,
            "get_on": false,
            "get_off": false
        }
    ]
}