{
    "info": {
        "description": "AIHub Bus Passenger Dataset",
        "year": 2020,
        "version": "1.0",
        "img_path": "",
        "width": 1920,
        "height": 1080,
        "G-Sensor": "-35,63,947",
        "Gyro": "0,0,0"
    },
    "annotations": [
        {
            "id": 1,
            "bbox": [
                749,
                224,
                958,
                759
            ],
            "occluded": true,
            "num_keypoints": 16,
            "keypoints": [
                866,
                606,
                2,
                820,
                587,
                1,
                801,
                506,
                2,
                854,
                506,
                2,
                818,
                624,
                2,
                818,
                739,
                1,
                827,
                506,
                2,
                822,
                402,
                2,
                826,
                323,
                2,
                827,
                276,
                2,
                762,
                462,
                1,
                773,
                404,
                2,
                786,
                335,
                2,
                883,
                338,
                2,
                942,
                388,
                2,
                927,
                433,
                2
            ],
            "action": "walk",
            "age": "adult",
            "disabled": false,
            "mask": false,
            "get_on": false,
            "get_off": false
        },
        {
            "id": 0,
            "bbox": [
                681,
                446,
                1470,
                1075
            ],
            "occluded": true,
            "num_keypoints": 16,
            "keypoints": [
                821,
                1075,
                0,
                740,
                986,
                1,
                979,
                1014,
                2,
                1292,
                819,
                0,
                1292,
                947,
                0,
                1292,
                1075,
                0,
                986,
                1056,
                2,
                1044,
                914,
                2,
                1223,
                754,
                2,
                1260,
                574,
                2,
                812,
                931,
                2,
                1004,
                864,
                2,
                1127,
                747,
                1,
                1324,
                952,
                2,
                1372,
                621,
                0,
                1372,
                749,
                0
            ],
            "action": "sit down",
            "age": "adult",
            "disabled": false,
            "mask": false,
            "get_on": false,
            "get_off": false
        }
    ]
}