{
    "info": {
        "description": "AIHub Bus Passenger Dataset",
        "year": 2020,
        "version": "1.0",
        "img_path": "",
        "width": 1920,
        "height": 1080,
        "G-Sensor": "-39,63,951",
        "Gyro": "0,0,0"
    },
    "annotations": [
        {
            "id": 1,
            "bbox": [
                616,
                164,
                1018,
                890
            ],
            "occluded": true,
            "num_keypoints": 16,
            "keypoints": [
                769,
                870,
                1,
                762,
                718,
                1,
                742,
                565,
                2,
                836,
                556,
                2,
                842,
                712,
                1,
                813,
                813,
                1,
                789,
                559,
                2,
                787,
                416,
                2,
                789,
                300,
                2,
                801,
                227,
                2,
                668,
                474,
                2,
                648,
                439,
                2,
                701,
                341,
                2,
                857,
                315,
                2,
                901,
                409,
                2,
                977,
                409,
                2
            ],
            "action": "walk",
            "age": "adult",
            "disabled": false,
            "mask": false,
            "get_on": false,
            "get_off": false
        },
        {
            "id": 0,
            "bbox": [
                681,
                446,
                1470,
                1075
            ],
            "occluded": true,
            "num_keypoints": 16,
            "keypoints": [
                821,
                1075,
                0,
                740,
                986,
                1,
                979,
                1014,
                2,
                1292,
                819,
                0,
                1292,
                947,
                0,
                1292,
                1075,
                0,
                986,
                1056,
                2,
                1044,
                921,
                2,
                1220,
                762,
                2,
                1260,
                574,
                2,
                812,
                931,
                2,
                1004,
                864,
                2,
                1127,
                747,
                1,
                1324,
                952,
                2,
                1372,
                621,
                0,
                1372,
                749,
                0
            ],
            "action": "sit down",
            "age": "adult",
            "disabled": false,
            "mask": false,
            "get_on": false,
            "get_off": false
        }
    ]
}