{
    "info": {
        "description": "AIHub Bus Passenger Dataset",
        "year": 2020,
        "version": "1.0",
        "img_path": "",
        "width": 1920,
        "height": 1080,
        "G-Sensor": "-39,63,951",
        "Gyro": "0,0,0"
    },
    "annotations": [
        {
            "id": 1,
            "bbox": [
                903,
                146,
                1166,
                1024
            ],
            "occluded": true,
            "num_keypoints": 16,
            "keypoints": [
                1096,
                1019,
                1,
                1067,
                859,
                1,
                1007,
                664,
                2,
                1044,
                597,
                2,
                1039,
                836,
                1,
                986,
                1006,
                1,
                1029,
                637,
                2,
                1035,
                437,
                2,
                1026,
                297,
                2,
                1046,
                226,
                2,
                1083,
                547,
                1,
                977,
                514,
                2,
                954,
                384,
                2,
                1020,
                330,
                1,
                1079,
                474,
                1,
                1114,
                630,
                1
            ],
            "action": "walk",
            "age": "adult",
            "disabled": false,
            "mask": false,
            "get_on": false,
            "get_off": false
        },
        {
            "id": 0,
            "bbox": [
                681,
                447,
                1466,
                1075
            ],
            "occluded": true,
            "num_keypoints": 16,
            "keypoints": [
                821,
                1075,
                0,
                740,
                986,
                1,
                979,
                1014,
                2,
                1292,
                819,
                0,
                1292,
                947,
                0,
                1292,
                1075,
                0,
                986,
                1056,
                2,
                1045,
                905,
                2,
                1207,
                762,
                2,
                1206,
                580,
                2,
                812,
                931,
                2,
                1004,
                864,
                2,
                1127,
                747,
                1,
                1324,
                952,
                2,
                1372,
                621,
                0,
                1372,
                749,
                0
            ],
            "action": "sit down",
            "age": "adult",
            "disabled": false,
            "mask": false,
            "get_on": false,
            "get_off": false
        }
    ]
}