{
    "info": {
        "description": "AIHub Bus Passenger Dataset",
        "year": 2020,
        "version": "1.0",
        "img_path": "",
        "width": 1920,
        "height": 1080,
        "G-Sensor": "-31,64,951",
        "Gyro": "0,0,0"
    },
    "annotations": [
        {
            "id": 1,
            "bbox": [
                690,
                144,
                1099,
                772
            ],
            "occluded": true,
            "num_keypoints": 16,
            "keypoints": [
                824,
                742,
                1,
                821,
                596,
                2,
                838,
                479,
                2,
                754,
                484,
                2,
                787,
                572,
                2,
                766,
                693,
                2,
                790,
                469,
                2,
                783,
                327,
                2,
                799,
                239,
                2,
                820,
                189,
                2,
                1039,
                339,
                2,
                910,
                354,
                2,
                859,
                281,
                2,
                723,
                298,
                2,
                708,
                417,
                2,
                756,
                452,
                1
            ],
            "action": "walk",
            "age": "adult",
            "disabled": false,
            "mask": false,
            "get_on": false,
            "get_off": false
        },
        {
            "id": 0,
            "bbox": [
                507,
                355,
                1251,
                1078
            ],
            "occluded": true,
            "num_keypoints": 16,
            "keypoints": [
                820,
                1074,
                0,
                722,
                972,
                2,
                998,
                1005,
                2,
                1292,
                818,
                0,
                1292,
                946,
                0,
                1292,
                1074,
                0,
                985,
                1055,
                2,
                1118,
                785,
                2,
                994,
                596,
                2,
                968,
                458,
                2,
                694,
                868,
                2,
                867,
                795,
                1,
                1128,
                596,
                2,
                918,
                765,
                2,
                1372,
                620,
                0,
                1372,
                748,
                0
            ],
            "action": "sit down",
            "age": "adult",
            "disabled": false,
            "mask": false,
            "get_on": false,
            "get_off": false
        }
    ]
}