{
    "info": {
        "description": "AIHub Bus Passenger Dataset",
        "year": 2020,
        "version": "1.0",
        "img_path": "",
        "width": 1920,
        "height": 1080,
        "G-Sensor": "-35,66,951",
        "Gyro": "0,0,0"
    },
    "annotations": [
        {
            "id": 1,
            "bbox": [
                789,
                186,
                963,
                668
            ],
            "occluded": true,
            "num_keypoints": 16,
            "keypoints": [
                885,
                610,
                1,
                858,
                528,
                2,
                858,
                431,
                2,
                905,
                431,
                2,
                882,
                531,
                2,
                894,
                622,
                2,
                882,
                431,
                2,
                875,
                337,
                2,
                873,
                272,
                2,
                872,
                230,
                2,
                811,
                425,
                1,
                829,
                365,
                2,
                838,
                286,
                2,
                929,
                292,
                2,
                950,
                363,
                2,
                923,
                419,
                2
            ],
            "action": "walk",
            "age": "adult",
            "disabled": false,
            "mask": false,
            "get_on": false,
            "get_off": false
        },
        {
            "id": 0,
            "bbox": [
                681,
                446,
                1470,
                1075
            ],
            "occluded": true,
            "num_keypoints": 16,
            "keypoints": [
                821,
                1075,
                0,
                740,
                986,
                1,
                979,
                1014,
                2,
                1292,
                819,
                0,
                1292,
                947,
                0,
                1292,
                1075,
                0,
                986,
                1056,
                2,
                1049,
                909,
                2,
                1223,
                754,
                2,
                1260,
                574,
                2,
                812,
                931,
                2,
                1004,
                864,
                2,
                1127,
                747,
                1,
                1324,
                952,
                2,
                1372,
                621,
                0,
                1372,
                749,
                0
            ],
            "action": "sit down",
            "age": "adult",
            "disabled": false,
            "mask": false,
            "get_on": false,
            "get_off": false
        }
    ]
}