{
    "info": {
        "description": "AIHub Bus Passenger Dataset",
        "year": 2020,
        "version": "1.0",
        "img_path": "",
        "width": 1920,
        "height": 1080,
        "G-Sensor": "-35,63,947",
        "Gyro": "0,0,0"
    },
    "annotations": [
        {
            "id": 0,
            "bbox": [
                381,
                616,
                1621,
                1079
            ],
            "occluded": true,
            "num_keypoints": 16,
            "keypoints": [
                823,
                1075,
                0,
                733,
                986,
                2,
                981,
                1014,
                2,
                1295,
                819,
                0,
                1295,
                947,
                0,
                1295,
                1075,
                0,
                988,
                1056,
                2,
                1121,
                1004,
                2,
                1291,
                963,
                2,
                1471,
                802,
                2,
                553,
                914,
                2,
                920,
                809,
                2,
                1204,
                729,
                2,
                1333,
                1062,
                0,
                1375,
                621,
                0,
                1375,
                749,
                0
            ],
            "action": "sit down",
            "age": "adult",
            "disabled": false,
            "mask": false,
            "get_on": false,
            "get_off": false
        }
    ]
}