{
    "info": {
        "description": "AIHub Bus Passenger Dataset",
        "year": 2020,
        "version": "1.0",
        "img_path": "",
        "width": 1920,
        "height": 1080,
        "G-Sensor": "-37,64,949",
        "Gyro": "0,0,0"
    },
    "annotations": [
        {
            "id": 1,
            "bbox": [
                891,
                147,
                1007,
                554
            ],
            "occluded": true,
            "num_keypoints": 16,
            "keypoints": [
                945,
                515,
                2,
                943,
                440,
                2,
                933,
                344,
                2,
                973,
                347,
                1,
                976,
                436,
                1,
                980,
                504,
                1,
                951,
                344,
                2,
                959,
                240,
                2,
                966,
                222,
                2,
                963,
                190,
                2,
                918,
                338,
                2,
                909,
                283,
                2,
                937,
                224,
                2,
                989,
                232,
                1,
                997,
                303,
                1,
                980,
                346,
                1
            ],
            "action": "stand",
            "age": "adult",
            "disabled": false,
            "mask": false,
            "get_on": false,
            "get_off": false
        },
        {
            "id": 0,
            "bbox": [
                681,
                440,
                1470,
                1075
            ],
            "occluded": true,
            "num_keypoints": 16,
            "keypoints": [
                821,
                1075,
                0,
                740,
                986,
                1,
                979,
                1014,
                2,
                1292,
                817,
                0,
                1292,
                946,
                0,
                1292,
                1075,
                0,
                986,
                1056,
                2,
                1039,
                921,
                2,
                1224,
                752,
                2,
                1246,
                562,
                2,
                812,
                930,
                2,
                1004,
                862,
                2,
                1127,
                744,
                1,
                1324,
                951,
                2,
                1372,
                617,
                0,
                1372,
                746,
                0
            ],
            "action": "sit down",
            "age": "adult",
            "disabled": false,
            "mask": false,
            "get_on": false,
            "get_off": false
        }
    ]
}