{
    "info": {
        "description": "AIHub Bus Passenger Dataset",
        "year": 2020,
        "version": "1.0",
        "img_path": "",
        "width": 1920,
        "height": 1080,
        "G-Sensor": "-35,63,947",
        "Gyro": "0,0,0"
    },
    "annotations": [
        {
            "id": 1,
            "bbox": [
                694,
                227,
                946,
                759
            ],
            "occluded": true,
            "num_keypoints": 16,
            "keypoints": [
                762,
                718,
                1,
                762,
                612,
                2,
                765,
                506,
                2,
                833,
                506,
                2,
                820,
                626,
                2,
                824,
                733,
                1,
                798,
                506,
                2,
                792,
                396,
                2,
                794,
                323,
                2,
                794,
                280,
                2,
                724,
                484,
                1,
                718,
                430,
                2,
                739,
                344,
                2,
                856,
                341,
                2,
                904,
                415,
                2,
                927,
                406,
                2
            ],
            "action": "walk",
            "age": "adult",
            "disabled": false,
            "mask": false,
            "get_on": false,
            "get_off": false
        },
        {
            "id": 0,
            "bbox": [
                681,
                446,
                1470,
                1075
            ],
            "occluded": true,
            "num_keypoints": 16,
            "keypoints": [
                821,
                1075,
                0,
                740,
                986,
                1,
                979,
                1014,
                2,
                1292,
                819,
                0,
                1292,
                947,
                0,
                1292,
                1075,
                0,
                986,
                1056,
                2,
                1076,
                914,
                2,
                1223,
                754,
                2,
                1260,
                574,
                2,
                812,
                931,
                2,
                1004,
                864,
                2,
                1127,
                747,
                1,
                1324,
                952,
                2,
                1372,
                621,
                0,
                1372,
                749,
                0
            ],
            "action": "sit down",
            "age": "adult",
            "disabled": false,
            "mask": false,
            "get_on": false,
            "get_off": false
        }
    ]
}