{
    "info": {
        "description": "AIHub Bus Passenger Dataset",
        "year": 2020,
        "version": "1.0",
        "img_path": "",
        "width": 1920,
        "height": 1080,
        "G-Sensor": "-37,63,949",
        "Gyro": "0,0,0"
    },
    "annotations": [
        {
            "id": 0,
            "bbox": [
                353,
                462,
                1436,
                1079
            ],
            "occluded": true,
            "num_keypoints": 16,
            "keypoints": [
                821,
                1075,
                0,
                731,
                986,
                2,
                979,
                1014,
                2,
                1293,
                819,
                0,
                1293,
                947,
                0,
                1293,
                1075,
                0,
                986,
                1056,
                2,
                1020,
                938,
                2,
                1181,
                860,
                2,
                1224,
                657,
                2,
                737,
                896,
                2,
                924,
                857,
                2,
                1074,
                734,
                1,
                1300,
                983,
                2,
                1373,
                621,
                0,
                1373,
                749,
                0
            ],
            "action": "sit down",
            "age": "adult",
            "disabled": false,
            "mask": false,
            "get_on": false,
            "get_off": false
        }
    ]
}