{
    "info": {
        "description": "AIHub Bus Passenger Dataset",
        "year": 2020,
        "version": "1.0",
        "img_path": "",
        "width": 1920,
        "height": 1080,
        "G-Sensor": "-35,64,947",
        "Gyro": "0,0,0"
    },
    "annotations": [
        {
            "id": 1,
            "bbox": [
                881,
                165,
                1024,
                599
            ],
            "occluded": true,
            "num_keypoints": 16,
            "keypoints": [
                971,
                582,
                1,
                964,
                510,
                1,
                973,
                425,
                1,
                922,
                420,
                2,
                916,
                496,
                1,
                926,
                567,
                1,
                946,
                417,
                2,
                953,
                311,
                2,
                967,
                236,
                2,
                964,
                206,
                2,
                1004,
                400,
                1,
                1004,
                346,
                1,
                999,
                274,
                1,
                912,
                273,
                2,
                899,
                344,
                2,
                916,
                369,
                1
            ],
            "action": "walk",
            "age": "adult",
            "disabled": false,
            "mask": false,
            "get_on": false,
            "get_off": false
        },
        {
            "id": 0,
            "bbox": [
                521,
                432,
                1276,
                1079
            ],
            "occluded": true,
            "num_keypoints": 16,
            "keypoints": [
                822,
                1075,
                0,
                724,
                973,
                2,
                1000,
                1006,
                2,
                1294,
                819,
                0,
                1294,
                947,
                0,
                1294,
                1075,
                0,
                1007,
                1056,
                2,
                1204,
                948,
                2,
                1000,
                773,
                2,
                927,
                590,
                2,
                709,
                886,
                2,
                891,
                864,
                1,
                1113,
                676,
                2,
                943,
                1002,
                2,
                1374,
                621,
                0,
                1374,
                749,
                0
            ],
            "action": "sit down",
            "age": "adult",
            "disabled": false,
            "mask": false,
            "get_on": false,
            "get_off": false
        }
    ]
}