{
    "info": {
        "description": "AIHub Bus Passenger Dataset",
        "year": 2020,
        "version": "1.0",
        "img_path": "",
        "width": 1920,
        "height": 1080,
        "G-Sensor": "-35,66,951",
        "Gyro": "0,0,0"
    },
    "annotations": [
        {
            "id": 0,
            "bbox": [
                569,
                460,
                1463,
                1079
            ],
            "occluded": true,
            "num_keypoints": 16,
            "keypoints": [
                822,
                1075,
                0,
                724,
                973,
                2,
                980,
                1014,
                2,
                1294,
                819,
                0,
                1294,
                947,
                0,
                1294,
                1075,
                0,
                987,
                1056,
                2,
                1035,
                923,
                2,
                1199,
                837,
                2,
                1240,
                660,
                2,
                727,
                887,
                2,
                956,
                824,
                2,
                1094,
                733,
                1,
                1383,
                963,
                2,
                1374,
                621,
                0,
                1374,
                749,
                0
            ],
            "action": "sit down",
            "age": "adult",
            "disabled": false,
            "mask": false,
            "get_on": false,
            "get_off": false
        }
    ]
}