{
    "info": {
        "description": "AIHub Bus Passenger Dataset",
        "year": 2020,
        "version": "1.0",
        "img_path": "",
        "width": 1920,
        "height": 1080,
        "G-Sensor": "-35,64,949",
        "Gyro": "0,0,0"
    },
    "annotations": [
        {
            "id": 0,
            "bbox": [
                446,
                530,
                1473,
                1079
            ],
            "occluded": true,
            "num_keypoints": 16,
            "keypoints": [
                823,
                1075,
                0,
                733,
                986,
                2,
                981,
                1014,
                2,
                1295,
                819,
                0,
                1295,
                947,
                0,
                1295,
                1075,
                0,
                988,
                1056,
                2,
                1051,
                959,
                2,
                1188,
                876,
                2,
                1257,
                756,
                2,
                616,
                879,
                2,
                886,
                787,
                2,
                1101,
                717,
                2,
                1333,
                1062,
                2,
                1375,
                621,
                0,
                1375,
                749,
                0
            ],
            "action": "sit down",
            "age": "adult",
            "disabled": false,
            "mask": false,
            "get_on": false,
            "get_off": false
        }
    ]
}