{
    "info": {
        "description": "AIHub Bus Passenger Dataset",
        "year": 2020,
        "version": "1.0",
        "img_path": "",
        "width": 1920,
        "height": 1080,
        "G-Sensor": "-37,64,949",
        "Gyro": "0,0,0"
    },
    "annotations": [
        {
            "id": 1,
            "bbox": [
                891,
                147,
                1007,
                554
            ],
            "occluded": true,
            "num_keypoints": 16,
            "keypoints": [
                945,
                515,
                2,
                936,
                433,
                2,
                933,
                344,
                2,
                973,
                347,
                1,
                976,
                436,
                1,
                980,
                504,
                1,
                951,
                344,
                2,
                959,
                240,
                2,
                966,
                222,
                2,
                963,
                190,
                2,
                918,
                338,
                2,
                909,
                283,
                2,
                937,
                224,
                2,
                989,
                232,
                1,
                997,
                303,
                1,
                980,
                346,
                1
            ],
            "action": "stand",
            "age": "adult",
            "disabled": false,
            "mask": false,
            "get_on": false,
            "get_off": false
        },
        {
            "id": 0,
            "bbox": [
                681,
                420,
                1470,
                1075
            ],
            "occluded": true,
            "num_keypoints": 16,
            "keypoints": [
                821,
                1075,
                0,
                740,
                983,
                1,
                979,
                1012,
                2,
                1292,
                810,
                0,
                1292,
                942,
                0,
                1292,
                1075,
                0,
                986,
                1055,
                2,
                1040,
                908,
                2,
                1220,
                738,
                2,
                1246,
                549,
                2,
                812,
                926,
                2,
                1004,
                856,
                2,
                1127,
                735,
                1,
                1324,
                947,
                2,
                1372,
                605,
                0,
                1372,
                737,
                0
            ],
            "action": "sit down",
            "age": "adult",
            "disabled": false,
            "mask": false,
            "get_on": false,
            "get_off": false
        }
    ]
}