{
    "info": {
        "description": "AIHub Bus Passenger Dataset",
        "year": 2020,
        "version": "1.0",
        "img_path": "",
        "width": 1920,
        "height": 1080,
        "G-Sensor": "-33,64,953",
        "Gyro": "0,0,0"
    },
    "annotations": [
        {
            "id": 0,
            "bbox": [
                644,
                456,
                1289,
                1079
            ],
            "occluded": true,
            "num_keypoints": 16,
            "keypoints": [
                822,
                1075,
                0,
                724,
                973,
                2,
                1000,
                1006,
                2,
                1294,
                819,
                0,
                1294,
                947,
                0,
                1294,
                1075,
                0,
                1007,
                1056,
                2,
                1244,
                910,
                2,
                947,
                786,
                2,
                853,
                613,
                2,
                797,
                880,
                2,
                1007,
                880,
                1,
                1077,
                674,
                2,
                987,
                986,
                2,
                1374,
                621,
                0,
                1374,
                749,
                0
            ],
            "action": "sit down",
            "age": "adult",
            "disabled": false,
            "mask": false,
            "get_on": false,
            "get_off": false
        }
    ]
}