{
    "info": {
        "description": "AIHub Bus Passenger Dataset",
        "year": 2020,
        "version": "1.0",
        "img_path": "",
        "width": 1920,
        "height": 1080,
        "G-Sensor": "-35,66,951",
        "Gyro": "0,0,0"
    },
    "annotations": [
        {
            "id": 0,
            "bbox": [
                561,
                483,
                1486,
                1079
            ],
            "occluded": true,
            "num_keypoints": 16,
            "keypoints": [
                819,
                1075,
                0,
                722,
                973,
                2,
                975,
                1014,
                2,
                1286,
                819,
                0,
                1286,
                947,
                0,
                1286,
                1075,
                0,
                982,
                1056,
                2,
                1054,
                936,
                2,
                1199,
                844,
                2,
                1247,
                679,
                2,
                721,
                883,
                2,
                951,
                824,
                2,
                1088,
                733,
                2,
                1367,
                979,
                2,
                1365,
                621,
                0,
                1365,
                749,
                0
            ],
            "action": "sit down",
            "age": "adult",
            "disabled": false,
            "mask": false,
            "get_on": false,
            "get_off": false
        }
    ]
}