{
    "info": {
        "description": "AIHub Bus Passenger Dataset",
        "year": 2020,
        "version": "1.0",
        "img_path": "",
        "width": 1920,
        "height": 1080,
        "G-Sensor": "-31,64,951",
        "Gyro": "0,0,0"
    },
    "annotations": [
        {
            "id": 1,
            "bbox": [
                681,
                154,
                1109,
                933
            ],
            "occluded": true,
            "num_keypoints": 16,
            "keypoints": [
                820,
                872,
                1,
                829,
                709,
                1,
                861,
                556,
                2,
                759,
                562,
                2,
                760,
                737,
                1,
                749,
                913,
                1,
                803,
                543,
                2,
                811,
                375,
                2,
                814,
                256,
                2,
                820,
                196,
                2,
                1049,
                352,
                2,
                936,
                433,
                1,
                887,
                309,
                2,
                722,
                330,
                2,
                703,
                479,
                2,
                749,
                529,
                1
            ],
            "action": "walk",
            "age": "adult",
            "disabled": false,
            "mask": false,
            "get_on": false,
            "get_off": false
        },
        {
            "id": 0,
            "bbox": [
                509,
                383,
                1301,
                1079
            ],
            "occluded": true,
            "num_keypoints": 16,
            "keypoints": [
                822,
                1075,
                0,
                724,
                973,
                2,
                1000,
                1006,
                2,
                1294,
                819,
                0,
                1294,
                947,
                0,
                1294,
                1075,
                0,
                987,
                1056,
                2,
                1168,
                823,
                2,
                1040,
                657,
                2,
                996,
                490,
                2,
                704,
                879,
                2,
                876,
                799,
                2,
                1169,
                634,
                2,
                983,
                794,
                2,
                1374,
                621,
                0,
                1374,
                749,
                0
            ],
            "action": "sit down",
            "age": "adult",
            "disabled": false,
            "mask": false,
            "get_on": false,
            "get_off": false
        }
    ]
}