{
    "info": {
        "description": "AIHub Bus Passenger Dataset",
        "year": 2020,
        "version": "1.0",
        "img_path": "",
        "width": 1920,
        "height": 1080,
        "G-Sensor": "-35,66,949",
        "Gyro": "0,0,0"
    },
    "annotations": [
        {
            "id": 0,
            "bbox": [
                680,
                454,
                1463,
                1079
            ],
            "occluded": true,
            "num_keypoints": 16,
            "keypoints": [
                821,
                1075,
                0,
                726,
                983,
                2,
                979,
                1014,
                2,
                1292,
                819,
                0,
                1292,
                947,
                0,
                1292,
                1075,
                0,
                986,
                1056,
                2,
                1034,
                916,
                2,
                1217,
                813,
                2,
                1294,
                610,
                2,
                833,
                942,
                2,
                991,
                856,
                2,
                1127,
                747,
                1,
                1357,
                949,
                2,
                1372,
                621,
                0,
                1372,
                749,
                0
            ],
            "action": "sit down",
            "age": "adult",
            "disabled": false,
            "mask": false,
            "get_on": false,
            "get_off": false
        }
    ]
}