{
    "info": {
        "description": "AIHub Bus Passenger Dataset",
        "year": 2020,
        "version": "1.0",
        "img_path": "",
        "width": 1920,
        "height": 1080,
        "G-Sensor": "-35,66,951",
        "Gyro": "0,0,0"
    },
    "annotations": [
        {
            "id": 1,
            "bbox": [
                857,
                192,
                986,
                656
            ],
            "occluded": true,
            "num_keypoints": 16,
            "keypoints": [
                886,
                615,
                2,
                886,
                506,
                2,
                903,
                421,
                2,
                948,
                424,
                2,
                973,
                493,
                1,
                1007,
                536,
                1,
                924,
                424,
                2,
                922,
                325,
                2,
                926,
                270,
                2,
                920,
                240,
                2,
                879,
                404,
                2,
                880,
                347,
                2,
                898,
                288,
                2,
                967,
                294,
                2,
                974,
                362,
                1,
                969,
                414,
                1
            ],
            "action": "walk",
            "age": "adult",
            "disabled": false,
            "mask": false,
            "get_on": false,
            "get_off": false
        },
        {
            "id": 0,
            "bbox": [
                681,
                446,
                1470,
                1075
            ],
            "occluded": true,
            "num_keypoints": 16,
            "keypoints": [
                821,
                1075,
                0,
                740,
                986,
                1,
                979,
                1014,
                2,
                1292,
                819,
                0,
                1292,
                947,
                0,
                1292,
                1075,
                0,
                986,
                1056,
                2,
                1046,
                909,
                2,
                1220,
                766,
                2,
                1260,
                574,
                2,
                812,
                931,
                2,
                1004,
                864,
                2,
                1127,
                747,
                1,
                1324,
                952,
                2,
                1372,
                621,
                0,
                1372,
                749,
                0
            ],
            "action": "sit down",
            "age": "adult",
            "disabled": false,
            "mask": false,
            "get_on": false,
            "get_off": false
        }
    ]
}