{
    "info": {
        "description": "AIHub Bus Passenger Dataset",
        "year": 2020,
        "version": "1.0",
        "img_path": "",
        "width": 1920,
        "height": 1080,
        "G-Sensor": "-35,63,947",
        "Gyro": "0,0,0"
    },
    "annotations": [
        {
            "id": 0,
            "bbox": [
                569,
                689,
                1621,
                1079
            ],
            "occluded": true,
            "num_keypoints": 16,
            "keypoints": [
                823,
                1075,
                0,
                733,
                986,
                1,
                981,
                1014,
                2,
                1295,
                819,
                0,
                1295,
                947,
                0,
                1295,
                1075,
                0,
                988,
                1056,
                2,
                1085,
                1066,
                2,
                1321,
                1030,
                2,
                1441,
                899,
                2,
                553,
                914,
                0,
                866,
                917,
                2,
                1197,
                784,
                2,
                1333,
                1062,
                0,
                1375,
                621,
                0,
                1375,
                749,
                0
            ],
            "action": "sit down",
            "age": "adult",
            "disabled": false,
            "mask": false,
            "get_on": false,
            "get_off": false
        }
    ]
}