{
    "info": {
        "description": "AIHub Bus Passenger Dataset",
        "year": 2020,
        "version": "1.0",
        "img_path": "",
        "width": 1920,
        "height": 1080,
        "G-Sensor": "-35,64,949",
        "Gyro": "0,0,0"
    },
    "annotations": [
        {
            "id": 1,
            "bbox": [
                866,
                172,
                1160,
                1050
            ],
            "occluded": true,
            "num_keypoints": 16,
            "keypoints": [
                1077,
                1027,
                1,
                1054,
                880,
                1,
                1094,
                659,
                1,
                1013,
                710,
                1,
                957,
                859,
                1,
                904,
                1026,
                1,
                1059,
                662,
                1,
                1084,
                472,
                2,
                1066,
                358,
                2,
                1052,
                272,
                2,
                1100,
                396,
                1,
                1117,
                493,
                1,
                1120,
                357,
                2,
                1021,
                446,
                2,
                1000,
                629,
                2,
                906,
                622,
                2
            ],
            "action": "walk",
            "age": "adult",
            "disabled": false,
            "mask": false,
            "get_on": false,
            "get_off": false
        },
        {
            "id": 0,
            "bbox": [
                509,
                444,
                1439,
                1079
            ],
            "occluded": true,
            "num_keypoints": 16,
            "keypoints": [
                822,
                1075,
                0,
                724,
                973,
                2,
                980,
                1014,
                2,
                1294,
                819,
                0,
                1294,
                947,
                0,
                1294,
                1075,
                0,
                987,
                1056,
                2,
                1009,
                905,
                2,
                1169,
                760,
                2,
                1200,
                580,
                2,
                707,
                884,
                2,
                920,
                826,
                2,
                1107,
                754,
                1,
                1306,
                959,
                2,
                1374,
                621,
                0,
                1374,
                749,
                0
            ],
            "action": "sit down",
            "age": "adult",
            "disabled": false,
            "mask": false,
            "get_on": false,
            "get_off": false
        }
    ]
}