{
    "info": {
        "description": "AIHub Bus Passenger Dataset",
        "year": 2020,
        "version": "1.0",
        "img_path": "",
        "width": 1920,
        "height": 1080,
        "G-Sensor": "-37,64,949",
        "Gyro": "0,0,0"
    },
    "annotations": [
        {
            "id": 1,
            "bbox": [
                913,
                174,
                1025,
                536
            ],
            "occluded": true,
            "num_keypoints": 16,
            "keypoints": [
                983,
                521,
                1,
                978,
                461,
                1,
                985,
                390,
                1,
                945,
                386,
                2,
                949,
                444,
                1,
                948,
                509,
                1,
                963,
                384,
                1,
                975,
                299,
                1,
                981,
                229,
                1,
                981,
                204,
                1,
                1009,
                370,
                1,
                1009,
                324,
                1,
                1005,
                264,
                1,
                937,
                264,
                2,
                927,
                323,
                2,
                940,
                344,
                1
            ],
            "action": "walk",
            "age": "adult",
            "disabled": false,
            "mask": false,
            "get_on": false,
            "get_off": false
        },
        {
            "id": 0,
            "bbox": [
                521,
                443,
                1276,
                1079
            ],
            "occluded": true,
            "num_keypoints": 16,
            "keypoints": [
                822,
                1075,
                0,
                724,
                973,
                2,
                1000,
                1006,
                2,
                1294,
                819,
                0,
                1294,
                947,
                0,
                1294,
                1075,
                0,
                1007,
                1056,
                2,
                1224,
                951,
                2,
                957,
                790,
                2,
                891,
                592,
                2,
                709,
                886,
                2,
                859,
                862,
                1,
                1090,
                683,
                2,
                943,
                996,
                2,
                1374,
                621,
                0,
                1374,
                749,
                0
            ],
            "action": "sit down",
            "age": "adult",
            "disabled": false,
            "mask": false,
            "get_on": false,
            "get_off": false
        }
    ]
}