{
    "info": {
        "description": "AIHub Bus Passenger Dataset",
        "year": 2020,
        "version": "1.0",
        "img_path": "",
        "width": 1920,
        "height": 1080,
        "G-Sensor": "-37,64,957",
        "Gyro": "0,0,0"
    },
    "annotations": [
        {
            "id": 0,
            "bbox": [
                559,
                437,
                1486,
                1079
            ],
            "occluded": true,
            "num_keypoints": 16,
            "keypoints": [
                821,
                1075,
                0,
                723,
                973,
                2,
                979,
                1014,
                2,
                1293,
                819,
                0,
                1293,
                947,
                0,
                1293,
                1075,
                0,
                986,
                1056,
                2,
                1069,
                884,
                2,
                1270,
                770,
                2,
                1290,
                602,
                2,
                763,
                899,
                2,
                973,
                834,
                2,
                1129,
                709,
                1,
                1353,
                946,
                2,
                1373,
                621,
                0,
                1373,
                749,
                0
            ],
            "action": "sit down",
            "age": "adult",
            "disabled": false,
            "mask": false,
            "get_on": false,
            "get_off": false
        }
    ]
}