{
    "info": {
        "description": "AIHub Bus Passenger Dataset",
        "year": 2020,
        "version": "1.0",
        "img_path": "",
        "width": 1920,
        "height": 1080,
        "G-Sensor": "-35,63,947",
        "Gyro": "0,0,0"
    },
    "annotations": [
        {
            "id": 1,
            "bbox": [
                660,
                242,
                1027,
                824
            ],
            "occluded": true,
            "num_keypoints": 16,
            "keypoints": [
                743,
                770,
                1,
                773,
                673,
                2,
                749,
                606,
                2,
                821,
                600,
                2,
                796,
                683,
                1,
                786,
                814,
                1,
                780,
                600,
                2,
                770,
                466,
                2,
                771,
                370,
                2,
                771,
                300,
                2,
                692,
                527,
                1,
                671,
                474,
                2,
                698,
                391,
                2,
                842,
                383,
                2,
                911,
                440,
                2,
                983,
                421,
                2
            ],
            "action": "walk",
            "age": "adult",
            "disabled": false,
            "mask": false,
            "get_on": false,
            "get_off": false
        },
        {
            "id": 0,
            "bbox": [
                681,
                446,
                1470,
                1075
            ],
            "occluded": true,
            "num_keypoints": 16,
            "keypoints": [
                821,
                1075,
                0,
                740,
                986,
                1,
                979,
                1014,
                2,
                1292,
                819,
                0,
                1292,
                947,
                0,
                1292,
                1075,
                0,
                986,
                1056,
                2,
                1054,
                930,
                2,
                1223,
                754,
                2,
                1260,
                574,
                2,
                812,
                931,
                2,
                1004,
                864,
                2,
                1127,
                747,
                1,
                1324,
                952,
                2,
                1372,
                621,
                0,
                1372,
                749,
                0
            ],
            "action": "sit down",
            "age": "adult",
            "disabled": false,
            "mask": false,
            "get_on": false,
            "get_off": false
        }
    ]
}