{
    "info": {
        "description": "AIHub Bus Passenger Dataset",
        "year": 2020,
        "version": "1.0",
        "img_path": "",
        "width": 1920,
        "height": 1080,
        "G-Sensor": "-39,63,951",
        "Gyro": "0,0,0"
    },
    "annotations": [
        {
            "id": 1,
            "bbox": [
                711,
                162,
                1026,
                1034
            ],
            "occluded": true,
            "num_keypoints": 16,
            "keypoints": [
                814,
                1024,
                1,
                842,
                844,
                1,
                831,
                665,
                2,
                921,
                644,
                2,
                964,
                830,
                1,
                987,
                1010,
                1,
                881,
                653,
                2,
                890,
                445,
                2,
                887,
                313,
                2,
                898,
                242,
                2,
                878,
                568,
                2,
                746,
                533,
                2,
                787,
                374,
                2,
                913,
                341,
                2,
                931,
                459,
                2,
                999,
                418,
                2
            ],
            "action": "walk",
            "age": "adult",
            "disabled": false,
            "mask": false,
            "get_on": false,
            "get_off": false
        },
        {
            "id": 0,
            "bbox": [
                681,
                446,
                1470,
                1075
            ],
            "occluded": true,
            "num_keypoints": 16,
            "keypoints": [
                821,
                1075,
                0,
                740,
                986,
                1,
                979,
                1014,
                2,
                1292,
                819,
                0,
                1292,
                947,
                0,
                1292,
                1075,
                0,
                986,
                1056,
                2,
                1053,
                918,
                2,
                1223,
                754,
                2,
                1260,
                574,
                2,
                812,
                931,
                2,
                1004,
                864,
                2,
                1127,
                747,
                1,
                1324,
                952,
                2,
                1372,
                621,
                0,
                1372,
                749,
                0
            ],
            "action": "sit down",
            "age": "adult",
            "disabled": false,
            "mask": false,
            "get_on": false,
            "get_off": false
        }
    ]
}