{
    "info": {
        "description": "AIHub Bus Passenger Dataset",
        "year": 2020,
        "version": "1.0",
        "img_path": "",
        "width": 1920,
        "height": 1080,
        "G-Sensor": "-35,64,947",
        "Gyro": "0,0,0"
    },
    "annotations": [
        {
            "id": 1,
            "bbox": [
                765,
                213,
                996,
                718
            ],
            "occluded": true,
            "num_keypoints": 16,
            "keypoints": [
                846,
                703,
                1,
                882,
                607,
                2,
                874,
                495,
                1,
                814,
                489,
                2,
                817,
                602,
                2,
                807,
                689,
                1,
                847,
                492,
                1,
                838,
                372,
                2,
                854,
                292,
                2,
                872,
                245,
                2,
                969,
                496,
                1,
                920,
                432,
                1,
                896,
                339,
                2,
                803,
                322,
                2,
                783,
                413,
                2,
                814,
                457,
                2
            ],
            "action": "walk",
            "age": "adult",
            "disabled": false,
            "mask": false,
            "get_on": false,
            "get_off": false
        },
        {
            "id": 0,
            "bbox": [
                509,
                356,
                1253,
                1079
            ],
            "occluded": true,
            "num_keypoints": 16,
            "keypoints": [
                822,
                1075,
                0,
                724,
                973,
                2,
                1000,
                1006,
                2,
                1294,
                819,
                0,
                1294,
                947,
                0,
                1294,
                1075,
                0,
                1007,
                1056,
                2,
                1135,
                839,
                2,
                996,
                637,
                2,
                970,
                487,
                2,
                696,
                869,
                2,
                869,
                796,
                1,
                1130,
                597,
                2,
                947,
                823,
                2,
                1374,
                621,
                0,
                1374,
                749,
                0
            ],
            "action": "sit down",
            "age": "adult",
            "disabled": false,
            "mask": false,
            "get_on": false,
            "get_off": false
        }
    ]
}