{
    "info": {
        "description": "AIHub Bus Passenger Dataset",
        "year": 2020,
        "version": "1.0",
        "img_path": "",
        "width": 1920,
        "height": 1080,
        "G-Sensor": "-35,66,951",
        "Gyro": "0,0,0"
    },
    "annotations": [
        {
            "id": 1,
            "bbox": [
                893,
                164,
                1006,
                573
            ],
            "occluded": true,
            "num_keypoints": 16,
            "keypoints": [
                939,
                533,
                2,
                930,
                460,
                2,
                926,
                361,
                2,
                961,
                363,
                1,
                972,
                454,
                1,
                977,
                522,
                1,
                946,
                361,
                2,
                956,
                283,
                2,
                962,
                239,
                2,
                958,
                207,
                2,
                910,
                355,
                2,
                910,
                296,
                2,
                921,
                243,
                2,
                986,
                249,
                1,
                995,
                320,
                1,
                977,
                363,
                1
            ],
            "action": "walk",
            "age": "adult",
            "disabled": false,
            "mask": false,
            "get_on": false,
            "get_off": false
        },
        {
            "id": 0,
            "bbox": [
                681,
                446,
                1470,
                1075
            ],
            "occluded": true,
            "num_keypoints": 16,
            "keypoints": [
                821,
                1075,
                0,
                740,
                986,
                1,
                979,
                1014,
                2,
                1292,
                819,
                0,
                1292,
                947,
                0,
                1292,
                1075,
                0,
                986,
                1056,
                2,
                1046,
                935,
                2,
                1224,
                773,
                2,
                1263,
                580,
                2,
                812,
                931,
                2,
                1004,
                864,
                2,
                1127,
                747,
                1,
                1324,
                952,
                2,
                1372,
                621,
                0,
                1372,
                749,
                0
            ],
            "action": "sit down",
            "age": "adult",
            "disabled": false,
            "mask": false,
            "get_on": false,
            "get_off": false
        }
    ]
}