{
    "info": {
        "description": "AIHub Bus Passenger Dataset",
        "year": 2020,
        "version": "1.0",
        "img_path": "",
        "width": 1920,
        "height": 1080,
        "G-Sensor": "-35,64,949",
        "Gyro": "0,0,0"
    },
    "annotations": [
        {
            "id": 1,
            "bbox": [
                716,
                143,
                1104,
                1056
            ],
            "occluded": true,
            "num_keypoints": 16,
            "keypoints": [
                939,
                1033,
                1,
                943,
                854,
                1,
                951,
                648,
                2,
                833,
                656,
                2,
                820,
                833,
                1,
                807,
                1034,
                1,
                886,
                632,
                2,
                877,
                407,
                2,
                871,
                277,
                2,
                876,
                197,
                2,
                1068,
                341,
                2,
                1054,
                437,
                2,
                974,
                344,
                2,
                774,
                368,
                2,
                748,
                550,
                2,
                747,
                420,
                1
            ],
            "action": "walk",
            "age": "adult",
            "disabled": false,
            "mask": false,
            "get_on": false,
            "get_off": false
        },
        {
            "id": 0,
            "bbox": [
                509,
                436,
                1389,
                1079
            ],
            "occluded": true,
            "num_keypoints": 16,
            "keypoints": [
                822,
                1075,
                0,
                724,
                973,
                2,
                980,
                1014,
                2,
                1294,
                819,
                0,
                1294,
                947,
                0,
                1294,
                1075,
                0,
                987,
                1056,
                2,
                1008,
                900,
                2,
                1137,
                750,
                2,
                1121,
                570,
                2,
                704,
                879,
                2,
                926,
                817,
                2,
                1171,
                769,
                1,
                1106,
                982,
                2,
                1374,
                621,
                0,
                1374,
                749,
                0
            ],
            "action": "sit down",
            "age": "adult",
            "disabled": false,
            "mask": false,
            "get_on": false,
            "get_off": false
        }
    ]
}