{
    "info": {
        "description": "AIHub Bus Passenger Dataset",
        "year": 2020,
        "version": "1.0",
        "img_path": "",
        "width": 1920,
        "height": 1080,
        "G-Sensor": "-31,64,951",
        "Gyro": "0,0,0"
    },
    "annotations": [
        {
            "id": 1,
            "bbox": [
                712,
                207,
                997,
                763
            ],
            "occluded": true,
            "num_keypoints": 16,
            "keypoints": [
                804,
                747,
                1,
                845,
                644,
                2,
                836,
                524,
                2,
                768,
                518,
                2,
                800,
                629,
                2,
                809,
                706,
                1,
                806,
                521,
                2,
                800,
                379,
                2,
                814,
                306,
                2,
                834,
                256,
                2,
                970,
                476,
                1,
                889,
                457,
                1,
                859,
                341,
                2,
                756,
                338,
                2,
                733,
                436,
                2,
                768,
                483,
                2
            ],
            "action": "walk",
            "age": "adult",
            "disabled": false,
            "mask": false,
            "get_on": false,
            "get_off": false
        },
        {
            "id": 0,
            "bbox": [
                509,
                356,
                1253,
                1079
            ],
            "occluded": true,
            "num_keypoints": 16,
            "keypoints": [
                822,
                1075,
                0,
                724,
                973,
                2,
                1000,
                1006,
                2,
                1294,
                819,
                0,
                1294,
                947,
                0,
                1294,
                1075,
                0,
                987,
                1056,
                2,
                1108,
                786,
                2,
                993,
                597,
                2,
                960,
                457,
                2,
                696,
                869,
                2,
                869,
                796,
                1,
                1130,
                597,
                2,
                903,
                769,
                2,
                1374,
                621,
                0,
                1374,
                749,
                0
            ],
            "action": "sit down",
            "age": "adult",
            "disabled": false,
            "mask": false,
            "get_on": false,
            "get_off": false
        }
    ]
}