{
    "info": {
        "description": "AIHub Bus Passenger Dataset",
        "year": 2020,
        "version": "1.0",
        "img_path": "",
        "width": 1920,
        "height": 1080,
        "G-Sensor": "-35,64,949",
        "Gyro": "0,0,0"
    },
    "annotations": [
        {
            "id": 1,
            "bbox": [
                1073,
                171,
                1379,
                1014
            ],
            "occluded": true,
            "num_keypoints": 16,
            "keypoints": [
                1133,
                976,
                1,
                1156,
                799,
                1,
                1200,
                599,
                1,
                1266,
                617,
                1,
                1271,
                834,
                1,
                1309,
                1003,
                1,
                1236,
                600,
                1,
                1218,
                500,
                1,
                1273,
                346,
                2,
                1259,
                260,
                2,
                1134,
                367,
                2,
                1180,
                439,
                2,
                1239,
                406,
                2,
                1310,
                434,
                1,
                1326,
                564,
                1,
                1297,
                689,
                1
            ],
            "action": "walk",
            "age": "adult",
            "disabled": false,
            "mask": false,
            "get_on": false,
            "get_off": false
        },
        {
            "id": 0,
            "bbox": [
                511,
                444,
                1441,
                1079
            ],
            "occluded": true,
            "num_keypoints": 16,
            "keypoints": [
                824,
                1075,
                0,
                726,
                973,
                2,
                982,
                1014,
                2,
                1296,
                819,
                0,
                1296,
                947,
                0,
                1296,
                1075,
                0,
                989,
                1056,
                2,
                1015,
                901,
                2,
                1171,
                760,
                2,
                1202,
                580,
                2,
                709,
                884,
                2,
                922,
                826,
                2,
                1109,
                754,
                1,
                1308,
                959,
                2,
                1376,
                621,
                0,
                1376,
                749,
                0
            ],
            "action": "sit down",
            "age": "adult",
            "disabled": false,
            "mask": false,
            "get_on": false,
            "get_off": false
        }
    ]
}