{
    "info": {
        "description": "AIHub Bus Passenger Dataset",
        "year": 2020,
        "version": "1.0",
        "img_path": "",
        "width": 1920,
        "height": 1080,
        "G-Sensor": "-27,-64,922",
        "Gyro": "0,0,0"
    },
    "annotations": [
        {
            "id": 2,
            "bbox": [
                180,
                336,
                379,
                885
            ],
            "occluded": true,
            "num_keypoints": 16,
            "keypoints": [
                301,
                831,
                1,
                288,
                725,
                1,
                268,
                620,
                1,
                309,
                604,
                1,
                338,
                696,
                1,
                357,
                790,
                1,
                292,
                619,
                2,
                268,
                512,
                2,
                248,
                438,
                2,
                239,
                388,
                2,
                247,
                583,
                1,
                220,
                568,
                1,
                212,
                467,
                1,
                284,
                440,
                2,
                303,
                506,
                2,
                317,
                514,
                2
            ],
            "action": "walk",
            "age": "adult",
            "disabled": false,
            "mask": true,
            "get_on": true,
            "get_off": false
        }
    ]
}