{
    "info": {
        "description": "AIHub Bus Passenger Dataset",
        "year": 2020,
        "version": "1.0",
        "img_path": "",
        "width": 1920,
        "height": 1080,
        "G-Sensor": "-25,-55,957",
        "Gyro": "0,0,0"
    },
    "annotations": [
        {
            "id": 3,
            "bbox": [
                487,
                47,
                875,
                993
            ],
            "occluded": true,
            "num_keypoints": 16,
            "keypoints": [
                520,
                923,
                1,
                587,
                831,
                2,
                590,
                583,
                1,
                655,
                546,
                1,
                750,
                763,
                1,
                630,
                798,
                1,
                625,
                562,
                1,
                631,
                379,
                2,
                676,
                195,
                2,
                702,
                136,
                2,
                683,
                528,
                2,
                560,
                488,
                2,
                563,
                275,
                2,
                675,
                235,
                1,
                699,
                381,
                2,
                698,
                488,
                1
            ],
            "action": "walk",
            "age": "adult",
            "disabled": false,
            "mask": true,
            "get_on": true,
            "get_off": false
        }
    ]
}