{
    "info": {
        "description": "AIHub Bus Passenger Dataset",
        "year": 2020,
        "version": "1.0",
        "img_path": "",
        "width": 1920,
        "height": 1080,
        "G-Sensor": "-25,-55,957",
        "Gyro": "0,0,0"
    },
    "annotations": [
        {
            "id": 3,
            "bbox": [
                597,
                20,
                958,
                893
            ],
            "occluded": true,
            "num_keypoints": 16,
            "keypoints": [
                652,
                844,
                2,
                773,
                746,
                1,
                771,
                540,
                1,
                790,
                491,
                1,
                790,
                684,
                1,
                800,
                810,
                2,
                778,
                520,
                1,
                789,
                348,
                1,
                835,
                158,
                2,
                855,
                112,
                2,
                878,
                440,
                2,
                775,
                442,
                1,
                747,
                213,
                2,
                838,
                191,
                1,
                849,
                376,
                1,
                872,
                419,
                1
            ],
            "action": "walk",
            "age": "adult",
            "disabled": false,
            "mask": true,
            "get_on": true,
            "get_off": false
        }
    ]
}