{
    "info": {
        "description": "AIHub Bus Passenger Dataset",
        "year": 2020,
        "version": "1.0",
        "img_path": "",
        "width": 1920,
        "height": 1080,
        "G-Sensor": "-47,-64,934",
        "Gyro": "0,0,0"
    },
    "annotations": [
        {
            "id": 2,
            "bbox": [
                345,
                283,
                690,
                1035
            ],
            "occluded": true,
            "num_keypoints": 16,
            "keypoints": [
                462,
                993,
                1,
                452,
                851,
                1,
                435,
                717,
                1,
                481,
                684,
                2,
                546,
                820,
                1,
                541,
                950,
                1,
                449,
                707,
                2,
                431,
                566,
                2,
                427,
                416,
                2,
                417,
                340,
                2,
                600,
                549,
                2,
                480,
                581,
                2,
                374,
                476,
                2,
                455,
                428,
                1,
                498,
                539,
                1,
                506,
                645,
                1
            ],
            "action": "walk",
            "age": "adult",
            "disabled": false,
            "mask": true,
            "get_on": true,
            "get_off": false
        },
        {
            "id": 1,
            "bbox": [
                156,
                299,
                355,
                861
            ],
            "occluded": true,
            "num_keypoints": 16,
            "keypoints": [
                288,
                820,
                1,
                281,
                714,
                1,
                247,
                608,
                2,
                288,
                593,
                2,
                316,
                716,
                1,
                310,
                781,
                1,
                271,
                608,
                2,
                253,
                506,
                2,
                241,
                406,
                2,
                237,
                348,
                2,
                238,
                556,
                2,
                185,
                557,
                1,
                188,
                428,
                1,
                272,
                401,
                2,
                298,
                495,
                2,
                330,
                552,
                2
            ],
            "action": "walk",
            "age": "adult",
            "disabled": false,
            "mask": true,
            "get_on": true,
            "get_off": false
        }
    ]
}