{
    "info": {
        "description": "AIHub Bus Passenger Dataset",
        "year": 2020,
        "version": "1.0",
        "img_path": "",
        "width": 1920,
        "height": 1080,
        "G-Sensor": "-59,-51,943",
        "Gyro": "0,0,0"
    },
    "annotations": [
        {
            "id": 3,
            "bbox": [
                287,
                279,
                531,
                999
            ],
            "occluded": true,
            "num_keypoints": 16,
            "keypoints": [
                436,
                955,
                1,
                428,
                828,
                1,
                415,
                688,
                1,
                475,
                667,
                1,
                512,
                825,
                1,
                459,
                811,
                1,
                441,
                667,
                1,
                422,
                561,
                2,
                408,
                424,
                2,
                411,
                369,
                2,
                411,
                665,
                1,
                333,
                638,
                2,
                308,
                475,
                2,
                455,
                434,
                2,
                466,
                569,
                2,
                493,
                644,
                2
            ],
            "action": "walk",
            "age": "adult",
            "disabled": false,
            "mask": true,
            "get_on": true,
            "get_off": false
        }
    ]
}