{
    "info": {
        "description": "AIHub Bus Passenger Dataset",
        "year": 2020,
        "version": "1.0",
        "img_path": "",
        "width": 1920,
        "height": 1080,
        "G-Sensor": "-47,-64,934",
        "Gyro": "0,0,0"
    },
    "annotations": [
        {
            "id": 2,
            "bbox": [
                353,
                204,
                726,
                1039
            ],
            "occluded": true,
            "num_keypoints": 16,
            "keypoints": [
                510,
                997,
                1,
                515,
                856,
                1,
                471,
                648,
                1,
                515,
                612,
                1,
                556,
                822,
                1,
                565,
                938,
                1,
                491,
                631,
                2,
                468,
                509,
                1,
                448,
                357,
                2,
                456,
                275,
                2,
                637,
                544,
                2,
                508,
                565,
                2,
                419,
                449,
                2,
                475,
                373,
                1,
                519,
                487,
                1,
                535,
                602,
                1
            ],
            "action": "walk",
            "age": "adult",
            "disabled": false,
            "mask": true,
            "get_on": true,
            "get_off": false
        },
        {
            "id": 1,
            "bbox": [
                181,
                318,
                386,
                871
            ],
            "occluded": true,
            "num_keypoints": 16,
            "keypoints": [
                299,
                795,
                1,
                330,
                753,
                1,
                271,
                637,
                2,
                321,
                625,
                2,
                334,
                731,
                1,
                344,
                838,
                1,
                296,
                629,
                2,
                279,
                504,
                2,
                266,
                436,
                2,
                257,
                371,
                2,
                267,
                582,
                2,
                211,
                587,
                1,
                207,
                457,
                2,
                297,
                420,
                2,
                324,
                520,
                2,
                349,
                580,
                2
            ],
            "action": "walk",
            "age": "adult",
            "disabled": false,
            "mask": true,
            "get_on": true,
            "get_off": false
        }
    ]
}