{
    "info": {
        "description": "AIHub Bus Passenger Dataset",
        "year": 2020,
        "version": "1.0",
        "img_path": "",
        "width": 1920,
        "height": 1080,
        "G-Sensor": "-25,-55,957",
        "Gyro": "0,0,0"
    },
    "annotations": [
        {
            "id": 3,
            "bbox": [
                435,
                55,
                730,
                993
            ],
            "occluded": true,
            "num_keypoints": 16,
            "keypoints": [
                569,
                881,
                2,
                557,
                755,
                1,
                553,
                555,
                2,
                581,
                532,
                1,
                636,
                763,
                1,
                495,
                798,
                1,
                569,
                541,
                1,
                573,
                381,
                2,
                583,
                191,
                2,
                618,
                152,
                2,
                631,
                539,
                2,
                493,
                487,
                2,
                519,
                251,
                2,
                599,
                236,
                1,
                624,
                375,
                2,
                633,
                505,
                1
            ],
            "action": "walk",
            "age": "adult",
            "disabled": false,
            "mask": true,
            "get_on": true,
            "get_off": false
        }
    ]
}