{
    "info": {
        "description": "AIHub Bus Passenger Dataset",
        "year": 2020,
        "version": "1.0",
        "img_path": "",
        "width": 1920,
        "height": 1080,
        "G-Sensor": "-41,-59,941",
        "Gyro": "0,0,0"
    },
    "annotations": [
        {
            "id": 2,
            "bbox": [
                475,
                54,
                871,
                969
            ],
            "occluded": true,
            "num_keypoints": 16,
            "keypoints": [
                562,
                910,
                2,
                599,
                776,
                1,
                549,
                568,
                2,
                578,
                533,
                1,
                721,
                692,
                2,
                770,
                818,
                2,
                575,
                580,
                2,
                559,
                386,
                2,
                589,
                220,
                2,
                633,
                116,
                2,
                762,
                387,
                2,
                665,
                444,
                2,
                613,
                285,
                2,
                529,
                223,
                1,
                598,
                318,
                1,
                652,
                293,
                1
            ],
            "action": "walk",
            "age": "adult",
            "disabled": false,
            "mask": true,
            "get_on": true,
            "get_off": false
        },
        {
            "id": 1,
            "bbox": [
                230,
                278,
                519,
                1014
            ],
            "occluded": true,
            "num_keypoints": 16,
            "keypoints": [
                421,
                955,
                1,
                388,
                812,
                1,
                334,
                654,
                1,
                392,
                632,
                1,
                490,
                763,
                2,
                486,
                913,
                1,
                371,
                653,
                1,
                349,
                512,
                2,
                337,
                427,
                2,
                319,
                343,
                2,
                315,
                629,
                2,
                278,
                633,
                2,
                251,
                481,
                2,
                373,
                418,
                2,
                382,
                536,
                2,
                444,
                620,
                2
            ],
            "action": "walk",
            "age": "adult",
            "disabled": false,
            "mask": true,
            "get_on": true,
            "get_off": false
        },
        {
            "id": 3,
            "bbox": [
                90,
                341,
                281,
                834
            ],
            "occluded": true,
            "num_keypoints": 16,
            "keypoints": [
                228,
                788,
                1,
                207,
                716,
                1,
                175,
                619,
                2,
                225,
                582,
                2,
                256,
                688,
                1,
                266,
                794,
                1,
                194,
                598,
                2,
                182,
                528,
                1,
                174,
                438,
                1,
                172,
                394,
                2,
                141,
                612,
                1,
                125,
                557,
                1,
                109,
                451,
                1,
                193,
                419,
                2,
                230,
                520,
                1,
                262,
                582,
                2
            ],
            "action": "stand",
            "age": "adult",
            "disabled": false,
            "mask": true,
            "get_on": true,
            "get_off": false
        }
    ]
}