{
    "info": {
        "description": "AIHub Bus Passenger Dataset",
        "year": 2020,
        "version": "1.0",
        "img_path": "",
        "width": 1920,
        "height": 1080,
        "G-Sensor": "-37,-64,945",
        "Gyro": "0,0,0"
    },
    "annotations": [
        {
            "id": 1,
            "bbox": [
                333,
                125,
                737,
                1035
            ],
            "occluded": true,
            "num_keypoints": 16,
            "keypoints": [
                565,
                875,
                1,
                557,
                742,
                1,
                393,
                619,
                2,
                448,
                581,
                2,
                496,
                778,
                1,
                474,
                935,
                1,
                418,
                592,
                2,
                435,
                437,
                2,
                453,
                287,
                2,
                453,
                193,
                2,
                630,
                512,
                2,
                464,
                527,
                2,
                364,
                350,
                2,
                487,
                290,
                1,
                490,
                397,
                1,
                502,
                429,
                1
            ],
            "action": "walk",
            "age": "adult",
            "disabled": false,
            "mask": true,
            "get_on": true,
            "get_off": false
        },
        {
            "id": 3,
            "bbox": [
                177,
                342,
                397,
                855
            ],
            "occluded": true,
            "num_keypoints": 16,
            "keypoints": [
                309,
                803,
                1,
                297,
                738,
                1,
                281,
                628,
                2,
                322,
                612,
                2,
                334,
                729,
                1,
                346,
                800,
                1,
                304,
                623,
                2,
                288,
                531,
                2,
                269,
                447,
                2,
                264,
                393,
                2,
                257,
                588,
                2,
                218,
                573,
                2,
                203,
                462,
                2,
                314,
                431,
                2,
                343,
                514,
                1,
                325,
                546,
                2
            ],
            "action": "walk",
            "age": "adult",
            "disabled": false,
            "mask": true,
            "get_on": true,
            "get_off": false
        }
    ]
}