{
    "info": {
        "description": "AIHub Bus Passenger Dataset",
        "year": 2020,
        "version": "1.0",
        "img_path": "",
        "width": 1920,
        "height": 1080,
        "G-Sensor": "-47,-64,934",
        "Gyro": "0,0,0"
    },
    "annotations": [
        {
            "id": 2,
            "bbox": [
                288,
                333,
                587,
                948
            ],
            "occluded": true,
            "num_keypoints": 16,
            "keypoints": [
                487,
                903,
                1,
                474,
                801,
                1,
                424,
                684,
                1,
                466,
                641,
                2,
                498,
                751,
                1,
                547,
                898,
                1,
                450,
                670,
                2,
                412,
                567,
                2,
                375,
                456,
                2,
                360,
                394,
                2,
                425,
                596,
                2,
                351,
                626,
                2,
                319,
                510,
                2,
                410,
                460,
                2,
                433,
                535,
                2,
                441,
                517,
                2
            ],
            "action": "walk",
            "age": "adult",
            "disabled": false,
            "mask": true,
            "get_on": true,
            "get_off": false
        },
        {
            "id": 1,
            "bbox": [
                123,
                301,
                360,
                878
            ],
            "occluded": true,
            "num_keypoints": 16,
            "keypoints": [
                233,
                791,
                1,
                243,
                719,
                1,
                220,
                601,
                2,
                265,
                584,
                2,
                300,
                721,
                1,
                331,
                820,
                1,
                246,
                598,
                2,
                216,
                480,
                1,
                202,
                406,
                2,
                199,
                351,
                2,
                213,
                550,
                2,
                165,
                555,
                1,
                150,
                444,
                1,
                234,
                399,
                2,
                255,
                482,
                2,
                288,
                543,
                2
            ],
            "action": "walk",
            "age": "adult",
            "disabled": false,
            "mask": true,
            "get_on": true,
            "get_off": false
        }
    ]
}