{
    "info": {
        "description": "AIHub Bus Passenger Dataset",
        "year": 2020,
        "version": "1.0",
        "img_path": "",
        "width": 1920,
        "height": 1080,
        "G-Sensor": "-39,-47,938",
        "Gyro": "0,0,0"
    },
    "annotations": [
        {
            "id": 2,
            "bbox": [
                201,
                361,
                443,
                925
            ],
            "occluded": true,
            "num_keypoints": 16,
            "keypoints": [
                376,
                871,
                1,
                334,
                763,
                1,
                305,
                664,
                2,
                350,
                627,
                1,
                393,
                738,
                1,
                425,
                825,
                1,
                332,
                645,
                2,
                297,
                540,
                2,
                273,
                463,
                2,
                269,
                424,
                2,
                261,
                611,
                2,
                235,
                608,
                1,
                217,
                517,
                2,
                300,
                453,
                2,
                320,
                523,
                2,
                336,
                530,
                2
            ],
            "action": "walk",
            "age": "adult",
            "disabled": false,
            "mask": true,
            "get_on": true,
            "get_off": false
        },
        {
            "id": 1,
            "bbox": [
                111,
                278,
                268,
                751
            ],
            "occluded": true,
            "num_keypoints": 16,
            "keypoints": [
                195,
                718,
                1,
                207,
                629,
                1,
                185,
                553,
                1,
                224,
                527,
                1,
                251,
                605,
                1,
                259,
                697,
                1,
                204,
                536,
                2,
                186,
                425,
                2,
                176,
                366,
                2,
                172,
                313,
                2,
                171,
                471,
                1,
                139,
                493,
                1,
                139,
                386,
                2,
                209,
                365,
                2,
                238,
                438,
                1,
                243,
                504,
                1
            ],
            "action": "walk",
            "age": "adult",
            "disabled": false,
            "mask": true,
            "get_on": true,
            "get_off": false
        }
    ]
}