{
    "info": {
        "description": "AIHub Bus Passenger Dataset",
        "year": 2020,
        "version": "1.0",
        "img_path": "",
        "width": 1920,
        "height": 1080,
        "G-Sensor": "-41,-59,941",
        "Gyro": "0,0,0"
    },
    "annotations": [
        {
            "id": 2,
            "bbox": [
                394,
                169,
                733,
                984
            ],
            "occluded": true,
            "num_keypoints": 16,
            "keypoints": [
                575,
                900,
                2,
                637,
                759,
                1,
                497,
                676,
                2,
                515,
                631,
                1,
                515,
                801,
                1,
                513,
                935,
                1,
                505,
                650,
                2,
                510,
                537,
                1,
                513,
                338,
                2,
                512,
                262,
                2,
                643,
                556,
                2,
                516,
                593,
                2,
                476,
                430,
                2,
                524,
                342,
                1,
                525,
                507,
                1,
                556,
                431,
                2
            ],
            "action": "walk",
            "age": "adult",
            "disabled": false,
            "mask": true,
            "get_on": true,
            "get_off": false
        },
        {
            "id": 1,
            "bbox": [
                201,
                316,
                397,
                919
            ],
            "occluded": true,
            "num_keypoints": 16,
            "keypoints": [
                322,
                887,
                1,
                315,
                816,
                1,
                291,
                662,
                2,
                338,
                623,
                2,
                357,
                766,
                1,
                363,
                873,
                1,
                312,
                641,
                2,
                294,
                548,
                2,
                287,
                437,
                2,
                275,
                387,
                2,
                280,
                614,
                2,
                240,
                628,
                1,
                238,
                494,
                2,
                322,
                422,
                2,
                349,
                538,
                2,
                380,
                607,
                2
            ],
            "action": "stand",
            "age": "adult",
            "disabled": false,
            "mask": true,
            "get_on": true,
            "get_off": false
        }
    ]
}