{
    "info": {
        "description": "AIHub Bus Passenger Dataset",
        "year": 2020,
        "version": "1.0",
        "img_path": "",
        "width": 1920,
        "height": 1080,
        "G-Sensor": "-39,-47,938",
        "Gyro": "0,0,0"
    },
    "annotations": [
        {
            "id": 2,
            "bbox": [
                260,
                327,
                537,
                917
            ],
            "occluded": true,
            "num_keypoints": 16,
            "keypoints": [
                448,
                886,
                1,
                420,
                779,
                1,
                395,
                646,
                1,
                433,
                620,
                2,
                483,
                753,
                1,
                509,
                847,
                1,
                424,
                646,
                1,
                382,
                534,
                2,
                344,
                445,
                2,
                327,
                391,
                2,
                368,
                602,
                2,
                329,
                630,
                2,
                285,
                518,
                2,
                374,
                470,
                2,
                398,
                528,
                2,
                405,
                519,
                2
            ],
            "action": "walk",
            "age": "adult",
            "disabled": false,
            "mask": true,
            "get_on": true,
            "get_off": false
        },
        {
            "id": 1,
            "bbox": [
                78,
                298,
                325,
                875
            ],
            "occluded": true,
            "num_keypoints": 16,
            "keypoints": [
                215,
                830,
                1,
                194,
                704,
                1,
                177,
                590,
                2,
                223,
                571,
                2,
                257,
                671,
                1,
                294,
                808,
                1,
                202,
                588,
                1,
                169,
                470,
                1,
                154,
                399,
                1,
                147,
                352,
                1,
                171,
                546,
                1,
                118,
                553,
                1,
                104,
                423,
                1,
                185,
                396,
                2,
                204,
                483,
                2,
                230,
                534,
                2
            ],
            "action": "walk",
            "age": "adult",
            "disabled": false,
            "mask": true,
            "get_on": true,
            "get_off": false
        }
    ]
}