{
    "info": {
        "description": "AIHub Bus Passenger Dataset",
        "year": 2020,
        "version": "1.0",
        "img_path": "",
        "width": 1920,
        "height": 1080,
        "G-Sensor": "-51,-49,936",
        "Gyro": "0,0,0"
    },
    "annotations": [
        {
            "id": 1,
            "bbox": [
                436,
                2,
                738,
                953
            ],
            "occluded": true,
            "num_keypoints": 16,
            "keypoints": [
                562,
                885,
                2,
                553,
                719,
                1,
                538,
                499,
                2,
                581,
                457,
                1,
                653,
                675,
                1,
                617,
                819,
                2,
                561,
                478,
                1,
                545,
                298,
                1,
                598,
                114,
                2,
                632,
                58,
                2,
                639,
                473,
                2,
                462,
                428,
                2,
                518,
                135,
                2,
                591,
                147,
                1,
                578,
                347,
                1,
                638,
                439,
                2
            ],
            "action": "walk",
            "age": "adult",
            "disabled": false,
            "mask": true,
            "get_on": true,
            "get_off": false
        },
        {
            "id": 3,
            "bbox": [
                214,
                387,
                485,
                974
            ],
            "occluded": true,
            "num_keypoints": 16,
            "keypoints": [
                396,
                916,
                1,
                376,
                821,
                1,
                336,
                692,
                1,
                389,
                658,
                1,
                448,
                790,
                1,
                462,
                890,
                1,
                362,
                672,
                1,
                332,
                597,
                2,
                305,
                514,
                2,
                292,
                471,
                2,
                316,
                714,
                1,
                270,
                656,
                2,
                237,
                546,
                2,
                357,
                459,
                2,
                408,
                569,
                2,
                425,
                641,
                1
            ],
            "action": "walk",
            "age": "adult",
            "disabled": false,
            "mask": true,
            "get_on": true,
            "get_off": false
        }
    ]
}