{
    "info": {
        "description": "AIHub Bus Passenger Dataset",
        "year": 2020,
        "version": "1.0",
        "img_path": "",
        "width": 1920,
        "height": 1080,
        "G-Sensor": "-37,-64,945",
        "Gyro": "0,0,0"
    },
    "annotations": [
        {
            "id": 2,
            "bbox": [
                583,
                62,
                953,
                948
            ],
            "occluded": true,
            "num_keypoints": 16,
            "keypoints": [
                841,
                816,
                2,
                841,
                710,
                2,
                769,
                562,
                1,
                677,
                554,
                2,
                725,
                767,
                1,
                638,
                852,
                2,
                718,
                560,
                2,
                719,
                348,
                2,
                747,
                201,
                2,
                766,
                127,
                2,
                912,
                347,
                2,
                849,
                395,
                2,
                836,
                261,
                2,
                683,
                217,
                2,
                656,
                365,
                2,
                784,
                265,
                1
            ],
            "action": "walk",
            "age": "adult",
            "disabled": false,
            "mask": true,
            "get_on": true,
            "get_off": false
        },
        {
            "id": 1,
            "bbox": [
                276,
                193,
                579,
                999
            ],
            "occluded": true,
            "num_keypoints": 16,
            "keypoints": [
                435,
                938,
                1,
                413,
                800,
                1,
                359,
                647,
                1,
                424,
                613,
                1,
                509,
                792,
                1,
                456,
                876,
                1,
                390,
                628,
                1,
                381,
                488,
                2,
                377,
                347,
                2,
                384,
                279,
                2,
                438,
                575,
                2,
                330,
                588,
                2,
                299,
                404,
                2,
                423,
                357,
                2,
                425,
                478,
                2,
                469,
                579,
                1
            ],
            "action": "walk",
            "age": "adult",
            "disabled": false,
            "mask": true,
            "get_on": true,
            "get_off": false
        },
        {
            "id": 3,
            "bbox": [
                141,
                352,
                361,
                833
            ],
            "occluded": true,
            "num_keypoints": 16,
            "keypoints": [
                292,
                808,
                1,
                284,
                720,
                1,
                247,
                617,
                2,
                290,
                596,
                2,
                318,
                720,
                1,
                347,
                792,
                1,
                267,
                604,
                2,
                243,
                517,
                2,
                229,
                451,
                2,
                222,
                400,
                2,
                200,
                631,
                2,
                174,
                563,
                2,
                165,
                478,
                1,
                255,
                435,
                2,
                287,
                507,
                2,
                297,
                573,
                1
            ],
            "action": "walk",
            "age": "adult",
            "disabled": false,
            "mask": true,
            "get_on": true,
            "get_off": false
        }
    ]
}