{
    "info": {
        "description": "AIHub Bus Passenger Dataset",
        "year": 2020,
        "version": "1.0",
        "img_path": "",
        "width": 1920,
        "height": 1080,
        "G-Sensor": "-51,-49,936",
        "Gyro": "0,0,0"
    },
    "annotations": [
        {
            "id": 1,
            "bbox": [
                393,
                21,
                734,
                956
            ],
            "occluded": true,
            "num_keypoints": 16,
            "keypoints": [
                566,
                882,
                2,
                565,
                725,
                1,
                459,
                552,
                2,
                512,
                528,
                1,
                552,
                728,
                1,
                481,
                800,
                1,
                484,
                538,
                2,
                486,
                362,
                2,
                526,
                170,
                2,
                562,
                89,
                2,
                643,
                490,
                2,
                471,
                481,
                2,
                440,
                263,
                2,
                541,
                220,
                1,
                537,
                393,
                1,
                561,
                469,
                1
            ],
            "action": "walk",
            "age": "adult",
            "disabled": false,
            "mask": true,
            "get_on": true,
            "get_off": false
        },
        {
            "id": 3,
            "bbox": [
                200,
                376,
                431,
                911
            ],
            "occluded": true,
            "num_keypoints": 16,
            "keypoints": [
                344,
                837,
                1,
                341,
                751,
                1,
                300,
                666,
                2,
                353,
                638,
                1,
                390,
                747,
                1,
                415,
                836,
                1,
                328,
                648,
                1,
                303,
                569,
                2,
                290,
                488,
                2,
                280,
                439,
                2,
                291,
                635,
                2,
                239,
                608,
                2,
                221,
                511,
                2,
                344,
                459,
                2,
                377,
                538,
                2,
                362,
                593,
                2
            ],
            "action": "walk",
            "age": "adult",
            "disabled": false,
            "mask": true,
            "get_on": true,
            "get_off": false
        }
    ]
}