{
    "info": {
        "description": "AIHub Bus Passenger Dataset",
        "year": 2020,
        "version": "1.0",
        "img_path": "",
        "width": 1920,
        "height": 1080,
        "G-Sensor": "-39,-47,938",
        "Gyro": "0,0,0"
    },
    "annotations": [
        {
            "id": 2,
            "bbox": [
                248,
                376,
                500,
                952
            ],
            "occluded": true,
            "num_keypoints": 16,
            "keypoints": [
                364,
                896,
                1,
                398,
                814,
                1,
                355,
                684,
                1,
                392,
                645,
                1,
                416,
                781,
                1,
                431,
                891,
                1,
                371,
                662,
                1,
                347,
                558,
                2,
                324,
                485,
                2,
                310,
                432,
                2,
                316,
                648,
                2,
                290,
                665,
                2,
                274,
                538,
                2,
                349,
                487,
                2,
                367,
                555,
                2,
                384,
                549,
                2
            ],
            "action": "walk",
            "age": "adult",
            "disabled": false,
            "mask": true,
            "get_on": true,
            "get_off": false
        },
        {
            "id": 1,
            "bbox": [
                82,
                287,
                297,
                826
            ],
            "occluded": true,
            "num_keypoints": 16,
            "keypoints": [
                176,
                774,
                1,
                181,
                688,
                1,
                171,
                565,
                2,
                221,
                555,
                2,
                266,
                641,
                1,
                252,
                743,
                1,
                193,
                563,
                1,
                171,
                464,
                1,
                148,
                392,
                1,
                140,
                341,
                1,
                152,
                506,
                1,
                115,
                514,
                1,
                104,
                417,
                2,
                179,
                388,
                2,
                205,
                463,
                2,
                215,
                509,
                2
            ],
            "action": "walk",
            "age": "adult",
            "disabled": false,
            "mask": true,
            "get_on": true,
            "get_off": false
        }
    ]
}