{
    "info": {
        "description": "AIHub Bus Passenger Dataset",
        "year": 2020,
        "version": "1.0",
        "img_path": "",
        "width": 1920,
        "height": 1080,
        "G-Sensor": "-51,-49,936",
        "Gyro": "0,0,0"
    },
    "annotations": [
        {
            "id": 1,
            "bbox": [
                533,
                0,
                889,
                979
            ],
            "occluded": true,
            "num_keypoints": 16,
            "keypoints": [
                562,
                865,
                1,
                684,
                710,
                1,
                633,
                467,
                2,
                641,
                442,
                1,
                747,
                648,
                1,
                797,
                788,
                2,
                626,
                442,
                2,
                638,
                311,
                2,
                718,
                108,
                2,
                745,
                52,
                2,
                780,
                372,
                2,
                640,
                417,
                2,
                676,
                188,
                2,
                675,
                120,
                1,
                684,
                356,
                1,
                721,
                404,
                1
            ],
            "action": "walk",
            "age": "adult",
            "disabled": false,
            "mask": true,
            "get_on": true,
            "get_off": false
        },
        {
            "id": 3,
            "bbox": [
                237,
                365,
                541,
                1012
            ],
            "occluded": true,
            "num_keypoints": 16,
            "keypoints": [
                422,
                944,
                1,
                425,
                845,
                1,
                352,
                691,
                1,
                408,
                671,
                1,
                493,
                790,
                1,
                508,
                924,
                1,
                381,
                675,
                1,
                359,
                609,
                2,
                353,
                499,
                2,
                348,
                448,
                2,
                336,
                744,
                1,
                265,
                648,
                2,
                257,
                544,
                2,
                393,
                466,
                2,
                412,
                584,
                2,
                438,
                655,
                1
            ],
            "action": "walk",
            "age": "adult",
            "disabled": false,
            "mask": true,
            "get_on": true,
            "get_off": false
        }
    ]
}