{
    "info": {
        "description": "AIHub Bus Passenger Dataset",
        "year": 2020,
        "version": "1.0",
        "img_path": "",
        "width": 1920,
        "height": 1080,
        "G-Sensor": "-59,-51,943",
        "Gyro": "0,0,0"
    },
    "annotations": [
        {
            "id": 3,
            "bbox": [
                395,
                145,
                725,
                963
            ],
            "occluded": true,
            "num_keypoints": 16,
            "keypoints": [
                573,
                881,
                2,
                614,
                784,
                1,
                492,
                649,
                2,
                508,
                604,
                2,
                503,
                782,
                1,
                477,
                915,
                1,
                501,
                624,
                2,
                509,
                462,
                1,
                539,
                302,
                2,
                558,
                245,
                2,
                646,
                561,
                2,
                461,
                569,
                2,
                463,
                354,
                2,
                571,
                331,
                1,
                588,
                452,
                1,
                586,
                511,
                1
            ],
            "action": "walk",
            "age": "adult",
            "disabled": false,
            "mask": true,
            "get_on": true,
            "get_off": false
        }
    ]
}