{
    "info": {
        "description": "AIHub Bus Passenger Dataset",
        "year": 2020,
        "version": "1.0",
        "img_path": "",
        "width": 1920,
        "height": 1080,
        "G-Sensor": "-41,-59,941",
        "Gyro": "0,0,0"
    },
    "annotations": [
        {
            "id": 2,
            "bbox": [
                415,
                50,
                718,
                975
            ],
            "occluded": true,
            "num_keypoints": 16,
            "keypoints": [
                575,
                917,
                2,
                606,
                804,
                1,
                537,
                626,
                2,
                543,
                567,
                1,
                607,
                760,
                1,
                499,
                819,
                1,
                532,
                598,
                1,
                538,
                433,
                2,
                522,
                208,
                2,
                536,
                113,
                2,
                627,
                504,
                2,
                488,
                484,
                2,
                473,
                308,
                2,
                539,
                235,
                1,
                562,
                379,
                1,
                582,
                305,
                1
            ],
            "action": "walk",
            "age": "adult",
            "disabled": false,
            "mask": true,
            "get_on": true,
            "get_off": false
        },
        {
            "id": 1,
            "bbox": [
                207,
                277,
                448,
                953
            ],
            "occluded": true,
            "num_keypoints": 16,
            "keypoints": [
                349,
                901,
                1,
                332,
                813,
                1,
                310,
                667,
                2,
                356,
                620,
                2,
                424,
                764,
                1,
                430,
                887,
                1,
                334,
                638,
                2,
                315,
                520,
                2,
                308,
                419,
                2,
                293,
                350,
                2,
                287,
                607,
                2,
                244,
                612,
                1,
                230,
                476,
                2,
                341,
                410,
                2,
                359,
                526,
                2,
                398,
                596,
                2
            ],
            "action": "walk",
            "age": "adult",
            "disabled": false,
            "mask": true,
            "get_on": true,
            "get_off": false
        }
    ]
}